creator,brief_type,brief_type_name,confidence,videos,transcript_videos,top_hooks,total_gmv
alexffinds,C,Show-and-Tell / Reveal,low,2,1,Curiosity Gap (1); Bold / Shocking Claim (1),72565.3
chloes_cart,A,Relatable Parent,medium,15,1,Problem / Pain Point (2); Social Proof / Results (2); Curiosity Gap (1),60610.23
schmeglysrevenge,B,Promo / Hype Seller,low,10,4,Bold / Shocking Claim (1); Direct Question (1); Curiosity Gap (1),43158.9
monica_leanne,A,Relatable Parent,medium,17,10,Direct Question (3); Story / Personal Experience (2); Curiosity Gap (2),36651.55
flytywalt,B,Promo / Hype Seller,high,10,7,Bold / Shocking Claim (7); Story / Personal Experience (1),21154.07
honestamandafinds,C,Show-and-Tell / Reveal,low (default: no hook detected),3,2,,21089.5
maryalyssacarr,A,Relatable Parent,medium,8,2,Problem / Pain Point (2); Story / Personal Experience (2); Social Proof / Results (1),18098.03
chryssyvsdream,C,Show-and-Tell / Reveal,low (default: no hook detected),1,1,,17012.2
phamsfinds,B,Promo / Hype Seller,medium,15,2,Offer / Urgency (4); Story / Personal Experience (1),16908.32
kels.oconnor,A,Relatable Parent,high,23,6,Problem / Pain Point (6); Curiosity Gap (2); Direct Question (1),13312.84
jesswalfoster,A,Relatable Parent,medium,5,2,Direct Question (1); Problem / Pain Point (1); Story / Personal Experience (1),13246.3
s0lana,C,Show-and-Tell / Reveal,low,18,3,Problem / Pain Point (3); Curiosity Gap (2); Bold / Shocking Claim (1),10889.19
moefindsdeals,B,Promo / Hype Seller,medium,12,1,Offer / Urgency (12),8125.48
amitshreemalartstudio,C,Show-and-Tell / Reveal,low (default: no hook detected),2,1,,8066.09
damnitsdedric,B,Promo / Hype Seller,medium,27,4,Bold / Shocking Claim (5); Curiosity Gap (2); Story / Personal Experience (2),7436.77
momofgirlsandgoals,B,Promo / Hype Seller,medium,6,1,Offer / Urgency (3),6905.22
notbrannt,C,Show-and-Tell / Reveal,low (default: no hook detected),20,1,,6196.69
larrylambert347,C,Show-and-Tell / Reveal,low (default: no hook detected),1,1,,5844.04
arynf7,A,Relatable Parent,medium,48,3,Problem / Pain Point (11); Bold / Shocking Claim (11); Offer / Urgency (3),5643.78
jetskcqzy7m,B,Promo / Hype Seller,medium,5,2,Offer / Urgency (4),5559.8
deweyapproved,A,Relatable Parent,high,5,3,Bold / Shocking Claim (1); Direct Question (1); Story / Personal Experience (1),5303.33
sunnyjayrays,B,Promo / Hype Seller,medium,7,2,Bold / Shocking Claim (4); Problem / Pain Point (1); Story / Personal Experience (1),5170.83
cassieaverytts,A,Relatable Parent,medium,7,2,Story / Personal Experience (2); Direct Question (1); Bold / Shocking Claim (1),4784.36
lilyy_turcotte,B,Promo / Hype Seller,low,2,1,Bold / Shocking Claim (1); Social Proof / Results (1),4519.46
julias_cozyhome,A,Relatable Parent,medium,9,1,Problem / Pain Point (2); Story / Personal Experience (2); Bold / Shocking Claim (1),3954.34
robe_finds,B,Promo / Hype Seller,low,33,12,Bold / Shocking Claim (10); Story / Personal Experience (5); Curiosity Gap (2),3739.25
mother_duckers,C,Show-and-Tell / Reveal,medium,9,2,Problem / Pain Point (1); Curiosity Gap (1),3720.05
romebaby,C,Show-and-Tell / Reveal,low (default: no hook detected),3,0,,3552.77
lightscamerayorks,B,Promo / Hype Seller,low,1,1,Bold / Shocking Claim (1),3426.18
hidden_gems44,B,Promo / Hype Seller,medium,7,2,Offer / Urgency (2),2887.33
family.royal.us,B,Promo / Hype Seller,high,13,7,Social Proof / Results (3); Problem / Pain Point (3); Bold / Shocking Claim (2),2861.08
townfamilyfinds,B,Promo / Hype Seller,medium,18,4,Bold / Shocking Claim (3); Story / Personal Experience (1); Direct Question (1),2848.87
jeremylancetx,B,Promo / Hype Seller,medium,4,4,Bold / Shocking Claim (1); Curiosity Gap (1),2772.8
juicydealss,B,Promo / Hype Seller,high,31,5,Offer / Urgency (22),2755.03
sarahbelleworkingmomof3,A,Relatable Parent,medium,17,12,Problem / Pain Point (5); Offer / Urgency (3); Story / Personal Experience (3),2619.67
kayycookie6,B,Promo / Hype Seller,high,23,5,Bold / Shocking Claim (12); Story / Personal Experience (2); Social Proof / Results (1),2549.27
chelseaonthedailyy,A,Relatable Parent,high,5,3,Story / Personal Experience (1),2442.82
mrs.sammarie,B,Promo / Hype Seller,medium,4,2,Social Proof / Results (1); Problem / Pain Point (1),2276.0
protipvault,A,Relatable Parent,medium,4,1,Problem / Pain Point (1),2058.43
,B,Promo / Hype Seller,high,89,4,Offer / Urgency (31); Social Proof / Results (2); Bold / Shocking Claim (2),2014.33
colelectibles,C,Show-and-Tell / Reveal,high,5,4,Curiosity Gap (2); Social Proof / Results (1),1843.44
makeupfresh,A,Relatable Parent,low,1,0,Problem / Pain Point (1),1840.4
thenutrideals,C,Show-and-Tell / Reveal,low (default: no hook detected),11,0,,1717.27
autobrush,A,Relatable Parent,medium,585,1,Problem / Pain Point (109); Social Proof / Results (95); Direct Question (55),1676.3
realkalimuscle,B,Promo / Hype Seller,low,1,1,Bold / Shocking Claim (1),1614.69
maxesdailygems,C,Show-and-Tell / Reveal,low (default: no hook detected),14,0,,1610.69
demaryfinds,C,Show-and-Tell / Reveal,low (default: no hook detected),3,0,,1554.42
ashley.hudson66,C,Show-and-Tell / Reveal,low (default: no hook detected),2,0,,1438.27
dogdaddylando,A,Relatable Parent,low,2,1,Direct Question (1),1430.76
aaronmademebuyit,B,Promo / Hype Seller,high,3,3,Bold / Shocking Claim (1),1413.65
franklin_thebulldog,A,Relatable Parent,high,41,6,Story / Personal Experience (3),1400.81
that_slowwrx,C,Show-and-Tell / Reveal,low (default: no hook detected),3,1,,1282.67
johnsshop24,B,Promo / Hype Seller,medium,17,1,Offer / Urgency (14),1278.82
all.too.sam,A,Relatable Parent,medium,7,1,Problem / Pain Point (4); Direct Question (2),1248.16
mrsnykeebaby,C,Show-and-Tell / Reveal,low,1,1,Curiosity Gap (1),1136.52
therealthoard93,B,Promo / Hype Seller,medium,4,0,Offer / Urgency (4),1052.34
thatsjustkyler,B,Promo / Hype Seller,medium,22,1,Bold / Shocking Claim (6); Direct Question (2); Problem / Pain Point (1),994.38
jannelle1982,C,Show-and-Tell / Reveal,low (default: no hook detected),4,0,,978.55
howgrowsit,A,Relatable Parent,medium,11,0,Problem / Pain Point (2); Story / Personal Experience (2); Bold / Shocking Claim (2),972.1
officialcamm,B,Promo / Hype Seller,medium,12,2,Offer / Urgency (2),967.64
rachazzolini,A,Relatable Parent,medium,4,1,Problem / Pain Point (3); Bold / Shocking Claim (1),918.91
thatmidlifeglow,A,Relatable Parent,medium,6,1,Problem / Pain Point (2); Story / Personal Experience (1); Social Proof / Results (1),847.44
shay..momof3.tiktokshop,A,Relatable Parent,high,47,13,Problem / Pain Point (31); Direct Question (5); Social Proof / Results (1),823.52
theunboxologist,A,Relatable Parent,low,1,0,Direct Question (1),792.0
anjlipancake,A,Relatable Parent,low,1,1,Story / Personal Experience (1),763.32
mrsh0222,C,Show-and-Tell / Reveal,low (default: no hook detected),2,1,,752.4
brayleediary,C,Show-and-Tell / Reveal,low (default: no hook detected),1,0,,750.44
jen_jazzy2,C,Show-and-Tell / Reveal,low (default: no hook detected),1,0,,741.19
tiffanypaigereviews,C,Show-and-Tell / Reveal,low (default: no hook detected),2,1,,711.99
tophealthbuys,B,Promo / Hype Seller,medium,9,0,Offer / Urgency (9),687.81
twentysomethingtrendyugc,A,Relatable Parent,low,2,0,Story / Personal Experience (1),684.25
naanadonkorarthur,C,Show-and-Tell / Reveal,low (default: no hook detected),4,4,,666.08
1milmonths,C,Show-and-Tell / Reveal,low (default: no hook detected),2,0,,661.62
spongebobprodsz,B,Promo / Hype Seller,low,1,0,Offer / Urgency (1),658.42
shopalerts,A,Relatable Parent,medium,18,2,Direct Question (2); Offer / Urgency (1); Story / Personal Experience (1),635.42
sarahashleyt,A,Relatable Parent,low,2,0,Story / Personal Experience (2),634.33
therealjnic_ole,B,Promo / Hype Seller,low,1,1,Social Proof / Results (1),621.87
shopwithleslie03,A,Relatable Parent,high,7,4,Story / Personal Experience (2); Direct Question (2); Problem / Pain Point (1),621.54
kaitilyndecker,A,Relatable Parent,low,1,1,Problem / Pain Point (1),591.88
_bergamont,B,Promo / Hype Seller,low,2,2,Bold / Shocking Claim (1); Problem / Pain Point (1),584.41
thekristinekoehnking,A,Relatable Parent,medium,3,1,Problem / Pain Point (1),578.1
hunterfavela,B,Promo / Hype Seller,medium,10,2,Bold / Shocking Claim (2); Story / Personal Experience (2),567.12
houseofbrit,A,Relatable Parent,high,8,5,Problem / Pain Point (3); Story / Personal Experience (2); Bold / Shocking Claim (2),565.82
kymbur66,C,Show-and-Tell / Reveal,low (default: no hook detected),2,1,,565.45
song.lyrics_lipsync,C,Show-and-Tell / Reveal,low (default: no hook detected),4,0,,550.07
peterkim_1,A,Relatable Parent,medium,3,0,Problem / Pain Point (2); Social Proof / Results (1),548.44
britney_henderson_,B,Promo / Hype Seller,low,2,0,Bold / Shocking Claim (1),537.21
tydyess7,A,Relatable Parent,medium,38,8,Direct Question (5); Curiosity Gap (2); Social Proof / Results (2),536.28
coralfindstt,B,Promo / Hype Seller,medium,11,0,Offer / Urgency (6); Story / Personal Experience (1); Direct Question (1),536.26
affiliatezshop.us,C,Show-and-Tell / Reveal,low (default: no hook detected),11,0,,529.48
bpsdailydeals,B,Promo / Hype Seller,medium,28,1,Offer / Urgency (1),526.68
jessicasttshopdeals,B,Promo / Hype Seller,medium,16,1,Offer / Urgency (15); Problem / Pain Point (1),487.54
tina.livinginher40s,B,Promo / Hype Seller,medium,12,2,Bold / Shocking Claim (3); Problem / Pain Point (3); Offer / Urgency (1),456.43
miranda_2566,A,Relatable Parent,high,20,3,Problem / Pain Point (3); Bold / Shocking Claim (2); Story / Personal Experience (2),436.71
loriyoung814,B,Promo / Hype Seller,high,27,3,Offer / Urgency (6); Social Proof / Results (3); Bold / Shocking Claim (1),430.56
lydiaaulozzi_,A,Relatable Parent,low,2,1,Story / Personal Experience (1); Social Proof / Results (1),430.1
jessreviewedit,A,Relatable Parent,low,1,1,Story / Personal Experience (1),429.31
emanthei,C,Show-and-Tell / Reveal,low (default: no hook detected),3,0,,427.72
besties_broadcast,A,Relatable Parent,medium,10,0,Problem / Pain Point (6); Social Proof / Results (1); Offer / Urgency (1),420.85
the.real.hp,B,Promo / Hype Seller,medium,4,0,Offer / Urgency (4),420.83
shanniesayz,B,Promo / Hype Seller,medium,5,1,Offer / Urgency (2),412.2
shopbyelizaa,C,Show-and-Tell / Reveal,low (default: no hook detected),1,0,,396.0
david.diy88,B,Promo / Hype Seller,high,6,3,Offer / Urgency (2); Story / Personal Experience (1); Social Proof / Results (1),386.1
chris_reviews_it,C,Show-and-Tell / Reveal,low (default: no hook detected),3,1,,376.02
kell04091004,C,Show-and-Tell / Reveal,low (default: no hook detected),1,0,,366.3
bmoneys.finds,B,Promo / Hype Seller,high,30,3,Offer / Urgency (2); Story / Personal Experience (1),356.38
melodak53,A,Relatable Parent,low,1,0,Direct Question (1),355.77
sarai3715,C,Show-and-Tell / Reveal,low (default: no hook detected),2,0,,353.43
life.with.little.ones,B,Promo / Hype Seller,low,2,1,Bold / Shocking Claim (1),353.19
rothubdeals,B,Promo / Hype Seller,medium,6,1,Offer / Urgency (5),353.14
crystalkelli91,C,Show-and-Tell / Reveal,low (default: no hook detected),2,0,,348.0
mr_waylong,C,Show-and-Tell / Reveal,low (default: no hook detected),2,0,,346.5
leonelxandres,A,Relatable Parent,medium,3,1,Direct Question (1),346.0
hezi1212,C,Show-and-Tell / Reveal,low (default: no hook detected),6,0,,345.72
titanthelovable,C,Show-and-Tell / Reveal,low (default: no hook detected),2,0,,335.25
trendingontiktokshop,A,Relatable Parent,medium,3,1,Problem / Pain Point (1),321.4
bakedbruh10,C,Show-and-Tell / Reveal,low (default: no hook detected),2,0,,319.32
dealqueenz10,C,Show-and-Tell / Reveal,low (default: no hook detected),3,0,,310.03
eunicewilsonduh,B,Promo / Hype Seller,medium,9,0,Bold / Shocking Claim (2); Problem / Pain Point (1),308.9
rkrager1,B,Promo / Hype Seller,high,16,4,Bold / Shocking Claim (1); Social Proof / Results (1),307.86
mendylynn,C,Show-and-Tell / Reveal,low (default: no hook detected),14,0,,307.61
emiliaestellahh,C,Show-and-Tell / Reveal,low (default: no hook detected),1,0,,299.9
fabdboutique,C,Show-and-Tell / Reveal,low (default: no hook detected),1,1,,299.46
myfamilypov,A,Relatable Parent,low,1,0,Direct Question (1),297.0
garrardfamily,A,Relatable Parent,low,1,1,Problem / Pain Point (1),297.0
theshoppingpaige,B,Promo / Hype Seller,low,1,0,Social Proof / Results (1),297.0
papifindss,C,Show-and-Tell / Reveal,low (default: no hook detected),9,1,,296.04
outdoornia,C,Show-and-Tell / Reveal,low,1,1,Curiosity Gap (1),291.0
dancewithmeladie,A,Relatable Parent,medium,4,1,Story / Personal Experience (1); Direct Question (1),287.1
insidejourneys,A,Relatable Parent,low,1,1,Story / Personal Experience (1),287.1
d.deals.dude,B,Promo / Hype Seller,medium,23,2,Bold / Shocking Claim (7); Offer / Urgency (6),287.1
christianna.i.l,A,Relatable Parent,medium,8,1,Story / Personal Experience (4); Social Proof / Results (1),286.8
laceylbailey,A,Relatable Parent,low,2,1,Story / Personal Experience (1); Problem / Pain Point (1),285.49
drachnik,A,Relatable Parent,medium,6,0,Problem / Pain Point (2); Social Proof / Results (1); Bold / Shocking Claim (1),282.21
amarieeeeetts,C,Show-and-Tell / Reveal,low (default: no hook detected),1,0,,278.19
steph7187,C,Show-and-Tell / Reveal,low (default: no hook detected),5,1,,278.0
tifftiffmcgriffgriff,B,Promo / Hype Seller,low,1,1,Bold / Shocking Claim (1),277.08
jjrose138,A,Relatable Parent,low,1,1,Story / Personal Experience (1),273.24
siacreatesit,A,Relatable Parent,high,24,4,Problem / Pain Point (9); Direct Question (3); Social Proof / Results (3),273.24
jessandmialife,A,Relatable Parent,medium,17,1,Problem / Pain Point (8); Story / Personal Experience (3); Bold / Shocking Claim (2),273.21
kymieann1,A,Relatable Parent,low,2,1,Problem / Pain Point (1),270.27
joesdeals4u,B,Promo / Hype Seller,medium,3,0,Offer / Urgency (2),268.02
kellieannmycozylife,A,Relatable Parent,low,1,1,Story / Personal Experience (1),265.96
thekerijohnsonn,C,Show-and-Tell / Reveal,low (default: no hook detected),1,1,,264.33
ohsheilafaye,A,Relatable Parent,medium,4,1,Problem / Pain Point (3); Social Proof / Results (1),262.84
yvonne.balderas,C,Show-and-Tell / Reveal,low (default: no hook detected),1,0,,262.58
branntski,A,Relatable Parent,medium,20,5,Story / Personal Experience (2); Social Proof / Results (2),260.47
shutupandpuppet,A,Relatable Parent,high,7,3,Story / Personal Experience (2); Direct Question (1); Curiosity Gap (1),260.38
brittroseknows,A,Relatable Parent,low,2,0,Problem / Pain Point (2),257.13
allynsdeals,A,Relatable Parent,high,14,3,Story / Personal Experience (2); Offer / Urgency (1),254.42
biohacking.babe,C,Show-and-Tell / Reveal,low,1,1,Curiosity Gap (1),251.96
musthavecollective,B,Promo / Hype Seller,medium,13,0,Offer / Urgency (5); Direct Question (1),251.92
lex800342,B,Promo / Hype Seller,medium,4,1,Bold / Shocking Claim (1); Story / Personal Experience (1),246.39
lisam_lifestyle,A,Relatable Parent,medium,3,3,Problem / Pain Point (1); Bold / Shocking Claim (1),245.43
mindsethacked,B,Promo / Hype Seller,medium,6,0,Social Proof / Results (1),242.2
joyintheordinary,A,Relatable Parent,medium,21,0,Story / Personal Experience (6); Bold / Shocking Claim (4); Offer / Urgency (1),241.22
aleesha.thomas,A,Relatable Parent,medium,4,1,Problem / Pain Point (1); Story / Personal Experience (1); Bold / Shocking Claim (1),236.97
bestestshopfinds,C,Show-and-Tell / Reveal,low (default: no hook detected),4,0,,236.18
sharelovewithus,C,Show-and-Tell / Reveal,low (default: no hook detected),4,0,,234.98
mckenna.momof3,B,Promo / Hype Seller,medium,7,2,Bold / Shocking Claim (2); Story / Personal Experience (1),231.31
b2theritt2,A,Relatable Parent,medium,10,1,Problem / Pain Point (1),229.5
regularmomhere,A,Relatable Parent,medium,3,2,Offer / Urgency (1); Problem / Pain Point (1); Story / Personal Experience (1),228.3
thecontentfactor,A,Relatable Parent,low,19,9,Story / Personal Experience (3); Curiosity Gap (3); Social Proof / Results (3),224.24
notjulessss,B,Promo / Hype Seller,medium,5,2,Bold / Shocking Claim (1); Social Proof / Results (1),214.7
nancy_cruises,C,Show-and-Tell / Reveal,low (default: no hook detected),1,0,,199.95
kyrasaige,C,Show-and-Tell / Reveal,medium,3,1,Curiosity Gap (1); Bold / Shocking Claim (1); Story / Personal Experience (1),198.0
_jenifer___,A,Relatable Parent,low,2,1,Story / Personal Experience (1); Problem / Pain Point (1),198.0
arsy_vartanian,A,Relatable Parent,low,2,1,Problem / Pain Point (1),198.0
zachmethod,A,Relatable Parent,low,2,1,Story / Personal Experience (1),198.0
fairfaxandco,A,Relatable Parent,low,2,1,Problem / Pain Point (1),198.0
busy__bre,C,Show-and-Tell / Reveal,low (default: no hook detected),1,0,,198.0
glendab82,A,Relatable Parent,medium,3,2,Social Proof / Results (1); Problem / Pain Point (1),198.0
oscoelio,B,Promo / Hype Seller,medium,3,0,Offer / Urgency (3),198.0
derrick.huynh,C,Show-and-Tell / Reveal,low (default: no hook detected),5,0,,198.0
livsbestfindss,B,Promo / Hype Seller,low,2,2,Social Proof / Results (1); Offer / Urgency (1),193.05
kuypernailart,A,Relatable Parent,low,1,1,Story / Personal Experience (1),193.0
chelseynaak,A,Relatable Parent,medium,9,1,Story / Personal Experience (1); Social Proof / Results (1),193.0
heyitskelsey_tts,C,Show-and-Tell / Reveal,low (default: no hook detected),3,1,,188.1
jerryfindss,C,Show-and-Tell / Reveal,low (default: no hook detected),9,1,,188.1
videoshak,A,Relatable Parent,medium,4,2,Direct Question (1),188.1
ckinder3,C,Show-and-Tell / Reveal,low (default: no hook detected),12,0,,188.1
blessedandoutnumbered,B,Promo / Hype Seller,medium,6,0,Bold / Shocking Claim (2); Problem / Pain Point (1); Social Proof / Results (1),188.05
qualitydealsss,B,Promo / Hype Seller,low,1,1,Offer / Urgency (1),188.0
shantelllmedrano,C,Show-and-Tell / Reveal,low (default: no hook detected),1,1,,187.35
shopwithchef,A,Relatable Parent,medium,10,4,Bold / Shocking Claim (2); Story / Personal Experience (1); Problem / Pain Point (1),187.35
np.c404,B,Promo / Hype Seller,low,1,1,Offer / Urgency (1),187.11
ashley_hinton,A,Relatable Parent,medium,5,1,Problem / Pain Point (2); Direct Question (1),186.73
bouncybenny,B,Promo / Hype Seller,low,2,1,Offer / Urgency (1),186.12
ifartsparkleyglitter,C,Show-and-Tell / Reveal,low (default: no hook detected),1,1,,184.93
joyfilledbybrittany,A,Relatable Parent,medium,3,0,Problem / Pain Point (1),184.2
sahm34ndunder,A,Relatable Parent,medium,8,0,Problem / Pain Point (1),183.15
rcandtechdude,A,Relatable Parent,medium,3,0,Problem / Pain Point (1),183.0
sahm.sober.lifestyle,B,Promo / Hype Seller,low,1,0,Social Proof / Results (1),183.0
dealvoyager,B,Promo / Hype Seller,medium,30,0,Social Proof / Results (16); Offer / Urgency (13),178.32
kelceywilson,A,Relatable Parent,low,2,1,Direct Question (1),178.2
amberfindstt,B,Promo / Hype Seller,medium,3,0,Offer / Urgency (3),178.2
sierraxeastonxkids,A,Relatable Parent,medium,3,2,Direct Question (1),178.0
curated.finds.by.morgan,A,Relatable Parent,medium,5,1,Problem / Pain Point (3); Story / Personal Experience (1),174.24
csiwakori,C,Show-and-Tell / Reveal,low (default: no hook detected),1,1,,174.24
adrirachelle,A,Relatable Parent,low,2,1,Story / Personal Experience (1),173.74
buddythedoggy3,C,Show-and-Tell / Reveal,low (default: no hook detected),10,0,,173.49
taylor__ross,C,Show-and-Tell / Reveal,low (default: no hook detected),1,0,,173.25
kingofscents610,A,Relatable Parent,low,1,1,Story / Personal Experience (1),171.29
trosemade,B,Promo / Hype Seller,medium,8,2,Bold / Shocking Claim (2),169.49
jonaca85,A,Relatable Parent,medium,5,5,Story / Personal Experience (1); Curiosity Gap (1); Social Proof / Results (1),169.29
melodygraham912,B,Promo / Hype Seller,medium,5,0,Offer / Urgency (1); Bold / Shocking Claim (1); Problem / Pain Point (1),168.44
ttdealspot,B,Promo / Hype Seller,medium,6,0,Offer / Urgency (2); Direct Question (1); Bold / Shocking Claim (1),168.2
deals.stop,A,Relatable Parent,low,1,1,Story / Personal Experience (1),167.51
ginafoundit,A,Relatable Parent,medium,8,2,Problem / Pain Point (3); Bold / Shocking Claim (1),166.71
bakedfindstoday,B,Promo / Hype Seller,medium,3,0,Offer / Urgency (3),166.2
whirlwindwhitney,A,Relatable Parent,medium,9,0,Problem / Pain Point (3); Direct Question (1); Story / Personal Experience (1),164.19
drkelsichiro,A,Relatable Parent,medium,9,3,Bold / Shocking Claim (3); Story / Personal Experience (2); Problem / Pain Point (1),164.09
crystalbrownshop,B,Promo / Hype Seller,medium,5,1,Offer / Urgency (1); Problem / Pain Point (1),159.19
akwi.hildagroup7texas,C,Show-and-Tell / Reveal,low (default: no hook detected),2,0,,159.0
wisenewdeals,B,Promo / Hype Seller,medium,6,0,Offer / Urgency (2),158.68
lilithmasters,C,Show-and-Tell / Reveal,low (default: no hook detected),1,0,,158.0
victoriab_shop,B,Promo / Hype Seller,high,11,4,Offer / Urgency (2); Bold / Shocking Claim (1),157.58
becreativetwo,B,Promo / Hype Seller,high,7,6,Bold / Shocking Claim (2); Problem / Pain Point (1); Social Proof / Results (1),155.42
amandasmith8711,C,Show-and-Tell / Reveal,low (default: no hook detected),1,0,,154.98
van_carvalhoo,C,Show-and-Tell / Reveal,low (default: no hook detected),2,0,,146.77
joeycable2,B,Promo / Hype Seller,medium,4,0,Offer / Urgency (4),145.19
dara_sahm,A,Relatable Parent,medium,8,2,Story / Personal Experience (1); Curiosity Gap (1); Social Proof / Results (1),140.7
must.haves04,A,Relatable Parent,low,1,1,Problem / Pain Point (1),139.5
thebrittanyreese,A,Relatable Parent,low,2,2,Story / Personal Experience (2),138.44
sammylou1029,A,Relatable Parent,low,2,0,Problem / Pain Point (1),136.75
cicigiginana,A,Relatable Parent,high,11,5,Problem / Pain Point (2); Curiosity Gap (1); Story / Personal Experience (1),135.13
drprtiktokshopreview,A,Relatable Parent,medium,3,1,Story / Personal Experience (2); Bold / Shocking Claim (1),133.2
suite.petite,B,Promo / Hype Seller,medium,3,1,Social Proof / Results (1),129.69
chelsearhane,A,Relatable Parent,medium,16,1,Bold / Shocking Claim (2); Story / Personal Experience (1); Direct Question (1),129.69
theadhdhustle,B,Promo / Hype Seller,low,1,0,Offer / Urgency (1),127.0
stephaniev23,A,Relatable Parent,low,2,1,Story / Personal Experience (1),126.96
neurodivergentwriter,C,Show-and-Tell / Reveal,low (default: no hook detected),1,0,,121.29
sogladhelovesme,C,Show-and-Tell / Reveal,low,2,1,Curiosity Gap (1),119.95
amy.marie5432,C,Show-and-Tell / Reveal,low (default: no hook detected),3,0,,119.78
mombrainboutique,A,Relatable Parent,medium,3,1,Problem / Pain Point (2),112.42
drtt.lifestyle,A,Relatable Parent,medium,12,3,Story / Personal Experience (1); Bold / Shocking Claim (1),106.58
skittles_sahm,A,Relatable Parent,medium,4,2,Problem / Pain Point (1); Story / Personal Experience (1),104.95
kaysplaydays,C,Show-and-Tell / Reveal,low (default: no hook detected),2,0,,103.0
getthesedeals,C,Show-and-Tell / Reveal,low (default: no hook detected),1,1,,99.01
honeybeemomma2010,C,Show-and-Tell / Reveal,low (default: no hook detected),3,0,,99.0
loreidysguzman,C,Show-and-Tell / Reveal,low (default: no hook detected),2,0,,99.0
mommaaerin,A,Relatable Parent,low,2,0,Problem / Pain Point (1),99.0
petit_chaud21,C,Show-and-Tell / Reveal,low (default: no hook detected),4,0,,99.0
sweetsopples_charm,A,Relatable Parent,low,1,1,Story / Personal Experience (1),99.0
kvitctoria,C,Show-and-Tell / Reveal,low (default: no hook detected),3,0,,99.0
maracuchaoficial,C,Show-and-Tell / Reveal,low (default: no hook detected),1,0,,99.0
lockedinlegends,B,Promo / Hype Seller,medium,7,0,Offer / Urgency (7),99.0
dealsbybrent,B,Promo / Hype Seller,low,2,0,Social Proof / Results (1),99.0
nred_23,C,Show-and-Tell / Reveal,low (default: no hook detected),6,0,,99.0
kaylamarie828,C,Show-and-Tell / Reveal,low (default: no hook detected),8,0,,99.0
cryptxcos,B,Promo / Hype Seller,low,1,0,Bold / Shocking Claim (1),99.0
thebenderfam24,C,Show-and-Tell / Reveal,low (default: no hook detected),5,0,,99.0
macrosandmovement,A,Relatable Parent,medium,4,0,Problem / Pain Point (2); Offer / Urgency (1),99.0
householdofotis,B,Promo / Hype Seller,medium,9,0,Offer / Urgency (2),99.0
sixxsavings,B,Promo / Hype Seller,medium,3,0,Offer / Urgency (3),99.0
mads.topfinds,B,Promo / Hype Seller,low,1,0,Offer / Urgency (1),99.0
lucysalinas3916,C,Show-and-Tell / Reveal,low (default: no hook detected),7,0,,99.0
brewingbalances,C,Show-and-Tell / Reveal,low (default: no hook detected),1,0,,99.0
honestlyblonde,A,Relatable Parent,low,1,1,Problem / Pain Point (1),99.0
deniellemeagan,A,Relatable Parent,low,2,0,Problem / Pain Point (1),99.0
kaystratt,B,Promo / Hype Seller,low,2,0,Bold / Shocking Claim (1),99.0
nikkibrooksftw,A,Relatable Parent,low,2,1,Problem / Pain Point (1),99.0
peach.sleep,A,Relatable Parent,low,1,0,Direct Question (1),99.0
kikiblev,A,Relatable Parent,low,1,0,Story / Personal Experience (1),99.0
povshopdeals,B,Promo / Hype Seller,medium,3,0,Offer / Urgency (3),99.0
lorii_niicole,A,Relatable Parent,medium,3,0,Story / Personal Experience (1); Bold / Shocking Claim (1); Problem / Pain Point (1),99.0
icyyrolex,C,Show-and-Tell / Reveal,low (default: no hook detected),2,0,,99.0
stepiettstips,C,Show-and-Tell / Reveal,low (default: no hook detected),1,0,,99.0
lucymoon17,C,Show-and-Tell / Reveal,low (default: no hook detected),2,0,,99.0
tuxydoh,A,Relatable Parent,low,1,0,Story / Personal Experience (1),99.0
charliapproved86,A,Relatable Parent,medium,3,0,Story / Personal Experience (1),99.0
insanediscounts,C,Show-and-Tell / Reveal,low (default: no hook detected),9,0,,99.0
rakedfinds,B,Promo / Hype Seller,medium,16,0,Offer / Urgency (16),99.0
classicufindz,C,Show-and-Tell / Reveal,low (default: no hook detected),1,0,,99.0
austinfendler,A,Relatable Parent,high,16,6,Story / Personal Experience (4); Direct Question (3); Curiosity Gap (2),99.0
ambareviews,B,Promo / Hype Seller,low,1,1,Social Proof / Results (1),99.0
janellc2015,C,Show-and-Tell / Reveal,low (default: no hook detected),2,0,,99.0
discountsrus,C,Show-and-Tell / Reveal,low (default: no hook detected),12,0,,99.0
karen.2829,C,Show-and-Tell / Reveal,low (default: no hook detected),1,1,,99.0
mindiiir,B,Promo / Hype Seller,low,1,1,Social Proof / Results (1),99.0
triceedigital,C,Show-and-Tell / Reveal,low (default: no hook detected),11,0,,99.0
mavaldez.tx,C,Show-and-Tell / Reveal,low (default: no hook detected),4,0,,99.0
greysons_goods,B,Promo / Hype Seller,low,1,0,Social Proof / Results (1),99.0
trenbrevy,A,Relatable Parent,low,1,0,Story / Personal Experience (1),99.0
foryourlife.oficial,B,Promo / Hype Seller,low,1,1,Bold / Shocking Claim (1),99.0
theacreedit,C,Show-and-Tell / Reveal,low (default: no hook detected),2,2,,99.0
ipostitall,A,Relatable Parent,medium,4,2,Problem / Pain Point (2),99.0
goosi.ai,B,Promo / Hype Seller,medium,8,1,Bold / Shocking Claim (1),99.0
stealfindz,B,Promo / Hype Seller,low,1,1,Offer / Urgency (1),99.0
portlandboudoir,A,Relatable Parent,medium,6,3,Problem / Pain Point (2); Offer / Urgency (1); Bold / Shocking Claim (1),99.0
joelstiktokshop,A,Relatable Parent,medium,5,2,Story / Personal Experience (2),99.0
nich_williams.jr,C,Show-and-Tell / Reveal,low (default: no hook detected),1,0,,98.53
thoardfindsdaily,B,Promo / Hype Seller,medium,5,1,Offer / Urgency (4); Story / Personal Experience (1),98.25
ycmworld,C,Show-and-Tell / Reveal,low (default: no hook detected),2,0,,98.01
duffstiktokfinds,A,Relatable Parent,medium,6,1,Story / Personal Experience (2); Problem / Pain Point (1); Direct Question (1),98.01
karenellieth13,C,Show-and-Tell / Reveal,low (default: no hook detected),1,0,,98.01
brandylgarcia,C,Show-and-Tell / Reveal,low (default: no hook detected),2,0,,98.01
dang_it_mike,C,Show-and-Tell / Reveal,low (default: no hook detected),16,0,,97.5
perfectglowbytalia,A,Relatable Parent,high,14,5,Social Proof / Results (1); Direct Question (1); Story / Personal Experience (1),96.03
thatsjesslifenow,A,Relatable Parent,low,2,0,Story / Personal Experience (1),95.31
katelynmferguson,B,Promo / Hype Seller,low,1,0,Bold / Shocking Claim (1),94.95
tsmarty11,C,Show-and-Tell / Reveal,low (default: no hook detected),1,0,,94.95
lemon_finds0,B,Promo / Hype Seller,medium,5,2,Offer / Urgency (2),94.55
neurornamy,C,Show-and-Tell / Reveal,low (default: no hook detected),1,0,,94.05
hollyfindsthings,A,Relatable Parent,high,4,4,Problem / Pain Point (2); Social Proof / Results (1),94.05
gregmorris84,B,Promo / Hype Seller,low,2,1,Bold / Shocking Claim (1),93.07
upliftingminds3,C,Show-and-Tell / Reveal,low (default: no hook detected),2,0,,91.08
ktmcooks,B,Promo / Hype Seller,medium,5,0,Social Proof / Results (2); Story / Personal Experience (1); Offer / Urgency (1),91.08
sixxy234,C,Show-and-Tell / Reveal,low (default: no hook detected),2,0,,91.08
sprinkledsweetfinds,C,Show-and-Tell / Reveal,low (default: no hook detected),1,1,,91.08
scout_tennessee,C,Show-and-Tell / Reveal,low (default: no hook detected),2,1,,90.59
mybestintentions,C,Show-and-Tell / Reveal,medium,7,1,Curiosity Gap (1),89.1
itsbetterhealth,B,Promo / Hype Seller,low,1,0,Offer / Urgency (1),89.1
grollin81,C,Show-and-Tell / Reveal,low (default: no hook detected),1,1,,89.1
antshopz,B,Promo / Hype Seller,medium,3,0,Bold / Shocking Claim (3),89.1
unwaveringhaven,B,Promo / Hype Seller,medium,9,0,Story / Personal Experience (1); Bold / Shocking Claim (1); Problem / Pain Point (1),89.1
onedopepawpaw,C,Show-and-Tell / Reveal,low (default: no hook detected),3,0,,89.1
buncfinds,C,Show-and-Tell / Reveal,low (default: no hook detected),5,0,,89.1
ictoa_shops,C,Show-and-Tell / Reveal,low (default: no hook detected),3,0,,89.1
tiktokshopsbestshop,B,Promo / Hype Seller,medium,55,0,Bold / Shocking Claim (4); Story / Personal Experience (1); Offer / Urgency (1),89.1
jessriotmedia,A,Relatable Parent,low,2,2,Story / Personal Experience (1),89.1
zoetheyogarealtor,B,Promo / Hype Seller,medium,3,0,Bold / Shocking Claim (2); Social Proof / Results (1),89.1
tylertok_reviews,A,Relatable Parent,medium,8,2,Problem / Pain Point (4); Story / Personal Experience (2); Direct Question (1),89.1
maurzel,B,Promo / Hype Seller,medium,3,1,Offer / Urgency (1),89.1
ariesfire1971,C,Show-and-Tell / Reveal,low (default: no hook detected),1,0,,89.1
motherduckers2,C,Show-and-Tell / Reveal,low (default: no hook detected),1,0,,89.0
gjmshopping,A,Relatable Parent,low,1,1,Direct Question (1),89.0
mel_in_the_moment,C,Show-and-Tell / Reveal,low (default: no hook detected),1,0,,89.0
okiemomlife,C,Show-and-Tell / Reveal,low (default: no hook detected),1,0,,89.0
jennifermills1970,C,Show-and-Tell / Reveal,low (default: no hook detected),1,0,,89.0
catieosaurus,A,Relatable Parent,low,1,0,Problem / Pain Point (1),89.0
ktpearson,C,Show-and-Tell / Reveal,low (default: no hook detected),1,0,,89.0
ttshopdeals_07,A,Relatable Parent,medium,6,0,Problem / Pain Point (1),89.0
flyforaginger,B,Promo / Hype Seller,low,1,0,Social Proof / Results (1),89.0
daddeals517,C,Show-and-Tell / Reveal,low (default: no hook detected),8,0,,89.0
kim_berrrrr,B,Promo / Hype Seller,medium,22,1,Offer / Urgency (21); Bold / Shocking Claim (1),89.0
shop.w.rob,B,Promo / Hype Seller,medium,3,1,Bold / Shocking Claim (2),89.0
pineapplefinds1,B,Promo / Hype Seller,medium,44,1,Social Proof / Results (1),89.0
brittanyskeans1221,A,Relatable Parent,low,2,2,Direct Question (1); Problem / Pain Point (1),89.0
jnrapprovedbuys,C,Show-and-Tell / Reveal,low (default: no hook detected),2,1,,88.35
shopdealsjr,B,Promo / Hype Seller,medium,3,1,Offer / Urgency (2),88.25
jdleon2022,B,Promo / Hype Seller,medium,3,1,Offer / Urgency (1),87.49
sunshineandjules,C,Show-and-Tell / Reveal,low (default: no hook detected),2,0,,87.12
the_non_aesthetic_mom,A,Relatable Parent,medium,6,1,Story / Personal Experience (1),87.12
ashley.liveseller,A,Relatable Parent,medium,3,0,Problem / Pain Point (1),87.12
trevorsshopfinds,B,Promo / Hype Seller,medium,3,0,Offer / Urgency (1); Bold / Shocking Claim (1),87.12
ivelisseboricua,C,Show-and-Tell / Reveal,low (default: no hook detected),6,0,,87.12
savingwithdeals,C,Show-and-Tell / Reveal,low (default: no hook detected),2,0,,87.12
shayskyler,A,Relatable Parent,low,1,1,Story / Personal Experience (1),87.12
nicoalianiello,B,Promo / Hype Seller,medium,3,0,Bold / Shocking Claim (1); Story / Personal Experience (1),87.0
theresalynnreid,C,Show-and-Tell / Reveal,low (default: no hook detected),1,1,,86.53
roxannee0333,B,Promo / Hype Seller,medium,3,0,Social Proof / Results (1); Story / Personal Experience (1),86.43
abbyshop94,C,Show-and-Tell / Reveal,low (default: no hook detected),2,2,,86.0
k9_unit_369,A,Relatable Parent,medium,7,5,Curiosity Gap (3); Direct Question (2); Story / Personal Experience (2),84.64
alexsharesitall,A,Relatable Parent,low,2,2,Story / Personal Experience (1); Problem / Pain Point (1),84.64
2travelingqueers,C,Show-and-Tell / Reveal,low (default: no hook detected),1,0,,84.51
dealfindsforyoueveryday,B,Promo / Hype Seller,low,2,0,Offer / Urgency (2),84.15
tatiloveslocs,A,Relatable Parent,low,1,0,Story / Personal Experience (1),84.15
yik_yok_reviews67,C,Show-and-Tell / Reveal,low (default: no hook detected),1,1,,84.15
brit_bia,B,Promo / Hype Seller,medium,3,0,Social Proof / Results (1); Story / Personal Experience (1),84.0
shopwitjr,C,Show-and-Tell / Reveal,low (default: no hook detected),2,0,,83.85
kenziefordham,A,Relatable Parent,medium,7,2,Direct Question (1); Problem / Pain Point (1),83.1
funadorableanimals,B,Promo / Hype Seller,medium,5,0,Offer / Urgency (3),82.41
bonniefinding,B,Promo / Hype Seller,medium,11,0,Offer / Urgency (5); Social Proof / Results (1); Story / Personal Experience (1),80.41
texas.queen1,C,Show-and-Tell / Reveal,low (default: no hook detected),3,0,,79.94
sassy_relatable,A,Relatable Parent,low,1,1,Problem / Pain Point (1),79.94
the_lasthokage_,B,Promo / Hype Seller,medium,29,4,Problem / Pain Point (3); Bold / Shocking Claim (2); Social Proof / Results (2),79.2
ashterdisaster,A,Relatable Parent,medium,4,2,Problem / Pain Point (1),79.15
leslieanne1026,C,Show-and-Tell / Reveal,low (default: no hook detected),5,0,,79.1
faith_health_life,C,Show-and-Tell / Reveal,low (default: no hook detected),3,0,,79.1
discountdropsdaily,B,Promo / Hype Seller,medium,5,1,Social Proof / Results (1),79.1
defeateddiva,C,Show-and-Tell / Reveal,low (default: no hook detected),1,0,,79.0
shopwithjessss,B,Promo / Hype Seller,low,2,0,Offer / Urgency (1),79.0
dealdailyhunter,B,Promo / Hype Seller,low,1,0,Offer / Urgency (1),78.62
shopsmart2809,C,Show-and-Tell / Reveal,low (default: no hook detected),4,0,,78.62
_jadee044,B,Promo / Hype Seller,low,2,0,Offer / Urgency (1),77.42
talon.krebs,C,Show-and-Tell / Reveal,low (default: no hook detected),1,0,,77.19
itsmandykuhn,A,Relatable Parent,medium,3,1,Direct Question (1),76.6
prettyreeljen,A,Relatable Parent,medium,5,0,Problem / Pain Point (3); Offer / Urgency (2),76.15
heavensent381,C,Show-and-Tell / Reveal,low (default: no hook detected),3,0,,76.1
loisewang23,C,Show-and-Tell / Reveal,low (default: no hook detected),1,0,,75.94
captaincam24,A,Relatable Parent,low,1,1,Direct Question (1),75.74
shanniep_,B,Promo / Hype Seller,low,1,0,Offer / Urgency (1),75.65
samantha_nicolex4,B,Promo / Hype Seller,low,2,0,Social Proof / Results (1); Problem / Pain Point (1),75.12
emmyjean8725,C,Show-and-Tell / Reveal,low (default: no hook detected),1,1,,74.25
bigsavingshop,C,Show-and-Tell / Reveal,low (default: no hook detected),23,0,,73.86
lovelyfindzz,B,Promo / Hype Seller,medium,4,1,Offer / Urgency (1); Story / Personal Experience (1); Direct Question (1),73.58
couple.of.locs,B,Promo / Hype Seller,medium,4,1,Bold / Shocking Claim (1),73.47
nuri.divine,B,Promo / Hype Seller,low,1,1,Bold / Shocking Claim (1),71.95
youtube6215,C,Show-and-Tell / Reveal,low (default: no hook detected),1,0,,71.87
myvideoguy_sambanks,A,Relatable Parent,medium,3,1,Story / Personal Experience (1),71.86
kayleemacomber,A,Relatable Parent,low,2,1,Story / Personal Experience (1),71.53
cole_schwartz,C,Show-and-Tell / Reveal,medium,8,2,Curiosity Gap (1); Bold / Shocking Claim (1),71.53
athenadean_,A,Relatable Parent,low,2,1,Direct Question (1),71.53
michelletopil,C,Show-and-Tell / Reveal,low,5,2,Curiosity Gap (1); Bold / Shocking Claim (1); Story / Personal Experience (1),71.53
wagsonthewater,B,Promo / Hype Seller,medium,7,1,Offer / Urgency (1),71.47
lynnmhodgdon123,B,Promo / Hype Seller,low,1,0,Offer / Urgency (1),69.9
nyisha_walton,B,Promo / Hype Seller,medium,4,0,Bold / Shocking Claim (1),69.15
dependabledave,B,Promo / Hype Seller,medium,18,0,Offer / Urgency (18),67.83
courtneyandecho,A,Relatable Parent,low,1,1,Story / Personal Experience (1),64.38
forgotten.michigan,B,Promo / Hype Seller,low,2,0,Offer / Urgency (2),64.0
sobermakeupmama_paige,C,Show-and-Tell / Reveal,low,1,1,Curiosity Gap (1),63.11
bennypicks,B,Promo / Hype Seller,low,1,1,Offer / Urgency (1),60.35
kirstennlee,B,Promo / Hype Seller,low,1,0,Social Proof / Results (1),59.0
gicellex,A,Relatable Parent,low,1,0,Direct Question (1),59.0
dianemont85,A,Relatable Parent,low,1,1,Problem / Pain Point (1),55.81
westernwithemily,B,Promo / Hype Seller,high,5,4,Social Proof / Results (3); Problem / Pain Point (2),54.08
bigbirdsshop,C,Show-and-Tell / Reveal,low (default: no hook detected),4,0,,51.26
ericsiebecker,B,Promo / Hype Seller,low,1,1,Bold / Shocking Claim (1),48.06
simplykimnicole,C,Show-and-Tell / Reveal,low (default: no hook detected),1,0,,48.0
edainespaola,C,Show-and-Tell / Reveal,low (default: no hook detected),1,0,,44.57
chardeshares,C,Show-and-Tell / Reveal,low (default: no hook detected),5,1,,43.74
jt23hoopin,B,Promo / Hype Seller,low,1,1,Bold / Shocking Claim (1),42.79
jthecreativequeen,C,Show-and-Tell / Reveal,low (default: no hook detected),3,0,,38.0
binujamaskey,C,Show-and-Tell / Reveal,low (default: no hook detected),1,0,,36.0
theteammartin,A,Relatable Parent,medium,20,0,Direct Question (1),34.95
its.just_me_sue,C,Show-and-Tell / Reveal,low (default: no hook detected),1,0,,30.0
favv.pisces2,B,Promo / Hype Seller,medium,6,0,Offer / Urgency (3); Problem / Pain Point (1),21.95
meganelizabeth90,A,Relatable Parent,low,2,0,Story / Personal Experience (1),21.79
stephanieann4420,C,Show-and-Tell / Reveal,low (default: no hook detected),1,0,,20.95
doacapitalism,A,Relatable Parent,low,1,0,Story / Personal Experience (1),18.7
capricoquette,A,Relatable Parent,low,2,0,Story / Personal Experience (1),16.0
titamerino0,C,Show-and-Tell / Reveal,low (default: no hook detected),1,0,,14.74
happy_imperfectionist,C,Show-and-Tell / Reveal,low (default: no hook detected),1,0,,0.0
brookemomoftwo,C,Show-and-Tell / Reveal,low (default: no hook detected),1,0,,0.0
ggran8855,B,Promo / Hype Seller,low,2,0,Offer / Urgency (2),0.0
brimetz,C,Show-and-Tell / Reveal,low (default: no hook detected),2,0,,0.0
ababyandabulldog,B,Promo / Hype Seller,low,1,0,Bold / Shocking Claim (1),0.0
trevinpeterson,B,Promo / Hype Seller,medium,3,0,Bold / Shocking Claim (2),0.0
andeemariee88,A,Relatable Parent,medium,3,0,Direct Question (2),0.0
arielabayonne,B,Promo / Hype Seller,medium,3,0,Social Proof / Results (1); Direct Question (1); Bold / Shocking Claim (1),0.0
ieatkranz,B,Promo / Hype Seller,low,1,0,Social Proof / Results (1),0.0
lynnq673,C,Show-and-Tell / Reveal,low (default: no hook detected),1,0,,0.0
lelahineskelley,B,Promo / Hype Seller,low,1,0,Social Proof / Results (1),0.0
janetvanness,C,Show-and-Tell / Reveal,low (default: no hook detected),1,0,,0.0
unwaveringwatters,C,Show-and-Tell / Reveal,low (default: no hook detected),1,0,,0.0
jess.ick.a,A,Relatable Parent,low,1,0,Story / Personal Experience (1),0.0
anairamarc,A,Relatable Parent,low,1,0,Direct Question (1),0.0
maranyelyy,C,Show-and-Tell / Reveal,low (default: no hook detected),1,0,,0.0
erin.sahm17,A,Relatable Parent,low,2,0,Direct Question (1); Social Proof / Results (1),0.0
xomackenziejo,A,Relatable Parent,medium,4,0,Story / Personal Experience (2); Social Proof / Results (1),0.0
diyaditya.powdyel,C,Show-and-Tell / Reveal,low (default: no hook detected),12,0,,0.0
milorvecharles,C,Show-and-Tell / Reveal,low (default: no hook detected),12,0,,0.0
raghudamanta,C,Show-and-Tell / Reveal,low (default: no hook detected),4,0,,0.0
maria.gutierrez776,C,Show-and-Tell / Reveal,low (default: no hook detected),3,0,,0.0
ashleymarie8571,C,Show-and-Tell / Reveal,low (default: no hook detected),5,0,,0.0
koachkerr,A,Relatable Parent,medium,5,0,Direct Question (1); Problem / Pain Point (1),0.0
mariauhhhp,C,Show-and-Tell / Reveal,low (default: no hook detected),1,0,,0.0
byyinyer,C,Show-and-Tell / Reveal,low (default: no hook detected),3,0,,0.0
sahnanak,B,Promo / Hype Seller,low,2,0,Social Proof / Results (1),0.0
shelbykitzmiller,A,Relatable Parent,medium,6,0,Direct Question (1),0.0
prajina44,C,Show-and-Tell / Reveal,low (default: no hook detected),2,0,,0.0
ks_shopdeals7,C,Show-and-Tell / Reveal,low (default: no hook detected),2,0,,0.0
fade_suss,B,Promo / Hype Seller,medium,4,0,Social Proof / Results (1); Bold / Shocking Claim (1),0.0
ranju_adh,B,Promo / Hype Seller,medium,3,0,Social Proof / Results (1),0.0
mydogsandkids,C,Show-and-Tell / Reveal,low (default: no hook detected),1,0,,0.0
melisuri14220,C,Show-and-Tell / Reveal,low (default: no hook detected),3,0,,0.0
comebackqueenv,B,Promo / Hype Seller,medium,3,0,Bold / Shocking Claim (1),0.0
dancingladycyndi,C,Show-and-Tell / Reveal,low (default: no hook detected),1,0,,0.0
tasharaby5,C,Show-and-Tell / Reveal,low (default: no hook detected),1,0,,0.0
courtneywilliams.xoxo,B,Promo / Hype Seller,low,1,0,Bold / Shocking Claim (1),0.0
roxi.flores24,A,Relatable Parent,low,1,0,Direct Question (1),0.0
taylorrcaton,B,Promo / Hype Seller,low,1,0,Offer / Urgency (1),0.0
mariaantoniacabre14,C,Show-and-Tell / Reveal,low (default: no hook detected),3,0,,0.0
lifewithmsharp,C,Show-and-Tell / Reveal,low (default: no hook detected),1,0,,0.0
____mother____,A,Relatable Parent,low,2,0,Problem / Pain Point (2),0.0
trishbru,C,Show-and-Tell / Reveal,low (default: no hook detected),1,0,,0.0
radhachamlagain,C,Show-and-Tell / Reveal,low (default: no hook detected),1,0,,0.0
lillythacker,C,Show-and-Tell / Reveal,low (default: no hook detected),5,0,,0.0
kelkat_,A,Relatable Parent,medium,3,0,Problem / Pain Point (1); Direct Question (1),0.0
itscharislove,A,Relatable Parent,low,2,0,Story / Personal Experience (1),0.0
ant0neta,C,Show-and-Tell / Reveal,low (default: no hook detected),1,0,,0.0
kyrahlisy,C,Show-and-Tell / Reveal,low (default: no hook detected),1,0,,0.0
yadiracuba86,A,Relatable Parent,medium,9,0,Problem / Pain Point (1); Direct Question (1),0.0
hipppievibes,A,Relatable Parent,low,1,0,Problem / Pain Point (1),0.0
hitmeonmycelly,B,Promo / Hype Seller,low,1,0,Social Proof / Results (1),0.0
annekoii,B,Promo / Hype Seller,low,1,0,Bold / Shocking Claim (1),0.0
laurensiracusa_,A,Relatable Parent,low,1,0,Problem / Pain Point (1),0.0
dealzfromtiktok,C,Show-and-Tell / Reveal,low (default: no hook detected),1,0,,0.0
ben.buys,A,Relatable Parent,medium,3,0,Direct Question (2); Story / Personal Experience (1),0.0
jordantwiss,A,Relatable Parent,low,2,0,Problem / Pain Point (1),0.0
marissarenee91,A,Relatable Parent,low,1,0,Direct Question (1),0.0
j.a.c.k.3d,C,Show-and-Tell / Reveal,low (default: no hook detected),4,0,,0.0
jasminemccallum25,C,Show-and-Tell / Reveal,low (default: no hook detected),1,0,,0.0
katysville,C,Show-and-Tell / Reveal,low (default: no hook detected),1,0,,0.0
_nunuhawkins,B,Promo / Hype Seller,low,1,0,Bold / Shocking Claim (1),0.0
moreniketyi,B,Promo / Hype Seller,low,1,0,Bold / Shocking Claim (1),0.0
witewee,C,Show-and-Tell / Reveal,low (default: no hook detected),3,0,,0.0
getting.chic.done,B,Promo / Hype Seller,low,1,0,Social Proof / Results (1),0.0
soy.lachiki,A,Relatable Parent,medium,11,1,Problem / Pain Point (1),0.0
chelseycolee,C,Show-and-Tell / Reveal,low (default: no hook detected),1,0,,0.0
christinasfaves,A,Relatable Parent,medium,10,0,Direct Question (1),0.0
rachelmadisoncarlisle,B,Promo / Hype Seller,low,1,0,Bold / Shocking Claim (1),0.0
lvskinnyva,A,Relatable Parent,medium,4,0,Story / Personal Experience (1),0.0
emileymcguire,C,Show-and-Tell / Reveal,low (default: no hook detected),1,0,,0.0
radhikapokwal0,C,Show-and-Tell / Reveal,low (default: no hook detected),2,0,,0.0
jackiemandy,A,Relatable Parent,low,1,0,Story / Personal Experience (1),0.0
babyeddie3d,C,Show-and-Tell / Reveal,low (default: no hook detected),2,0,,0.0
saraygiron.1,C,Show-and-Tell / Reveal,low (default: no hook detected),5,0,,0.0
kylie_1236,A,Relatable Parent,medium,3,0,Story / Personal Experience (1),0.0
anierrein,A,Relatable Parent,low,1,0,Problem / Pain Point (1),0.0
meganboymom2,C,Show-and-Tell / Reveal,low (default: no hook detected),3,0,,0.0
babyalahia11,A,Relatable Parent,medium,5,0,Story / Personal Experience (1),0.0
baccaro_tts,A,Relatable Parent,medium,4,0,Story / Personal Experience (2); Offer / Urgency (1),0.0
tikamagar8543,C,Show-and-Tell / Reveal,low (default: no hook detected),1,0,,0.0
fabiannehill,C,Show-and-Tell / Reveal,low (default: no hook detected),1,0,,0.0
whitneyybh,C,Show-and-Tell / Reveal,low (default: no hook detected),1,0,,0.0
peteypablo1990,B,Promo / Hype Seller,low,2,0,Bold / Shocking Claim (1),0.0
damarisramosgt,A,Relatable Parent,high,13,3,Bold / Shocking Claim (1); Story / Personal Experience (1); Direct Question (1),0.0
tarachubzpub,C,Show-and-Tell / Reveal,low (default: no hook detected),4,0,,0.0
rekhabhujel03,C,Show-and-Tell / Reveal,low (default: no hook detected),2,0,,0.0
sally.neopaney04,C,Show-and-Tell / Reveal,low (default: no hook detected),3,0,,0.0
lynnq673_2.0,C,Show-and-Tell / Reveal,low (default: no hook detected),1,0,,0.0
gabbysmithco,B,Promo / Hype Seller,low,2,0,Bold / Shocking Claim (1),0.0
geespamz,A,Relatable Parent,low,1,0,Story / Personal Experience (1),0.0
julissagarmendia,C,Show-and-Tell / Reveal,low (default: no hook detected),3,1,,0.0
bmm993,C,Show-and-Tell / Reveal,low,1,1,Curiosity Gap (1),0.0
shoppingessentials2.0,C,Show-and-Tell / Reveal,low (default: no hook detected),1,0,,0.0
lovingsoberlife_84,C,Show-and-Tell / Reveal,low (default: no hook detected),4,1,,0.0
eli830410,C,Show-and-Tell / Reveal,low (default: no hook detected),3,0,,0.0
affiliate_mama_with_deb,B,Promo / Hype Seller,medium,7,0,Offer / Urgency (3); Problem / Pain Point (2),0.0
thedoublediscount,C,Show-and-Tell / Reveal,low (default: no hook detected),3,1,,0.0
kristkksjo8,B,Promo / Hype Seller,low,2,0,Social Proof / Results (1),0.0
nikkinagle,A,Relatable Parent,medium,4,0,Story / Personal Experience (3),0.0
ladyglowofficial,B,Promo / Hype Seller,medium,3,0,Bold / Shocking Claim (1),0.0
shoppingessentials69,C,Show-and-Tell / Reveal,low (default: no hook detected),7,0,,0.0
janetmosqueda7,B,Promo / Hype Seller,low,2,0,Bold / Shocking Claim (1),0.0
jxdysa,C,Show-and-Tell / Reveal,low (default: no hook detected),1,0,,0.0
orismarfarinas,C,Show-and-Tell / Reveal,low (default: no hook detected),2,0,,0.0
prosperitypathmastery,C,Show-and-Tell / Reveal,low (default: no hook detected),1,0,,0.0
lafamiliallanes,C,Show-and-Tell / Reveal,low (default: no hook detected),1,0,,0.0
mariah_uncut,C,Show-and-Tell / Reveal,low (default: no hook detected),1,0,,0.0
baileyonabudget,A,Relatable Parent,low,2,0,Direct Question (1),0.0
raisethemhappy,B,Promo / Hype Seller,medium,3,0,Social Proof / Results (1),0.0
kamalaneopaney,C,Show-and-Tell / Reveal,low (default: no hook detected),2,0,,0.0
laclaudiaviral,C,Show-and-Tell / Reveal,low (default: no hook detected),2,0,,0.0
lluvializcervantes,C,Show-and-Tell / Reveal,low (default: no hook detected),3,0,,0.0
shania101304,C,Show-and-Tell / Reveal,low (default: no hook detected),1,0,,0.0
tonya.sachika,C,Show-and-Tell / Reveal,low (default: no hook detected),1,0,,0.0
justuskingsstudios,C,Show-and-Tell / Reveal,low (default: no hook detected),2,0,,0.0
bellahana20,C,Show-and-Tell / Reveal,low (default: no hook detected),1,0,,0.0
selfmadeandsavvy,A,Relatable Parent,low,1,0,Story / Personal Experience (1),0.0
lindzey.jensen,C,Show-and-Tell / Reveal,low (default: no hook detected),4,0,,0.0
torihughes2871,B,Promo / Hype Seller,low,1,0,Bold / Shocking Claim (1),0.0
hilaryyusko,C,Show-and-Tell / Reveal,low (default: no hook detected),2,0,,0.0
eyeamdreams,C,Show-and-Tell / Reveal,low (default: no hook detected),5,0,,0.0
bigsea72,C,Show-and-Tell / Reveal,low (default: no hook detected),5,0,,0.0
nicafamilymezahernandez,C,Show-and-Tell / Reveal,low (default: no hook detected),1,0,,0.0
fastbrainwildheart,C,Show-and-Tell / Reveal,low (default: no hook detected),1,0,,0.0
lluviayaritza3,C,Show-and-Tell / Reveal,low (default: no hook detected),3,0,,0.0
gypsythewitch,B,Promo / Hype Seller,low,1,0,Social Proof / Results (1),0.0
justviral04,C,Show-and-Tell / Reveal,low (default: no hook detected),1,0,,0.0
uzairrashid103,C,Show-and-Tell / Reveal,low (default: no hook detected),1,0,,0.0
www.tiktok.comsparklyaut,B,Promo / Hype Seller,medium,3,0,Bold / Shocking Claim (2),0.0
x.grxxj,C,Show-and-Tell / Reveal,low (default: no hook detected),1,0,,0.0
lisa_marie_jeep_life,A,Relatable Parent,medium,3,0,Story / Personal Experience (1),0.0
sabinalamichhane33,C,Show-and-Tell / Reveal,low (default: no hook detected),1,0,,0.0
nuriramirez02,C,Show-and-Tell / Reveal,low (default: no hook detected),2,0,,0.0
mamabrandee,A,Relatable Parent,low,2,0,Problem / Pain Point (2),0.0
d.i.a.n.a.b.r.o.o.k.s,C,Show-and-Tell / Reveal,low (default: no hook detected),1,0,,0.0
jenn.and.the.jamm,C,Show-and-Tell / Reveal,low (default: no hook detected),1,0,,0.0
lisbethcastillo12,C,Show-and-Tell / Reveal,low (default: no hook detected),1,0,,0.0
justacouple155,B,Promo / Hype Seller,low,2,0,Offer / Urgency (1); Problem / Pain Point (1),0.0
kimberlyreashelle,C,Show-and-Tell / Reveal,low (default: no hook detected),1,0,,0.0
ashannbash,C,Show-and-Tell / Reveal,low (default: no hook detected),1,0,,0.0
saturnfreyja,A,Relatable Parent,medium,3,0,Direct Question (1),0.0
chronically.kristina,A,Relatable Parent,low,1,0,Direct Question (1),0.0
keyonnarose1111,C,Show-and-Tell / Reveal,low (default: no hook detected),1,0,,0.0
lasmartitasmexicanfood,C,Show-and-Tell / Reveal,low (default: no hook detected),3,0,,0.0
yenismorales58,C,Show-and-Tell / Reveal,low (default: no hook detected),1,0,,0.0
witchwithapendulum,C,Show-and-Tell / Reveal,low (default: no hook detected),4,0,,0.0
darrellinreallife,C,Show-and-Tell / Reveal,low (default: no hook detected),1,0,,0.0
jhounnedupuy1,C,Show-and-Tell / Reveal,low (default: no hook detected),2,0,,0.0
keilyn_carrion,B,Promo / Hype Seller,medium,5,0,Social Proof / Results (1),0.0
terry.bennett42,C,Show-and-Tell / Reveal,low (default: no hook detected),1,0,,0.0
joseph.2016,C,Show-and-Tell / Reveal,low (default: no hook detected),2,0,,0.0
magalylicea969,C,Show-and-Tell / Reveal,low (default: no hook detected),1,0,,0.0
horroractressstacyjohnso,C,Show-and-Tell / Reveal,low (default: no hook detected),1,0,,0.0
gisy.keiverenjoy,C,Show-and-Tell / Reveal,low (default: no hook detected),1,0,,0.0
lizthechaoscoordinator,C,Show-and-Tell / Reveal,low (default: no hook detected),6,0,,0.0
jazzeladi,C,Show-and-Tell / Reveal,low (default: no hook detected),2,0,,0.0
lizecsedy,A,Relatable Parent,low,1,0,Story / Personal Experience (1),0.0
myaesthetic15,A,Relatable Parent,medium,3,0,Story / Personal Experience (1),0.0
boxmunk,A,Relatable Parent,low,2,0,Story / Personal Experience (1),0.0
chronically.salty,C,Show-and-Tell / Reveal,low (default: no hook detected),1,0,,0.0
simplyher876,C,Show-and-Tell / Reveal,low (default: no hook detected),1,0,,0.0
life.of.lopez,B,Promo / Hype Seller,medium,5,1,Social Proof / Results (1),0.0
theallisonveer,B,Promo / Hype Seller,medium,4,0,Offer / Urgency (1); Problem / Pain Point (1),0.0
marthasosa789,C,Show-and-Tell / Reveal,low (default: no hook detected),2,0,,0.0
ladysarahelizabeth,C,Show-and-Tell / Reveal,low (default: no hook detected),2,0,,0.0
504ejercicioencasa,C,Show-and-Tell / Reveal,low (default: no hook detected),1,0,,0.0
thedrummingchef_33,C,Show-and-Tell / Reveal,low (default: no hook detected),8,0,,0.0
mrsgriffin15,A,Relatable Parent,medium,3,0,Story / Personal Experience (1); Bold / Shocking Claim (1); Direct Question (1),0.0
_yuleisys09_,A,Relatable Parent,medium,4,0,Story / Personal Experience (1),0.0
glamgallerymockup,A,Relatable Parent,medium,6,1,Story / Personal Experience (1),0.0
samah20013,C,Show-and-Tell / Reveal,low (default: no hook detected),2,0,,0.0
ttsaffiliateofficial,C,Show-and-Tell / Reveal,low (default: no hook detected),2,0,,0.0
ru4you22,A,Relatable Parent,low,2,0,Problem / Pain Point (2),0.0
brett1227,C,Show-and-Tell / Reveal,low (default: no hook detected),1,0,,0.0
theamandasyoung,A,Relatable Parent,low,1,0,Story / Personal Experience (1),0.0
onel9405,C,Show-and-Tell / Reveal,low (default: no hook detected),1,0,,0.0
grannysue20,C,Show-and-Tell / Reveal,low (default: no hook detected),3,0,,0.0
brittannnyx,C,Show-and-Tell / Reveal,low,1,0,Curiosity Gap (1),0.0
shai.raee,C,Show-and-Tell / Reveal,low (default: no hook detected),1,0,,0.0
getdealstoday,B,Promo / Hype Seller,medium,3,0,Offer / Urgency (3),0.0
andreafz22,C,Show-and-Tell / Reveal,low (default: no hook detected),4,0,,0.0
yariperez961203,C,Show-and-Tell / Reveal,low (default: no hook detected),3,0,,0.0
christina.santiago,A,Relatable Parent,medium,3,0,Direct Question (2); Problem / Pain Point (1),0.0
sarahfoxygrrrl,B,Promo / Hype Seller,medium,3,0,Offer / Urgency (1); Bold / Shocking Claim (1); Curiosity Gap (1),0.0
chuvi.guerrero,C,Show-and-Tell / Reveal,low (default: no hook detected),1,0,,0.0
leeleesfavfinds,A,Relatable Parent,low,1,1,Problem / Pain Point (1),0.0
lisapittaristamm,C,Show-and-Tell / Reveal,low (default: no hook detected),1,0,,0.0
pretty.vvs,B,Promo / Hype Seller,low,1,0,Social Proof / Results (1),0.0
foxysbaby,C,Show-and-Tell / Reveal,low (default: no hook detected),1,0,,0.0
yuny2758,C,Show-and-Tell / Reveal,low (default: no hook detected),2,0,,0.0
thehomeschoolingrodeomom,B,Promo / Hype Seller,medium,3,0,Bold / Shocking Claim (1); Story / Personal Experience (1),0.0
mythiccbish,A,Relatable Parent,high,5,3,Problem / Pain Point (3); Offer / Urgency (1),0.0
rsouarez95,B,Promo / Hype Seller,low,1,0,Offer / Urgency (1),0.0
kriseyh,A,Relatable Parent,low,1,0,Story / Personal Experience (1),0.0
timsinaindu775,A,Relatable Parent,medium,4,0,Story / Personal Experience (1),0.0
amyjeanwalker,C,Show-and-Tell / Reveal,low (default: no hook detected),2,0,,0.0
haleys1995,A,Relatable Parent,low,2,0,Story / Personal Experience (1); Problem / Pain Point (1),0.0
karissaunboxes,C,Show-and-Tell / Reveal,low (default: no hook detected),1,1,,0.0
lilackittyy_,B,Promo / Hype Seller,medium,3,0,Bold / Shocking Claim (1); Problem / Pain Point (1),0.0
mamabearreview,A,Relatable Parent,low,1,0,Direct Question (1),0.0
dollys_tok,A,Relatable Parent,medium,3,1,Story / Personal Experience (1),0.0
crazychickenladytingler1,A,Relatable Parent,low,1,1,Direct Question (1),0.0
mysassysweatpants,C,Show-and-Tell / Reveal,low (default: no hook detected),1,1,,0.0
heatherkerleylifestyle,A,Relatable Parent,low,2,0,Problem / Pain Point (1),0.0
ianlucas39,B,Promo / Hype Seller,low,1,0,Offer / Urgency (1),0.0
blakesand3rs,B,Promo / Hype Seller,low,1,0,Offer / Urgency (1),0.0
deal_doctor,B,Promo / Hype Seller,medium,4,0,Offer / Urgency (4),0.0
dreamcarqueen,C,Show-and-Tell / Reveal,low (default: no hook detected),2,0,,0.0
brulee223,C,Show-and-Tell / Reveal,low (default: no hook detected),2,0,,0.0
bekahhoush,A,Relatable Parent,low,2,1,Direct Question (2),0.0
misswendy.ashley,C,Show-and-Tell / Reveal,low (default: no hook detected),1,0,,0.0
lifeofnitra,B,Promo / Hype Seller,low,2,0,Offer / Urgency (1),0.0
cocinandoconaileen,B,Promo / Hype Seller,medium,3,0,Offer / Urgency (1); Social Proof / Results (1),0.0
try_it.first,B,Promo / Hype Seller,medium,3,0,Social Proof / Results (2),0.0
life.with.our.rainbows,A,Relatable Parent,low,1,0,Story / Personal Experience (1),0.0
brooke.leahann,A,Relatable Parent,medium,4,0,Story / Personal Experience (1); Bold / Shocking Claim (1),0.0
shopnslaysahm,A,Relatable Parent,medium,8,0,Story / Personal Experience (1),0.0
wowspalzk,C,Show-and-Tell / Reveal,low (default: no hook detected),2,0,,0.0
niahh_mo3,B,Promo / Hype Seller,medium,3,0,Offer / Urgency (1); Problem / Pain Point (1),0.0
jazzybsway,B,Promo / Hype Seller,low,2,0,Social Proof / Results (1),0.0
dhungelchampa,C,Show-and-Tell / Reveal,low (default: no hook detected),5,0,,0.0
teaandtruecrimewithbella,C,Show-and-Tell / Reveal,low (default: no hook detected),1,0,,0.0
barbarak107,B,Promo / Hype Seller,low,2,0,Offer / Urgency (1),0.0
whatmadisonfound,A,Relatable Parent,low,2,0,Problem / Pain Point (1),0.0
sustainaspell444,B,Promo / Hype Seller,low,1,0,Offer / Urgency (1),0.0
mariurky,C,Show-and-Tell / Reveal,low (default: no hook detected),12,0,,0.0
jaimeeelynnnn,C,Show-and-Tell / Reveal,low (default: no hook detected),1,0,,0.0
crystalpicard2,C,Show-and-Tell / Reveal,low (default: no hook detected),2,0,,0.0
mariaali114,C,Show-and-Tell / Reveal,low (default: no hook detected),1,0,,0.0
hotshopdeals4u,B,Promo / Hype Seller,low,2,1,Offer / Urgency (2),0.0
jaimelynnmichael,C,Show-and-Tell / Reveal,low (default: no hook detected),1,0,,0.0
curvetrendz,A,Relatable Parent,low,2,0,Problem / Pain Point (2),0.0
naturally_licia,A,Relatable Parent,low,1,0,Problem / Pain Point (1),0.0
nikkimichaels8,A,Relatable Parent,low,1,0,Story / Personal Experience (1),0.0
jills.tonie.clips,C,Show-and-Tell / Reveal,low (default: no hook detected),1,0,,0.0
lawsonpack,A,Relatable Parent,low,1,0,Story / Personal Experience (1),0.0
rojiamatya7,C,Show-and-Tell / Reveal,low (default: no hook detected),2,0,,0.0
heyitsmichelleb,C,Show-and-Tell / Reveal,low (default: no hook detected),1,0,,0.0
user8113015712607,C,Show-and-Tell / Reveal,low (default: no hook detected),2,0,,0.0
user105745916,B,Promo / Hype Seller,medium,4,0,Offer / Urgency (4),0.0
irinameyer504,C,Show-and-Tell / Reveal,low (default: no hook detected),2,0,,0.0
pretty.vybz,C,Show-and-Tell / Reveal,low (default: no hook detected),1,0,,0.0
palmer0236,C,Show-and-Tell / Reveal,low (default: no hook detected),3,1,,0.0
amandasfavoritethings,C,Show-and-Tell / Reveal,low (default: no hook detected),3,0,,0.0
del_is_in_the_house,A,Relatable Parent,low,1,0,Direct Question (1),0.0
aaliy.us,B,Promo / Hype Seller,low,1,0,Offer / Urgency (1),0.0
pandanamonium,C,Show-and-Tell / Reveal,low (default: no hook detected),1,0,,0.0
zoe_molly_,A,Relatable Parent,medium,3,1,Problem / Pain Point (1),0.0
erinpricesouth,C,Show-and-Tell / Reveal,low (default: no hook detected),2,0,,0.0
today1281,A,Relatable Parent,medium,14,0,Direct Question (1),0.0
comprasconcarol,B,Promo / Hype Seller,medium,4,1,Offer / Urgency (1),0.0
egosteelo,B,Promo / Hype Seller,low,2,0,Offer / Urgency (2),0.0
hechoencuba13,C,Show-and-Tell / Reveal,low (default: no hook detected),1,0,,0.0
haganscustompaint,C,Show-and-Tell / Reveal,low (default: no hook detected),1,0,,0.0
dashacoleman,B,Promo / Hype Seller,low,2,0,Offer / Urgency (1),0.0
simplysamrobinson,A,Relatable Parent,low,1,0,Direct Question (1),0.0
mui_life_style,C,Show-and-Tell / Reveal,low (default: no hook detected),1,0,,0.0
pressleytravels,A,Relatable Parent,low,1,0,Direct Question (1),0.0
maryeoficial,C,Show-and-Tell / Reveal,low (default: no hook detected),1,1,,0.0
stayhomewithbrandi,A,Relatable Parent,low,1,1,Direct Question (1),0.0
robertskay8,C,Show-and-Tell / Reveal,low (default: no hook detected),5,0,,0.0
elyssasdiary,C,Show-and-Tell / Reveal,low,1,1,Curiosity Gap (1),0.0
ashlee1423,C,Show-and-Tell / Reveal,low (default: no hook detected),1,0,,0.0
withluv.kiki,C,Show-and-Tell / Reveal,low (default: no hook detected),5,0,,0.0
socalshopdeals,C,Show-and-Tell / Reveal,low (default: no hook detected),4,0,,0.0
improvisefinds,A,Relatable Parent,low,1,1,Story / Personal Experience (1),0.0
rurururu0123,C,Show-and-Tell / Reveal,low (default: no hook detected),2,0,,0.0
cassies_chaos1,B,Promo / Hype Seller,medium,9,0,Bold / Shocking Claim (3); Direct Question (1),0.0
ena.segovia,C,Show-and-Tell / Reveal,low (default: no hook detected),2,0,,0.0
ingiowetrustttt,C,Show-and-Tell / Reveal,low (default: no hook detected),15,0,,0.0
ailin.rodriguez.diez,C,Show-and-Tell / Reveal,low (default: no hook detected),6,0,,0.0
tristfrwxce,B,Promo / Hype Seller,medium,5,0,Social Proof / Results (1); Story / Personal Experience (1),0.0
purplefyres,B,Promo / Hype Seller,medium,3,0,Social Proof / Results (1),0.0
travelwithkabulhope1,C,Show-and-Tell / Reveal,low (default: no hook detected),2,0,,0.0
theabanaseries,C,Show-and-Tell / Reveal,low (default: no hook detected),1,0,,0.0
amznking,C,Show-and-Tell / Reveal,low (default: no hook detected),3,0,,0.0
jaysfancyfinds,C,Show-and-Tell / Reveal,low (default: no hook detected),1,0,,0.0
samantha8535,B,Promo / Hype Seller,low,2,0,Bold / Shocking Claim (1),0.0
yourboujeebartender,A,Relatable Parent,low,2,0,Story / Personal Experience (1),0.0
bapsproduction,C,Show-and-Tell / Reveal,low (default: no hook detected),3,0,,0.0
claudiarafael12,C,Show-and-Tell / Reveal,low (default: no hook detected),1,0,,0.0
tabbystiktokshop,C,Show-and-Tell / Reveal,low (default: no hook detected),1,0,,0.0
shawn_sennett,A,Relatable Parent,low,2,0,Problem / Pain Point (1),0.0
jussycloset,C,Show-and-Tell / Reveal,medium,13,0,Curiosity Gap (5); Story / Personal Experience (3); Direct Question (1),0.0
7eela,C,Show-and-Tell / Reveal,low (default: no hook detected),2,0,,0.0
k.marshay,C,Show-and-Tell / Reveal,medium,5,0,Curiosity Gap (1),0.0
savewithgh,B,Promo / Hype Seller,medium,9,0,Offer / Urgency (9),0.0
elyssashauls,C,Show-and-Tell / Reveal,low (default: no hook detected),1,0,,0.0
mylifestyle557,C,Show-and-Tell / Reveal,low (default: no hook detected),2,0,,0.0
link_sniper,A,Relatable Parent,low,2,0,Story / Personal Experience (1),0.0
mindy.beee,B,Promo / Hype Seller,low,2,0,Social Proof / Results (1),0.0
the_deal_bender,C,Show-and-Tell / Reveal,low (default: no hook detected),3,0,,0.0
mskayladrew,A,Relatable Parent,low,1,0,Problem / Pain Point (1),0.0
bog_wild_mama,A,Relatable Parent,low,2,0,Problem / Pain Point (1),0.0
dayaoviedo24,C,Show-and-Tell / Reveal,low (default: no hook detected),1,0,,0.0
ayeyokells,A,Relatable Parent,medium,4,0,Problem / Pain Point (4),0.0
crazimadi,C,Show-and-Tell / Reveal,low (default: no hook detected),1,0,,0.0
itsyagirlk0,C,Show-and-Tell / Reveal,low (default: no hook detected),1,0,,0.0
dmv..1973,C,Show-and-Tell / Reveal,low (default: no hook detected),2,0,,0.0
cdkidwell04,C,Show-and-Tell / Reveal,low (default: no hook detected),2,0,,0.0
german_hbs,C,Show-and-Tell / Reveal,low (default: no hook detected),1,0,,0.0
suravibhandari,A,Relatable Parent,low,1,0,Problem / Pain Point (1),0.0
wallyofertas,B,Promo / Hype Seller,medium,4,0,Offer / Urgency (4),0.0
hannahsahm,B,Promo / Hype Seller,low,2,0,Offer / Urgency (1); Problem / Pain Point (1),0.0
mayaabhattaraiii,A,Relatable Parent,low,1,0,Problem / Pain Point (1),0.0
mylife_withkids,C,Show-and-Tell / Reveal,low (default: no hook detected),3,0,,0.0
allthingsaniyah,C,Show-and-Tell / Reveal,low (default: no hook detected),1,0,,0.0
westernwhistle,C,Show-and-Tell / Reveal,low (default: no hook detected),1,0,,0.0
method.deals,C,Show-and-Tell / Reveal,low (default: no hook detected),3,0,,0.0
ariannacristinac,C,Show-and-Tell / Reveal,low (default: no hook detected),2,0,,0.0
stealz_deals_daily,A,Relatable Parent,medium,5,0,Story / Personal Experience (1); Problem / Pain Point (1); Social Proof / Results (1),0.0
kirstenspagesandpackages,C,Show-and-Tell / Reveal,low (default: no hook detected),2,0,,0.0
wealthbuildingrockstar,C,Show-and-Tell / Reveal,low (default: no hook detected),3,0,,0.0
jocelynjhosy,C,Show-and-Tell / Reveal,low (default: no hook detected),3,0,,0.0
radhikanepal59,C,Show-and-Tell / Reveal,low (default: no hook detected),1,0,,0.0
mackenziehoudek03,C,Show-and-Tell / Reveal,low (default: no hook detected),1,0,,0.0
yojana_canales11,C,Show-and-Tell / Reveal,low (default: no hook detected),3,0,,0.0
roostandroots,C,Show-and-Tell / Reveal,low (default: no hook detected),2,0,,0.0
turbolaylamaggie,C,Show-and-Tell / Reveal,low (default: no hook detected),3,0,,0.0
yadavikafle,C,Show-and-Tell / Reveal,low (default: no hook detected),1,0,,0.0
formidablyfrugal,C,Show-and-Tell / Reveal,low (default: no hook detected),2,0,,0.0
rayelena0392,C,Show-and-Tell / Reveal,low (default: no hook detected),1,0,,0.0
thesolarauthority,A,Relatable Parent,low,1,0,Story / Personal Experience (1),0.0
get_it_redd,A,Relatable Parent,medium,7,2,Problem / Pain Point (1),0.0
formid.vibes,C,Show-and-Tell / Reveal,low (default: no hook detected),1,0,,0.0
leelsadh,C,Show-and-Tell / Reveal,low (default: no hook detected),1,0,,0.0
jeniferwong,A,Relatable Parent,low,1,0,Problem / Pain Point (1),0.0
jason_norcross,C,Show-and-Tell / Reveal,low (default: no hook detected),1,0,,0.0
valerietaylorshop,B,Promo / Hype Seller,low,2,0,Offer / Urgency (1); Story / Personal Experience (1),0.0
daniellerenee8288,C,Show-and-Tell / Reveal,low (default: no hook detected),1,0,,0.0
jamiefindsfun,A,Relatable Parent,low,2,1,Bold / Shocking Claim (1); Problem / Pain Point (1),0.0
vee.faves,A,Relatable Parent,low,2,0,Story / Personal Experience (1),0.0
jacqueleigh09,A,Relatable Parent,medium,7,1,Story / Personal Experience (2),0.0
queenlashay91,C,Show-and-Tell / Reveal,low (default: no hook detected),1,0,,0.0
holisticdeals4u,C,Show-and-Tell / Reveal,low (default: no hook detected),2,0,,0.0
myperspective789,C,Show-and-Tell / Reveal,low (default: no hook detected),4,0,,0.0
turtlelicious1850,B,Promo / Hype Seller,low,2,0,Bold / Shocking Claim (1),0.0
quye.us,B,Promo / Hype Seller,low,1,0,Offer / Urgency (1),0.0
muddyboots_reviews,C,Show-and-Tell / Reveal,low (default: no hook detected),2,0,,0.0
yenisetbori,A,Relatable Parent,low,2,0,Problem / Pain Point (1); Direct Question (1),0.0
kristinleigh976,B,Promo / Hype Seller,low,1,0,Social Proof / Results (1),0.0
laxmiupreti08,C,Show-and-Tell / Reveal,low (default: no hook detected),2,0,,0.0
bassman5316,B,Promo / Hype Seller,low,2,0,Bold / Shocking Claim (2),0.0
mamas1finds,B,Promo / Hype Seller,low,2,0,Offer / Urgency (2),0.0
_jechelle_,C,Show-and-Tell / Reveal,low (default: no hook detected),1,0,,0.0
gisselecreations,C,Show-and-Tell / Reveal,low (default: no hook detected),1,0,,0.0
elducho.thrift,C,Show-and-Tell / Reveal,low (default: no hook detected),1,0,,0.0
charnetteb,B,Promo / Hype Seller,medium,3,0,Bold / Shocking Claim (1),0.0
lovechaos85,A,Relatable Parent,medium,20,0,Problem / Pain Point (16); Bold / Shocking Claim (1),0.0
jessttsaffiliatetips,A,Relatable Parent,low,1,0,Problem / Pain Point (1),0.0
betterbybrian,C,Show-and-Tell / Reveal,low (default: no hook detected),2,0,,0.0
thedealdojo,A,Relatable Parent,low,1,0,Problem / Pain Point (1),0.0
susenneroct,B,Promo / Hype Seller,low,1,0,Offer / Urgency (1),0.0
no.crumbs.wasted,C,Show-and-Tell / Reveal,low (default: no hook detected),1,0,,0.0
big__muva,A,Relatable Parent,medium,3,0,Problem / Pain Point (1),0.0
tts.tx.anni,C,Show-and-Tell / Reveal,low (default: no hook detected),1,0,,0.0
naturalmax_jose2,A,Relatable Parent,low,1,0,Problem / Pain Point (1),0.0
kiaralatina_,A,Relatable Parent,low,2,0,Problem / Pain Point (2),0.0
jocoy_farms,C,Show-and-Tell / Reveal,low (default: no hook detected),6,0,,0.0
kaylynt89,B,Promo / Hype Seller,low,2,0,Bold / Shocking Claim (1),0.0
jessicajw7,B,Promo / Hype Seller,low,1,0,Social Proof / Results (1),0.0
aleshajove,C,Show-and-Tell / Reveal,low (default: no hook detected),1,0,,0.0
dpujol1985,C,Show-and-Tell / Reveal,low (default: no hook detected),1,0,,0.0
nobodybutlayy,C,Show-and-Tell / Reveal,low (default: no hook detected),2,0,,0.0
adenaneemstha,C,Show-and-Tell / Reveal,low (default: no hook detected),1,0,,0.0
kory_yanet,C,Show-and-Tell / Reveal,low (default: no hook detected),3,0,,0.0
pennyrae9,B,Promo / Hype Seller,medium,7,0,Offer / Urgency (2),0.0
paxton27xxx,C,Show-and-Tell / Reveal,low (default: no hook detected),1,0,,0.0
unicornwafflezz,C,Show-and-Tell / Reveal,low (default: no hook detected),3,0,,0.0
darilh.com,C,Show-and-Tell / Reveal,low (default: no hook detected),4,0,,0.0
rizzdeals,A,Relatable Parent,low,1,0,Direct Question (1),0.0
fireshoppin,B,Promo / Hype Seller,medium,3,0,Offer / Urgency (3),0.0
christinefavorites,A,Relatable Parent,medium,6,0,Problem / Pain Point (3); Social Proof / Results (1); Story / Personal Experience (1),0.0
christinelouisev,A,Relatable Parent,medium,3,0,Problem / Pain Point (1),0.0
cedarandchic,C,Show-and-Tell / Reveal,low (default: no hook detected),1,0,,0.0
skbrand_ceo,C,Show-and-Tell / Reveal,low (default: no hook detected),4,0,,0.0
sabie_bb,C,Show-and-Tell / Reveal,low (default: no hook detected),2,0,,0.0
wayoutmercantile,C,Show-and-Tell / Reveal,low (default: no hook detected),18,0,,0.0
gioleon123,C,Show-and-Tell / Reveal,low (default: no hook detected),2,0,,0.0
justbuckss,C,Show-and-Tell / Reveal,low (default: no hook detected),1,0,,0.0
pnwdad206,B,Promo / Hype Seller,low,1,1,Bold / Shocking Claim (1),0.0
best.finds._7,C,Show-and-Tell / Reveal,low (default: no hook detected),1,0,,0.0
alekashop_,C,Show-and-Tell / Reveal,low (default: no hook detected),3,0,,0.0
kateshopss,C,Show-and-Tell / Reveal,low (default: no hook detected),2,0,,0.0
canna_king,C,Show-and-Tell / Reveal,low (default: no hook detected),2,0,,0.0
srijanaliam,C,Show-and-Tell / Reveal,low (default: no hook detected),1,0,,0.0
wackytimes0,C,Show-and-Tell / Reveal,low (default: no hook detected),1,1,,0.0
martynfitness,C,Show-and-Tell / Reveal,low (default: no hook detected),4,0,,0.0
dipya96,C,Show-and-Tell / Reveal,low (default: no hook detected),2,1,,0.0
kingsdeals,A,Relatable Parent,low,2,0,Problem / Pain Point (1),0.0
tedamaesue,A,Relatable Parent,low,2,0,Direct Question (2),0.0
arthurfindz,B,Promo / Hype Seller,low,2,0,Offer / Urgency (2),0.0
chelseajanegreen,A,Relatable Parent,medium,3,0,Bold / Shocking Claim (1); Story / Personal Experience (1); Problem / Pain Point (1),0.0
comebackjan2,B,Promo / Hype Seller,low,2,0,Offer / Urgency (2),0.0
chekylad,C,Show-and-Tell / Reveal,low (default: no hook detected),1,0,,0.0
jasssherica,C,Show-and-Tell / Reveal,low (default: no hook detected),1,0,,0.0
igotitontiktokshop,C,Show-and-Tell / Reveal,low (default: no hook detected),3,0,,0.0
katiegirl777,C,Show-and-Tell / Reveal,low (default: no hook detected),1,0,,0.0
kaylynreve,A,Relatable Parent,low,2,0,Problem / Pain Point (2),0.0
stroller_pug,A,Relatable Parent,low,1,0,Problem / Pain Point (1),0.0
herline.badeau,C,Show-and-Tell / Reveal,low (default: no hook detected),7,0,,0.0
mom35glowfind,C,Show-and-Tell / Reveal,low (default: no hook detected),7,0,,0.0
blogaboutitall,C,Show-and-Tell / Reveal,low (default: no hook detected),2,0,,0.0
kasenscorner,A,Relatable Parent,low,1,0,Story / Personal Experience (1),0.0
her.ancient.identity,B,Promo / Hype Seller,medium,4,0,Offer / Urgency (4),0.0
sheluvslink,C,Show-and-Tell / Reveal,low (default: no hook detected),1,0,,0.0
fruitfinds,B,Promo / Hype Seller,medium,4,0,Offer / Urgency (4),0.0
mrbirdiebook,A,Relatable Parent,medium,3,0,Story / Personal Experience (1),0.0
h.anner,C,Show-and-Tell / Reveal,low (default: no hook detected),7,1,,0.0
enanita.504,C,Show-and-Tell / Reveal,low (default: no hook detected),1,0,,0.0
bees_of_three,A,Relatable Parent,low,1,0,Problem / Pain Point (1),0.0
artsyindigo,C,Show-and-Tell / Reveal,low (default: no hook detected),1,0,,0.0
shoedad23,C,Show-and-Tell / Reveal,low (default: no hook detected),1,0,,0.0
busyboymomamanda,C,Show-and-Tell / Reveal,low (default: no hook detected),2,0,,0.0
missestandme,B,Promo / Hype Seller,medium,10,0,Bold / Shocking Claim (3); Direct Question (1); Story / Personal Experience (1),0.0
prettygoodlife,C,Show-and-Tell / Reveal,low (default: no hook detected),1,0,,0.0
faithshopfinds,C,Show-and-Tell / Reveal,low (default: no hook detected),1,0,,0.0
the_reluctant_foreman,C,Show-and-Tell / Reveal,low (default: no hook detected),1,0,,0.0
lovelauren96,A,Relatable Parent,medium,4,1,Story / Personal Experience (1),0.0
ana.elizabeth.r,C,Show-and-Tell / Reveal,low (default: no hook detected),1,0,,0.0
ambertexasmama,C,Show-and-Tell / Reveal,low (default: no hook detected),2,0,,0.0
aliciam622,C,Show-and-Tell / Reveal,low (default: no hook detected),1,0,,0.0
gsfavoritefinds,C,Show-and-Tell / Reveal,low (default: no hook detected),1,0,,0.0
adhdbrainn,C,Show-and-Tell / Reveal,low (default: no hook detected),2,0,,0.0
zairap24,C,Show-and-Tell / Reveal,low (default: no hook detected),4,0,,0.0
kyliejhughes,A,Relatable Parent,low,1,0,Story / Personal Experience (1),0.0
happy_tiktokfinds,C,Show-and-Tell / Reveal,low (default: no hook detected),2,0,,0.0
broken.on.purpose,C,Show-and-Tell / Reveal,low (default: no hook detected),1,0,,0.0
amberamote,A,Relatable Parent,low,1,0,Problem / Pain Point (1),0.0
simple.seshh,C,Show-and-Tell / Reveal,low (default: no hook detected),2,0,,0.0
serpentdeals,B,Promo / Hype Seller,medium,8,0,Offer / Urgency (8),0.0
luxuriousforever,A,Relatable Parent,low,1,0,Story / Personal Experience (1),0.0
arabspeechie,B,Promo / Hype Seller,low,2,0,Offer / Urgency (1),0.0
chrissyhebert6,C,Show-and-Tell / Reveal,low (default: no hook detected),4,0,,0.0
ambers.shoppingdeals,C,Show-and-Tell / Reveal,low (default: no hook detected),1,0,,0.0
shainabytheshore,A,Relatable Parent,low,2,0,Story / Personal Experience (1),0.0
ayzanay,C,Show-and-Tell / Reveal,low (default: no hook detected),1,0,,0.0
trevors_closet,C,Show-and-Tell / Reveal,low (default: no hook detected),1,0,,0.0
gabylmus0,C,Show-and-Tell / Reveal,low (default: no hook detected),2,0,,0.0
businesswithjaque,B,Promo / Hype Seller,medium,4,0,Offer / Urgency (2); Bold / Shocking Claim (1),0.0
mclovinpartyof8,A,Relatable Parent,medium,3,0,Story / Personal Experience (1); Direct Question (1),0.0
shopdealsbyquis,A,Relatable Parent,medium,3,0,Story / Personal Experience (2),0.0
chemicalcleanedmeme,C,Show-and-Tell / Reveal,low (default: no hook detected),3,0,,0.0
ana.buys,C,Show-and-Tell / Reveal,low (default: no hook detected),1,0,,0.0
dirtyducks2,C,Show-and-Tell / Reveal,low (default: no hook detected),1,0,,0.0
ana_mateo_shop,C,Show-and-Tell / Reveal,low (default: no hook detected),1,0,,0.0
cheyennestewart86,C,Show-and-Tell / Reveal,low (default: no hook detected),1,0,,0.0
gretchen7472,C,Show-and-Tell / Reveal,low (default: no hook detected),1,0,,0.0
liena_tiktokshop,C,Show-and-Tell / Reveal,low (default: no hook detected),1,0,,0.0
travis.shops,A,Relatable Parent,low,2,2,Problem / Pain Point (1),0.0
toritriesit,A,Relatable Parent,medium,3,2,Story / Personal Experience (1),0.0
legendarylootfinds,B,Promo / Hype Seller,low,2,1,Offer / Urgency (1),0.0
kendaa28,C,Show-and-Tell / Reveal,low (default: no hook detected),1,0,,0.0
katekoko83,B,Promo / Hype Seller,medium,4,0,Bold / Shocking Claim (1); Problem / Pain Point (1),0.0
rafi_jane,C,Show-and-Tell / Reveal,low (default: no hook detected),1,0,,0.0
the_homesteading_nurse,A,Relatable Parent,low,2,1,Problem / Pain Point (1); Story / Personal Experience (1),0.0
nikki_kk19,A,Relatable Parent,low,1,0,Problem / Pain Point (1),0.0
20twentyfive,B,Promo / Hype Seller,low,1,0,Offer / Urgency (1),0.0
busybredesigns,A,Relatable Parent,low,1,1,Problem / Pain Point (1),0.0
chelsey..phillips,C,Show-and-Tell / Reveal,low (default: no hook detected),1,0,,0.0
diamond.joey.z,A,Relatable Parent,medium,7,0,Problem / Pain Point (3); Offer / Urgency (3),0.0
britt_fit_,B,Promo / Hype Seller,low,2,0,Bold / Shocking Claim (1),0.0
mfsupply,B,Promo / Hype Seller,low,1,0,Offer / Urgency (1),0.0
robertomguillen,C,Show-and-Tell / Reveal,low (default: no hook detected),1,0,,0.0
lynette_riosher,A,Relatable Parent,low,1,0,Story / Personal Experience (1),0.0
panda.momma4,A,Relatable Parent,low,1,1,Story / Personal Experience (1),0.0
quantumcode0,A,Relatable Parent,low,1,0,Problem / Pain Point (1),0.0
xravenskyex,C,Show-and-Tell / Reveal,low (default: no hook detected),1,0,,0.0
kbizzle_143,C,Show-and-Tell / Reveal,low (default: no hook detected),2,0,,0.0
mayameri_4,C,Show-and-Tell / Reveal,low (default: no hook detected),1,0,,0.0
fantasticdealz,C,Show-and-Tell / Reveal,low (default: no hook detected),1,0,,0.0
esmat_bk,C,Show-and-Tell / Reveal,low (default: no hook detected),2,0,,0.0
smile__more,B,Promo / Hype Seller,low,2,0,Offer / Urgency (2),0.0
timjr1983,B,Promo / Hype Seller,low,2,0,Social Proof / Results (2),0.0
january15tthh,B,Promo / Hype Seller,low,1,0,Offer / Urgency (1),0.0
trejojr88,C,Show-and-Tell / Reveal,low (default: no hook detected),1,0,,0.0
itsjustthetruthh_,B,Promo / Hype Seller,low,2,0,Offer / Urgency (2),0.0
north.idaho.made,A,Relatable Parent,medium,4,1,Problem / Pain Point (1); Bold / Shocking Claim (1),0.0
snaggeddealss,B,Promo / Hype Seller,medium,8,0,Offer / Urgency (8),0.0
findsfortwo,C,Show-and-Tell / Reveal,low (default: no hook detected),1,0,,0.0
gingermomchronicles,C,Show-and-Tell / Reveal,low (default: no hook detected),2,0,,0.0
therealfoodstalker,C,Show-and-Tell / Reveal,low (default: no hook detected),1,0,,0.0
grumpy_siren,C,Show-and-Tell / Reveal,low (default: no hook detected),1,0,,0.0
sunshinelyn_,A,Relatable Parent,low,1,0,Problem / Pain Point (1),0.0
talkaboutdrew,C,Show-and-Tell / Reveal,low (default: no hook detected),1,0,,0.0
_i_am_gotti,A,Relatable Parent,low,2,0,Direct Question (1),0.0
ailypublis,C,Show-and-Tell / Reveal,low (default: no hook detected),1,0,,0.0
lowandadavis2,C,Show-and-Tell / Reveal,low (default: no hook detected),1,0,,0.0
debramckee6,C,Show-and-Tell / Reveal,low (default: no hook detected),2,0,,0.0
natalieseanie13,A,Relatable Parent,medium,5,0,Story / Personal Experience (1); Problem / Pain Point (1),0.0
kaseyas0920,C,Show-and-Tell / Reveal,low (default: no hook detected),1,0,,0.0
infinite.balance,C,Show-and-Tell / Reveal,low (default: no hook detected),2,0,,0.0
iiamglizz,A,Relatable Parent,low,1,0,Direct Question (1),0.0
misssnat,B,Promo / Hype Seller,low,2,0,Social Proof / Results (1); Bold / Shocking Claim (1),0.0
mayimbathecreator,B,Promo / Hype Seller,low,1,0,Bold / Shocking Claim (1),0.0
amandadavis877,C,Show-and-Tell / Reveal,low (default: no hook detected),1,0,,0.0
lifewithlisadawn,B,Promo / Hype Seller,medium,3,0,Social Proof / Results (1); Problem / Pain Point (1); Bold / Shocking Claim (1),0.0
dailydoseofnia,C,Show-and-Tell / Reveal,low (default: no hook detected),1,0,,0.0
suzytheshihtzu1,C,Show-and-Tell / Reveal,low (default: no hook detected),1,0,,0.0
margotover40finds,C,Show-and-Tell / Reveal,low (default: no hook detected),2,0,,0.0
jackiie_guzman,C,Show-and-Tell / Reveal,low (default: no hook detected),2,0,,0.0
mrs.harlemgrown,C,Show-and-Tell / Reveal,low (default: no hook detected),1,0,,0.0
evachapmann,A,Relatable Parent,low,1,0,Problem / Pain Point (1),0.0
lisaslife55,C,Show-and-Tell / Reveal,low (default: no hook detected),1,0,,0.0
jordynbayston,C,Show-and-Tell / Reveal,low (default: no hook detected),1,0,,0.0
therecipeeguy,C,Show-and-Tell / Reveal,low (default: no hook detected),1,0,,0.0
amber32386,C,Show-and-Tell / Reveal,low (default: no hook detected),1,0,,0.0
luckylittlepennycrafts,C,Show-and-Tell / Reveal,low (default: no hook detected),1,0,,0.0
tristyyyy,C,Show-and-Tell / Reveal,low (default: no hook detected),1,0,,0.0
creadoradeofertas,C,Show-and-Tell / Reveal,low (default: no hook detected),6,0,,0.0
teamawaroyalfinds,C,Show-and-Tell / Reveal,low (default: no hook detected),6,0,,0.0
emeraldfinds777,A,Relatable Parent,medium,8,0,Story / Personal Experience (2); Offer / Urgency (1); Direct Question (1),0.0
bonzai_deals,A,Relatable Parent,medium,21,1,Story / Personal Experience (1),0.0
normaldadlife,C,Show-and-Tell / Reveal,low (default: no hook detected),4,0,,0.0
ailinlima93,C,Show-and-Tell / Reveal,low (default: no hook detected),1,0,,0.0
adore.ericaaa,C,Show-and-Tell / Reveal,low (default: no hook detected),3,0,,0.0
naturallymati,C,Show-and-Tell / Reveal,low (default: no hook detected),1,0,,0.0
golfvision,B,Promo / Hype Seller,medium,8,0,Offer / Urgency (8),0.0
primefindsssss,B,Promo / Hype Seller,medium,4,0,Offer / Urgency (4),0.0
cowboybunnybeep,C,Show-and-Tell / Reveal,low (default: no hook detected),2,0,,0.0
cheerzyshop,C,Show-and-Tell / Reveal,low (default: no hook detected),1,0,,0.0
chandler_reviews,B,Promo / Hype Seller,low,2,0,Social Proof / Results (1),0.0
kacdixon,C,Show-and-Tell / Reveal,low (default: no hook detected),1,0,,0.0
mariashomestead,C,Show-and-Tell / Reveal,low (default: no hook detected),2,0,,0.0
dinesa9266,C,Show-and-Tell / Reveal,low (default: no hook detected),2,0,,0.0
camronnbrown,C,Show-and-Tell / Reveal,low (default: no hook detected),1,0,,0.0
maryadadhungana,C,Show-and-Tell / Reveal,low (default: no hook detected),1,0,,0.0
peachgrower7,B,Promo / Hype Seller,low,1,0,Social Proof / Results (1),0.0
tamie.konzier,C,Show-and-Tell / Reveal,low (default: no hook detected),1,0,,0.0
reviewingwithmegan,C,Show-and-Tell / Reveal,low (default: no hook detected),1,0,,0.0
matchmanintexas,A,Relatable Parent,low,2,0,Problem / Pain Point (1),0.0
gilgal.farmstead,C,Show-and-Tell / Reveal,low (default: no hook detected),1,0,,0.0
k_w_m18,C,Show-and-Tell / Reveal,low (default: no hook detected),1,0,,0.0
papasmurf915,A,Relatable Parent,low,2,1,Story / Personal Experience (1),0.0
leximparker,C,Show-and-Tell / Reveal,low (default: no hook detected),1,0,,0.0
helloallys2,C,Show-and-Tell / Reveal,low (default: no hook detected),1,0,,0.0
medicenjuanshop,C,Show-and-Tell / Reveal,low (default: no hook detected),12,0,,0.0
soyalbouquet,C,Show-and-Tell / Reveal,low (default: no hook detected),2,0,,0.0
ckaybdesign,C,Show-and-Tell / Reveal,low (default: no hook detected),2,0,,0.0
shopwithjc0,C,Show-and-Tell / Reveal,low (default: no hook detected),1,0,,0.0
cherry_rose_jubilee,C,Show-and-Tell / Reveal,low (default: no hook detected),2,0,,0.0
lianet.soto.medin,C,Show-and-Tell / Reveal,low (default: no hook detected),3,0,,0.0
paratucuerpo,C,Show-and-Tell / Reveal,low (default: no hook detected),1,0,,0.0
thegigiof3,A,Relatable Parent,low,1,0,Problem / Pain Point (1),0.0
gow525,C,Show-and-Tell / Reveal,low (default: no hook detected),1,0,,0.0
unstablegenius64,C,Show-and-Tell / Reveal,low (default: no hook detected),10,0,,0.0
itsjustlikethat8,A,Relatable Parent,low,1,0,Story / Personal Experience (1),0.0
sahmomtalk,A,Relatable Parent,medium,6,0,Problem / Pain Point (2); Bold / Shocking Claim (1); Social Proof / Results (1),0.0
betsaida0928,C,Show-and-Tell / Reveal,low (default: no hook detected),1,0,,0.0
hannah_lynn_home,C,Show-and-Tell / Reveal,low (default: no hook detected),3,0,,0.0
thepibbler57,A,Relatable Parent,medium,5,0,Story / Personal Experience (2),0.0
beauty_with_bri,C,Show-and-Tell / Reveal,low (default: no hook detected),1,0,,0.0
leilei.iiii,C,Show-and-Tell / Reveal,low (default: no hook detected),4,0,,0.0
leishomefinds,A,Relatable Parent,medium,4,0,Story / Personal Experience (1); Bold / Shocking Claim (1),0.0
cawithlittles,C,Show-and-Tell / Reveal,low (default: no hook detected),1,0,,0.0
01iris01,C,Show-and-Tell / Reveal,low (default: no hook detected),3,0,,0.0
johnnycruz315,C,Show-and-Tell / Reveal,low (default: no hook detected),9,0,,0.0
kayla_floyd1,C,Show-and-Tell / Reveal,low (default: no hook detected),1,0,,0.0
natashafurduy,C,Show-and-Tell / Reveal,low (default: no hook detected),3,0,,0.0
luisfajardohn,C,Show-and-Tell / Reveal,low (default: no hook detected),1,0,,0.0
sarmil101,C,Show-and-Tell / Reveal,low (default: no hook detected),1,0,,0.0
wasoona1,C,Show-and-Tell / Reveal,low (default: no hook detected),1,0,,0.0
thehannaco,A,Relatable Parent,low,1,0,Problem / Pain Point (1),0.0
itsjustmekimberly,C,Show-and-Tell / Reveal,low (default: no hook detected),1,0,,0.0
followthepattersons,C,Show-and-Tell / Reveal,low (default: no hook detected),1,0,,0.0
crystalblue3.0,C,Show-and-Tell / Reveal,low (default: no hook detected),1,0,,0.0
sidelinemom22,C,Show-and-Tell / Reveal,low (default: no hook detected),1,0,,0.0
mikethatsprettycool,C,Show-and-Tell / Reveal,low (default: no hook detected),1,0,,0.0
regular_megan,A,Relatable Parent,low,2,0,Story / Personal Experience (1),0.0
samrii_12,C,Show-and-Tell / Reveal,low (default: no hook detected),2,0,,0.0
borgesjuanmanuel,C,Show-and-Tell / Reveal,low (default: no hook detected),9,0,,0.0
andthensomelove,C,Show-and-Tell / Reveal,low (default: no hook detected),2,0,,0.0
sabnamraimahato,C,Show-and-Tell / Reveal,low (default: no hook detected),2,0,,0.0
affiliatetammytaylor,A,Relatable Parent,low,1,0,Problem / Pain Point (1),0.0
mommyrager,C,Show-and-Tell / Reveal,low (default: no hook detected),1,0,,0.0
ka.devore,A,Relatable Parent,low,2,0,Problem / Pain Point (1),0.0
pamdeals,B,Promo / Hype Seller,low,1,0,Bold / Shocking Claim (1),0.0
awaroyalfinds,C,Show-and-Tell / Reveal,low (default: no hook detected),6,0,,0.0
chelsea_romero2,A,Relatable Parent,medium,5,0,Story / Personal Experience (1); Problem / Pain Point (1); Direct Question (1),0.0
mamaannie27,B,Promo / Hype Seller,low,1,0,Bold / Shocking Claim (1),0.0
hotshoppin,B,Promo / Hype Seller,medium,4,0,Offer / Urgency (4),0.0
jenna_beck,C,Show-and-Tell / Reveal,low (default: no hook detected),1,0,,0.0
b.m.arab,C,Show-and-Tell / Reveal,low (default: no hook detected),3,0,,0.0
hellosunshineoh,A,Relatable Parent,low,1,0,Story / Personal Experience (1),0.0
little_miss_c_,C,Show-and-Tell / Reveal,low (default: no hook detected),2,0,,0.0
jonesyfinds,A,Relatable Parent,medium,3,0,Story / Personal Experience (1),0.0
amandabridges90,A,Relatable Parent,medium,11,0,Story / Personal Experience (6); Direct Question (1),0.0
_xoxxobri_,C,Show-and-Tell / Reveal,low (default: no hook detected),2,0,,0.0
jessunfilteredx,C,Show-and-Tell / Reveal,low (default: no hook detected),1,0,,0.0
morg_lucas,C,Show-and-Tell / Reveal,low (default: no hook detected),1,0,,0.0
rebikabishnu,C,Show-and-Tell / Reveal,low (default: no hook detected),1,0,,0.0
joitacostanew,C,Show-and-Tell / Reveal,low (default: no hook detected),3,0,,0.0
arjunbhai_52,C,Show-and-Tell / Reveal,low (default: no hook detected),1,0,,0.0
daphneebeautyll,C,Show-and-Tell / Reveal,low (default: no hook detected),1,0,,0.0
emilymomfinds,A,Relatable Parent,low,2,0,Problem / Pain Point (1),0.0
deyamishra,C,Show-and-Tell / Reveal,low (default: no hook detected),3,0,,0.0
paigeispsycho,C,Show-and-Tell / Reveal,low (default: no hook detected),1,0,,0.0
scrunchy_momsense,A,Relatable Parent,medium,3,0,Story / Personal Experience (1); Direct Question (1); Social Proof / Results (1),0.0
lucerodavila0,A,Relatable Parent,low,2,0,Direct Question (2),0.0
louiegotdeals,C,Show-and-Tell / Reveal,low (default: no hook detected),2,0,,0.0
jasmineashley22,B,Promo / Hype Seller,low,1,0,Bold / Shocking Claim (1),0.0
kourtybug,A,Relatable Parent,medium,6,0,Story / Personal Experience (2); Problem / Pain Point (1),0.0
scottobri2,C,Show-and-Tell / Reveal,low (default: no hook detected),2,0,,0.0
theglitterwhorestore,C,Show-and-Tell / Reveal,low (default: no hook detected),2,0,,0.0
1373bel,C,Show-and-Tell / Reveal,low (default: no hook detected),1,0,,0.0
naomiscribner,C,Show-and-Tell / Reveal,low (default: no hook detected),4,0,,0.0
hdezmartinez2,C,Show-and-Tell / Reveal,low (default: no hook detected),1,0,,0.0
latienditadejose,C,Show-and-Tell / Reveal,low (default: no hook detected),5,0,,0.0
jshirey89,C,Show-and-Tell / Reveal,low (default: no hook detected),1,0,,0.0
healthremz,C,Show-and-Tell / Reveal,low (default: no hook detected),1,0,,0.0
blessing7648997,C,Show-and-Tell / Reveal,low (default: no hook detected),3,0,,0.0
ragdollmanor,C,Show-and-Tell / Reveal,low (default: no hook detected),1,0,,0.0
mrcaseyy9,C,Show-and-Tell / Reveal,low (default: no hook detected),1,0,,0.0
trendsnapperdiscounts,C,Show-and-Tell / Reveal,low (default: no hook detected),1,0,,0.0
savingyourcart,B,Promo / Hype Seller,medium,4,1,Offer / Urgency (2),0.0
adelaayala44,C,Show-and-Tell / Reveal,low (default: no hook detected),1,0,,0.0
tfineee,C,Show-and-Tell / Reveal,low (default: no hook detected),1,0,,0.0
kristenmcgalliard,A,Relatable Parent,low,2,0,Problem / Pain Point (1),0.0
junior_az_promo,C,Show-and-Tell / Reveal,low (default: no hook detected),1,0,,0.0
wendymontenegro32,C,Show-and-Tell / Reveal,low (default: no hook detected),3,0,,0.0
charliesympho5,C,Show-and-Tell / Reveal,low (default: no hook detected),2,0,,0.0
melanietberry,C,Show-and-Tell / Reveal,low (default: no hook detected),1,0,,0.0
sydneypaigesway,C,Show-and-Tell / Reveal,low (default: no hook detected),1,0,,0.0
abbytheproblemsolver,A,Relatable Parent,low,1,0,Problem / Pain Point (1),0.0
nick.lassoe,C,Show-and-Tell / Reveal,low (default: no hook detected),1,0,,0.0
james.dealz,C,Show-and-Tell / Reveal,low (default: no hook detected),1,0,,0.0
no_halo_here,A,Relatable Parent,medium,10,0,Problem / Pain Point (1); Social Proof / Results (1),0.0
nikolgonza27,C,Show-and-Tell / Reveal,low (default: no hook detected),1,0,,0.0
donniesdealss,C,Show-and-Tell / Reveal,low (default: no hook detected),2,0,,0.0
dennysdeals,C,Show-and-Tell / Reveal,low (default: no hook detected),2,0,,0.0
radianta.deals,A,Relatable Parent,medium,4,1,Story / Personal Experience (1),0.0
alright_trin,A,Relatable Parent,low,2,0,Story / Personal Experience (1); Bold / Shocking Claim (1),0.0
sabitrakanchi88,C,Show-and-Tell / Reveal,low (default: no hook detected),1,0,,0.0
koleyko,B,Promo / Hype Seller,low,1,0,Bold / Shocking Claim (1),0.0
elyse.greanya,C,Show-and-Tell / Reveal,low (default: no hook detected),1,0,,0.0
hc_nich,A,Relatable Parent,low,1,0,Problem / Pain Point (1),0.0
bballyback,C,Show-and-Tell / Reveal,low (default: no hook detected),1,0,,0.0
madansharma3291,C,Show-and-Tell / Reveal,low (default: no hook detected),1,0,,0.0
heymsrose,A,Relatable Parent,low,1,0,Direct Question (1),0.0
steff__bell,C,Show-and-Tell / Reveal,low (default: no hook detected),4,0,,0.0
nickeyshahi,C,Show-and-Tell / Reveal,low (default: no hook detected),1,0,,0.0
monikareviews2,C,Show-and-Tell / Reveal,low (default: no hook detected),2,0,,0.0
chelsleebmoney,B,Promo / Hype Seller,low,2,1,Problem / Pain Point (1); Social Proof / Results (1),0.0
momma_stephy,A,Relatable Parent,medium,3,0,Direct Question (1),0.0
caitlindoucet11,A,Relatable Parent,low,1,0,Problem / Pain Point (1),0.0
courtney_out_loud,A,Relatable Parent,low,2,0,Story / Personal Experience (2),0.0
stankretsu,C,Show-and-Tell / Reveal,low (default: no hook detected),2,0,,0.0
cocinando_con_amor0dani,C,Show-and-Tell / Reveal,low (default: no hook detected),1,0,,0.0
callansdeals,C,Show-and-Tell / Reveal,low (default: no hook detected),3,0,,0.0
_allthingstori,A,Relatable Parent,medium,7,1,Problem / Pain Point (1),0.0
dumpstergobblin,C,Show-and-Tell / Reveal,low (default: no hook detected),1,0,,0.0
blessing11029,C,Show-and-Tell / Reveal,low (default: no hook detected),1,0,,0.0
isabelocuenta,B,Promo / Hype Seller,medium,4,0,Social Proof / Results (1),0.0
juliepaigee,C,Show-and-Tell / Reveal,low (default: no hook detected),1,0,,0.0
glizandminizz,C,Show-and-Tell / Reveal,low (default: no hook detected),1,0,,0.0
martinezzz5o3,C,Show-and-Tell / Reveal,low (default: no hook detected),8,0,,0.0
binitafamvibes,C,Show-and-Tell / Reveal,low (default: no hook detected),1,0,,0.0
aestheticmomstyle,C,Show-and-Tell / Reveal,low (default: no hook detected),1,0,,0.0
sydney.ovo,C,Show-and-Tell / Reveal,low (default: no hook detected),1,0,,0.0
tmanning01,C,Show-and-Tell / Reveal,low (default: no hook detected),1,0,,0.0
tylermcghee_,C,Show-and-Tell / Reveal,low (default: no hook detected),2,0,,0.0
heatheristhemom,C,Show-and-Tell / Reveal,low (default: no hook detected),1,0,,0.0
i_v_league,C,Show-and-Tell / Reveal,low (default: no hook detected),1,0,,0.0
incomewithdave,B,Promo / Hype Seller,low,1,0,Bold / Shocking Claim (1),0.0
keriannkuzmin,A,Relatable Parent,low,1,0,Story / Personal Experience (1),0.0
kabowthedad,B,Promo / Hype Seller,low,1,0,Bold / Shocking Claim (1),0.0
syllishares,C,Show-and-Tell / Reveal,low (default: no hook detected),3,0,,0.0
maxthecat_tv,C,Show-and-Tell / Reveal,low (default: no hook detected),2,0,,0.0
dillanmatute22,C,Show-and-Tell / Reveal,low (default: no hook detected),2,0,,0.0
momingthisshiz,A,Relatable Parent,low,1,0,Problem / Pain Point (1),0.0
ghimire_kanchi,C,Show-and-Tell / Reveal,low (default: no hook detected),1,0,,0.0
mijindonp,A,Relatable Parent,low,2,0,Problem / Pain Point (1); Bold / Shocking Claim (1),0.0
moon89328,C,Show-and-Tell / Reveal,low (default: no hook detected),3,0,,0.0
icecreamfordinner,C,Show-and-Tell / Reveal,low (default: no hook detected),2,0,,0.0
tiffanyreneeugc,A,Relatable Parent,low,2,0,Direct Question (1); Problem / Pain Point (1),0.0
morganhsears,A,Relatable Parent,low,1,0,Problem / Pain Point (1),0.0
herbiehusker,C,Show-and-Tell / Reveal,low (default: no hook detected),1,0,,0.0
katysparties,A,Relatable Parent,low,2,0,Problem / Pain Point (1); Bold / Shocking Claim (1),0.0
kimberleyblueeyes,C,Show-and-Tell / Reveal,low (default: no hook detected),1,0,,0.0
k3lly.b1,C,Show-and-Tell / Reveal,low (default: no hook detected),2,0,,0.0
good_moms_say_badwords,B,Promo / Hype Seller,low,1,0,Bold / Shocking Claim (1),0.0
nade_afg,C,Show-and-Tell / Reveal,low (default: no hook detected),1,0,,0.0
marjoriezoe1,C,Show-and-Tell / Reveal,low (default: no hook detected),1,0,,0.0
twistedbugg,A,Relatable Parent,low,2,0,Problem / Pain Point (2),0.0
soylatina_26,C,Show-and-Tell / Reveal,low (default: no hook detected),1,0,,0.0
mirasingh524,C,Show-and-Tell / Reveal,low (default: no hook detected),1,0,,0.0
jessicahomer3,A,Relatable Parent,medium,13,0,Story / Personal Experience (1),0.0
flormedrano.21,C,Show-and-Tell / Reveal,low (default: no hook detected),3,0,,0.0
cat.borders,C,Show-and-Tell / Reveal,low (default: no hook detected),1,0,,0.0
bytraci,C,Show-and-Tell / Reveal,low (default: no hook detected),1,0,,0.0
sarahgibbons_,A,Relatable Parent,low,1,0,Problem / Pain Point (1),0.0
2speedster,C,Show-and-Tell / Reveal,medium,4,0,Curiosity Gap (1); Story / Personal Experience (1),0.0
claudi_lavalamp,A,Relatable Parent,low,1,0,Direct Question (1),0.0
theaestheticaddict,B,Promo / Hype Seller,low,2,0,Offer / Urgency (2),0.0
gettheseproductz,B,Promo / Hype Seller,low,2,0,Bold / Shocking Claim (2),0.0
iamliz917,C,Show-and-Tell / Reveal,low (default: no hook detected),2,0,,0.0
quianaknight,A,Relatable Parent,medium,6,0,Direct Question (4),0.0
brian.and.kate,A,Relatable Parent,low,1,0,Direct Question (1),0.0
kaseys0920,C,Show-and-Tell / Reveal,low (default: no hook detected),1,0,,0.0
maddyreviews,B,Promo / Hype Seller,low,1,0,Social Proof / Results (1),0.0
yainejesu,C,Show-and-Tell / Reveal,low (default: no hook detected),1,0,,0.0
hea1thy562,C,Show-and-Tell / Reveal,low (default: no hook detected),1,0,,0.0
jenishajaanvi,C,Show-and-Tell / Reveal,low (default: no hook detected),1,0,,0.0
orenatosimao,B,Promo / Hype Seller,low,2,0,Offer / Urgency (2),0.0
pocahontassxoxox,C,Show-and-Tell / Reveal,low (default: no hook detected),1,0,,0.0
discountshow,B,Promo / Hype Seller,medium,4,0,Offer / Urgency (4),0.0
pabitragrg024,C,Show-and-Tell / Reveal,low (default: no hook detected),1,0,,0.0
shelonabelchicago,B,Promo / Hype Seller,low,2,0,Social Proof / Results (1),0.0
lohanyavila7,C,Show-and-Tell / Reveal,low (default: no hook detected),1,0,,0.0
blilttaffilate,B,Promo / Hype Seller,medium,3,0,Social Proof / Results (2),0.0
anita_love310,C,Show-and-Tell / Reveal,low (default: no hook detected),1,0,,0.0
coffeefirstmama,A,Relatable Parent,medium,6,0,Social Proof / Results (2); Direct Question (2); Problem / Pain Point (1),0.0
fun.jeewan,C,Show-and-Tell / Reveal,low (default: no hook detected),1,0,,0.0
marelysmejia,C,Show-and-Tell / Reveal,low (default: no hook detected),1,0,,0.0
prosnerjean,C,Show-and-Tell / Reveal,low (default: no hook detected),1,0,,0.0
jean18561,C,Show-and-Tell / Reveal,low (default: no hook detected),1,0,,0.0
renatoshopusa,B,Promo / Hype Seller,low,2,0,Offer / Urgency (2),0.0
hubbardvideos,A,Relatable Parent,low,1,0,Direct Question (1),0.0
rootedmamainbalance,C,Show-and-Tell / Reveal,low (default: no hook detected),1,0,,0.0
cam.unable,A,Relatable Parent,medium,5,0,Problem / Pain Point (1); Story / Personal Experience (1),0.0
pixelmom.exe,B,Promo / Hype Seller,low,1,0,Bold / Shocking Claim (1),0.0
alrobaa,C,Show-and-Tell / Reveal,low (default: no hook detected),3,0,,0.0
fragranceking777,C,Show-and-Tell / Reveal,low (default: no hook detected),2,0,,0.0
anytat_7,A,Relatable Parent,low,1,0,Direct Question (1),0.0
bidet_daddy,C,Show-and-Tell / Reveal,low (default: no hook detected),2,0,,0.0
coinringmaker.com,A,Relatable Parent,low,2,0,Story / Personal Experience (1),0.0
eud_officiel,C,Show-and-Tell / Reveal,low (default: no hook detected),1,0,,0.0
olexiydeals,C,Show-and-Tell / Reveal,low (default: no hook detected),2,0,,0.0
momentswithliv,C,Show-and-Tell / Reveal,low (default: no hook detected),1,0,,0.0
preciouswasso1,C,Show-and-Tell / Reveal,low (default: no hook detected),1,0,,0.0
shellybombshell_,C,Show-and-Tell / Reveal,low (default: no hook detected),1,0,,0.0
karissa.survives.it.all,A,Relatable Parent,medium,6,0,Problem / Pain Point (1),0.0
keebo100,A,Relatable Parent,low,1,0,Story / Personal Experience (1),0.0
iluv_animationoffers,C,Show-and-Tell / Reveal,low (default: no hook detected),3,0,,0.0
dave_mvc55,C,Show-and-Tell / Reveal,low (default: no hook detected),5,0,,0.0
vivianasmom444,B,Promo / Hype Seller,low,2,0,Social Proof / Results (2),0.0
sannanikarki,C,Show-and-Tell / Reveal,low (default: no hook detected),1,0,,0.0
rondresilkyyy,C,Show-and-Tell / Reveal,low (default: no hook detected),2,0,,0.0
monicag___,C,Show-and-Tell / Reveal,low (default: no hook detected),1,0,,0.0
daddydaughterduop,C,Show-and-Tell / Reveal,low (default: no hook detected),1,0,,0.0
campfiresmilespedsdental,A,Relatable Parent,medium,3,0,Problem / Pain Point (2),0.0
jocasseegirl,C,Show-and-Tell / Reveal,low (default: no hook detected),1,0,,0.0
terissa.m.hernandez,C,Show-and-Tell / Reveal,low (default: no hook detected),1,0,,0.0
yordanitrujilillo,C,Show-and-Tell / Reveal,low (default: no hook detected),1,0,,0.0
diane.smc,A,Relatable Parent,medium,9,1,Story / Personal Experience (1),0.0
beca_tries,C,Show-and-Tell / Reveal,low (default: no hook detected),1,0,,0.0
divinetruth111,C,Show-and-Tell / Reveal,low (default: no hook detected),1,0,,0.0
sapphirefinds1,A,Relatable Parent,low,1,0,Story / Personal Experience (1),0.0
backroadsjay,C,Show-and-Tell / Reveal,low (default: no hook detected),1,0,,0.0
queennyshowbackup3,C,Show-and-Tell / Reveal,low (default: no hook detected),2,0,,0.0
yourreallifecheerleader,C,Show-and-Tell / Reveal,low (default: no hook detected),2,0,,0.0
controlledbytoddlers,B,Promo / Hype Seller,low,1,0,Social Proof / Results (1),0.0
ashton.tiktokshop,C,Show-and-Tell / Reveal,low (default: no hook detected),1,0,,0.0
h.flores8,C,Show-and-Tell / Reveal,low (default: no hook detected),1,0,,0.0
deals_by_q,B,Promo / Hype Seller,low,2,0,Offer / Urgency (2),0.0
streetlegalhooker,C,Show-and-Tell / Reveal,low (default: no hook detected),2,0,,0.0
samsfindz,A,Relatable Parent,low,2,0,Direct Question (1),0.0
millenialmusthaves777,B,Promo / Hype Seller,low,2,0,Bold / Shocking Claim (1),0.0
2manydealz,C,Show-and-Tell / Reveal,low (default: no hook detected),1,0,,0.0
vngie.__,B,Promo / Hype Seller,low,2,0,Offer / Urgency (2),0.0
rosanyalex,C,Show-and-Tell / Reveal,low (default: no hook detected),2,0,,0.0
mrsmarycatt,B,Promo / Hype Seller,low,1,0,Bold / Shocking Claim (1),0.0
noahjamesshops,C,Show-and-Tell / Reveal,low (default: no hook detected),8,0,,0.0
tt.shop.fab.finds,C,Show-and-Tell / Reveal,low (default: no hook detected),11,0,,0.0
etenn47,C,Show-and-Tell / Reveal,low (default: no hook detected),1,0,,0.0
austinsonestopshop,A,Relatable Parent,low,1,0,Story / Personal Experience (1),0.0
gemini_amy,A,Relatable Parent,low,1,0,Problem / Pain Point (1),0.0
shesdreadanielle,B,Promo / Hype Seller,low,2,0,Social Proof / Results (1); Problem / Pain Point (1),0.0
savi_trends,C,Show-and-Tell / Reveal,low (default: no hook detected),1,0,,0.0
4n913_,C,Show-and-Tell / Reveal,low (default: no hook detected),1,0,,0.0
ericka160391,C,Show-and-Tell / Reveal,low (default: no hook detected),1,0,,0.0
monicagomezlv,B,Promo / Hype Seller,low,1,0,Social Proof / Results (1),0.0
lisajoyled1414,C,Show-and-Tell / Reveal,low (default: no hook detected),1,0,,0.0
treadmillpoolballracing,C,Show-and-Tell / Reveal,low (default: no hook detected),1,0,,0.0
jairesemaj,C,Show-and-Tell / Reveal,low (default: no hook detected),1,0,,0.0
mamacamstts,A,Relatable Parent,low,1,0,Story / Personal Experience (1),0.0
alexthenp,C,Show-and-Tell / Reveal,low (default: no hook detected),2,0,,0.0
jordanhughes3991,C,Show-and-Tell / Reveal,low (default: no hook detected),2,0,,0.0
thekirbyhatguy,C,Show-and-Tell / Reveal,low (default: no hook detected),1,0,,0.0
bigreese2323,C,Show-and-Tell / Reveal,low (default: no hook detected),1,0,,0.0
blessedandoutnumberedx5,B,Promo / Hype Seller,medium,6,0,Bold / Shocking Claim (2); Offer / Urgency (2); Problem / Pain Point (1),0.0
bondoc_53,C,Show-and-Tell / Reveal,low (default: no hook detected),2,0,,0.0
officialbaldeagle,B,Promo / Hype Seller,low,2,0,Bold / Shocking Claim (1),0.0
shoplivewithloretta,C,Show-and-Tell / Reveal,low (default: no hook detected),1,0,,0.0
stephanie.p.f,C,Show-and-Tell / Reveal,low (default: no hook detected),1,0,,0.0
glowupwithnikita,A,Relatable Parent,low,1,0,Problem / Pain Point (1),0.0
organicbeautyy_,B,Promo / Hype Seller,low,1,0,Bold / Shocking Claim (1),0.0
risazona,C,Show-and-Tell / Reveal,low (default: no hook detected),1,0,,0.0
saltyshoreadventures,C,Show-and-Tell / Reveal,low (default: no hook detected),5,0,,0.0
makaylasargent13,B,Promo / Hype Seller,low,2,0,Bold / Shocking Claim (1),0.0
dreamminis,C,Show-and-Tell / Reveal,low (default: no hook detected),3,0,,0.0
idabeauty.bali,A,Relatable Parent,low,1,0,Direct Question (1),0.0
shashasvoice,A,Relatable Parent,low,1,0,Problem / Pain Point (1),0.0
marilachichi1,C,Show-and-Tell / Reveal,low (default: no hook detected),1,0,,0.0
certifiedshopperr,C,Show-and-Tell / Reveal,low (default: no hook detected),1,0,,0.0
pdakdeals,B,Promo / Hype Seller,medium,4,0,Offer / Urgency (4),0.0
mrs.kbhy,A,Relatable Parent,low,2,0,Story / Personal Experience (1); Bold / Shocking Claim (1),0.0
kbeautymom75,B,Promo / Hype Seller,low,1,0,Social Proof / Results (1),0.0
joereignsss,C,Show-and-Tell / Reveal,low (default: no hook detected),1,0,,0.0
crystalvrussell,C,Show-and-Tell / Reveal,low (default: no hook detected),1,0,,0.0
briaxnycole,C,Show-and-Tell / Reveal,low (default: no hook detected),1,0,,0.0
peglegproductreviews,C,Show-and-Tell / Reveal,low (default: no hook detected),1,0,,0.0
shopwithbash,C,Show-and-Tell / Reveal,low (default: no hook detected),2,0,,0.0
dannyscloudcatalog,B,Promo / Hype Seller,low,1,0,Bold / Shocking Claim (1),0.0
jenishamom09,C,Show-and-Tell / Reveal,low (default: no hook detected),2,0,,0.0
diabolical.danny,C,Show-and-Tell / Reveal,low (default: no hook detected),1,0,,0.0
mystilda757,C,Show-and-Tell / Reveal,low (default: no hook detected),2,0,,0.0
kriscont,C,Show-and-Tell / Reveal,low (default: no hook detected),1,0,,0.0
gloriakim50,C,Show-and-Tell / Reveal,low (default: no hook detected),2,0,,0.0
findmodetime,C,Show-and-Tell / Reveal,low (default: no hook detected),1,0,,0.0
queenyemen21,C,Show-and-Tell / Reveal,low (default: no hook detected),2,0,,0.0
therusticpixie,A,Relatable Parent,low,1,0,Story / Personal Experience (1),0.0
ugcbyshakara,C,Show-and-Tell / Reveal,low (default: no hook detected),1,0,,0.0
heydalshy,C,Show-and-Tell / Reveal,low (default: no hook detected),2,0,,0.0
suzanne2198,C,Show-and-Tell / Reveal,low (default: no hook detected),1,0,,0.0
tiffanyleann1.0,A,Relatable Parent,low,1,0,Problem / Pain Point (1),0.0
jerricaconrad,C,Show-and-Tell / Reveal,low (default: no hook detected),2,0,,0.0
jenniseymour,A,Relatable Parent,low,2,0,Direct Question (1),0.0
afro_doc,C,Show-and-Tell / Reveal,low (default: no hook detected),1,0,,0.0
izzyfromgermany,C,Show-and-Tell / Reveal,low (default: no hook detected),2,0,,0.0
stepietram,C,Show-and-Tell / Reveal,low (default: no hook detected),1,0,,0.0
sunita.thapa922,C,Show-and-Tell / Reveal,low (default: no hook detected),1,0,,0.0
brittaz1123,A,Relatable Parent,medium,3,0,Story / Personal Experience (2),0.0
penny.renee,C,Show-and-Tell / Reveal,low (default: no hook detected),1,0,,0.0
samjajo1992,C,Show-and-Tell / Reveal,low (default: no hook detected),1,0,,0.0
legitorshitreviews,A,Relatable Parent,low,1,0,Problem / Pain Point (1),0.0
bmix1977,C,Show-and-Tell / Reveal,low (default: no hook detected),1,0,,0.0
barehandsbigfaith,C,Show-and-Tell / Reveal,low (default: no hook detected),1,0,,0.0
jyoti_karkee,C,Show-and-Tell / Reveal,low (default: no hook detected),1,0,,0.0
misslunabayy,C,Show-and-Tell / Reveal,low (default: no hook detected),1,0,,0.0
juangonzalezajanel,B,Promo / Hype Seller,medium,3,0,Offer / Urgency (1),0.0
biohackingfinds,C,Show-and-Tell / Reveal,low (default: no hook detected),1,0,,0.0
megngriswold,B,Promo / Hype Seller,low,2,0,Bold / Shocking Claim (1); Problem / Pain Point (1),0.0
dealswithpablo,C,Show-and-Tell / Reveal,low (default: no hook detected),2,0,,0.0
katefaithandfashion,C,Show-and-Tell / Reveal,low (default: no hook detected),1,0,,0.0
justjessie.duh,C,Show-and-Tell / Reveal,low (default: no hook detected),2,0,,0.0
mrs.alex_learnandplay,C,Show-and-Tell / Reveal,low (default: no hook detected),1,0,,0.0
inkazwetrust,A,Relatable Parent,medium,3,0,Direct Question (2),0.0
aliandlexitwins,B,Promo / Hype Seller,low,1,0,Offer / Urgency (1),0.0
gustafreviews,C,Show-and-Tell / Reveal,low (default: no hook detected),1,0,,0.0
shopwithvalhoney,C,Show-and-Tell / Reveal,low (default: no hook detected),1,0,,0.0
amy_gracegrace,B,Promo / Hype Seller,low,1,0,Bold / Shocking Claim (1),0.0
realelenadiaz,C,Show-and-Tell / Reveal,low (default: no hook detected),3,0,,0.0
dulceemamii,C,Show-and-Tell / Reveal,low (default: no hook detected),1,0,,0.0
leyanimartinez87,C,Show-and-Tell / Reveal,low (default: no hook detected),1,0,,0.0
theresaerika_,C,Show-and-Tell / Reveal,low (default: no hook detected),1,0,,0.0
theicydyeco,A,Relatable Parent,low,2,0,Story / Personal Experience (1),0.0
amy_approved,C,Show-and-Tell / Reveal,low (default: no hook detected),1,0,,0.0
patiencet50,C,Show-and-Tell / Reveal,low (default: no hook detected),1,0,,0.0
amber.guttilla,A,Relatable Parent,low,1,0,Story / Personal Experience (1),0.0
karstenmatthews,A,Relatable Parent,low,2,0,Story / Personal Experience (1),0.0
julie.remazz.1,C,Show-and-Tell / Reveal,low (default: no hook detected),2,0,,0.0
froglegsdiva,C,Show-and-Tell / Reveal,low (default: no hook detected),1,0,,0.0
sweethomesavanna,A,Relatable Parent,low,1,0,Problem / Pain Point (1),0.0
shopbypete,B,Promo / Hype Seller,medium,5,0,Offer / Urgency (5),0.0
willzzshop,C,Show-and-Tell / Reveal,low (default: no hook detected),1,0,,0.0
sole.search.era,C,Show-and-Tell / Reveal,low (default: no hook detected),1,0,,0.0
munchiesandmanis,B,Promo / Hype Seller,medium,3,0,Bold / Shocking Claim (1),0.0
awatifsworld,C,Show-and-Tell / Reveal,low (default: no hook detected),1,0,,0.0
tibourik10,C,Show-and-Tell / Reveal,low (default: no hook detected),1,0,,0.0
sierralwest,A,Relatable Parent,low,1,0,Problem / Pain Point (1),0.0
savewithyourfave,C,Show-and-Tell / Reveal,low (default: no hook detected),2,0,,0.0
jaclynchristine86,C,Show-and-Tell / Reveal,low (default: no hook detected),1,0,,0.0
justsheila25,C,Show-and-Tell / Reveal,low (default: no hook detected),1,0,,0.0
saadalovely,C,Show-and-Tell / Reveal,low (default: no hook detected),1,0,,0.0
itsjustrhirhi,A,Relatable Parent,low,1,0,Problem / Pain Point (1),0.0
stephanie_jaleen,A,Relatable Parent,low,2,0,Story / Personal Experience (1),0.0
gretchen_sahm,A,Relatable Parent,medium,4,0,Story / Personal Experience (1); Social Proof / Results (1),0.0
unemployed.gary,B,Promo / Hype Seller,medium,5,0,Offer / Urgency (4),0.0
itz.nattty4,C,Show-and-Tell / Reveal,low (default: no hook detected),1,0,,0.0
themomfast,C,Show-and-Tell / Reveal,low (default: no hook detected),3,0,,0.0
anaisgarmendia_arte,C,Show-and-Tell / Reveal,low (default: no hook detected),1,0,,0.0
redheadreviewstts,C,Show-and-Tell / Reveal,low (default: no hook detected),3,0,,0.0
beautyashnc,C,Show-and-Tell / Reveal,low (default: no hook detected),5,0,,0.0
chasitytrainpretty,C,Show-and-Tell / Reveal,low (default: no hook detected),1,0,,0.0
zacpierce_tech_men_home,A,Relatable Parent,low,1,0,Problem / Pain Point (1),0.0
kroks.and.socks.o,C,Show-and-Tell / Reveal,low (default: no hook detected),2,0,,0.0
thatepoxychick,C,Show-and-Tell / Reveal,low (default: no hook detected),1,0,,0.0
mariayalaa12,B,Promo / Hype Seller,low,1,0,Social Proof / Results (1),0.0
shopwithnikkilynn,A,Relatable Parent,low,1,0,Problem / Pain Point (1),0.0
kaylamarie.official,A,Relatable Parent,low,2,0,Problem / Pain Point (1),0.0
viralfindshub5,C,Show-and-Tell / Reveal,low (default: no hook detected),1,0,,0.0
mandira.karki44,A,Relatable Parent,low,2,0,Problem / Pain Point (1),0.0
heyitsjewelz,C,Show-and-Tell / Reveal,low (default: no hook detected),1,0,,0.0
brokenfrenchfries,A,Relatable Parent,low,1,0,Problem / Pain Point (1),0.0
abby.mama.wife.books,C,Show-and-Tell / Reveal,low (default: no hook detected),3,0,,0.0
erikacarreonq,C,Show-and-Tell / Reveal,low (default: no hook detected),1,0,,0.0
maya2bachakoratimro,C,Show-and-Tell / Reveal,low (default: no hook detected),1,0,,0.0
dailydealboutique,B,Promo / Hype Seller,medium,4,0,Offer / Urgency (4),0.0
nchapp,C,Show-and-Tell / Reveal,low (default: no hook detected),1,0,,0.0
shellshellmitchell,B,Promo / Hype Seller,low,1,0,Bold / Shocking Claim (1),0.0
classyview7,C,Show-and-Tell / Reveal,low (default: no hook detected),1,0,,0.0
bashbuysstuff,C,Show-and-Tell / Reveal,low (default: no hook detected),1,0,,0.0
nellyacevedo,C,Show-and-Tell / Reveal,low (default: no hook detected),1,0,,0.0
katemoneygrower,C,Show-and-Tell / Reveal,low (default: no hook detected),3,0,,0.0
cody.og,C,Show-and-Tell / Reveal,low (default: no hook detected),1,0,,0.0
karlajones36,C,Show-and-Tell / Reveal,low (default: no hook detected),1,0,,0.0
ashleyutahmom,C,Show-and-Tell / Reveal,low (default: no hook detected),1,0,,0.0
fixed_mycrown,C,Show-and-Tell / Reveal,low (default: no hook detected),1,0,,0.0
kendalltshoppicks,A,Relatable Parent,low,1,0,Direct Question (1),0.0
allyssa_manning,C,Show-and-Tell / Reveal,low (default: no hook detected),1,0,,0.0
myshoppov,B,Promo / Hype Seller,low,1,0,Offer / Urgency (1),0.0
somo.mama,A,Relatable Parent,medium,4,0,Social Proof / Results (2); Direct Question (1); Story / Personal Experience (1),0.0
geetapoudyel41,C,Show-and-Tell / Reveal,low (default: no hook detected),1,0,,0.0
gaspar.504,C,Show-and-Tell / Reveal,low (default: no hook detected),1,0,,0.0
hotmamafashionfinds,C,Show-and-Tell / Reveal,low (default: no hook detected),1,0,,0.0
honestlyitsjessica,A,Relatable Parent,low,1,0,Story / Personal Experience (1),0.0
rebeccatriedit,C,Show-and-Tell / Reveal,low (default: no hook detected),3,0,,0.0
plussizebeautybestie,C,Show-and-Tell / Reveal,low (default: no hook detected),2,0,,0.0
joy_joyful_creations,C,Show-and-Tell / Reveal,low (default: no hook detected),1,0,,0.0
shopwithem444,B,Promo / Hype Seller,low,1,0,Bold / Shocking Claim (1),0.0
hellobunky,A,Relatable Parent,low,1,0,Problem / Pain Point (1),0.0
meganttsaffliate,C,Show-and-Tell / Reveal,low (default: no hook detected),1,1,,0.0
prisenashop,A,Relatable Parent,low,1,0,Direct Question (1),0.0
jordantheodore,B,Promo / Hype Seller,low,1,0,Bold / Shocking Claim (1),0.0
trevsshopfinds,C,Show-and-Tell / Reveal,low (default: no hook detected),1,0,,0.0
angela_leapyear,C,Show-and-Tell / Reveal,low (default: no hook detected),2,0,,0.0
kayla.ttsfinds,C,Show-and-Tell / Reveal,low (default: no hook detected),1,1,,0.0
nikasteward777,C,Show-and-Tell / Reveal,low (default: no hook detected),1,0,,0.0
lifestyleathlete,C,Show-and-Tell / Reveal,low (default: no hook detected),2,0,,0.0
yeliramirez05,C,Show-and-Tell / Reveal,low (default: no hook detected),1,0,,0.0
cookingbyha,C,Show-and-Tell / Reveal,low (default: no hook detected),1,0,,0.0
linzbuzzard,C,Show-and-Tell / Reveal,low (default: no hook detected),1,0,,0.0
giazzilikeyahtzee,B,Promo / Hype Seller,medium,3,0,Social Proof / Results (1); Curiosity Gap (1),0.0
virgobosslady.ugc,A,Relatable Parent,high,4,3,Story / Personal Experience (2); Curiosity Gap (1),0.0
esmercruz878,C,Show-and-Tell / Reveal,low (default: no hook detected),1,0,,0.0
hemamainali123,C,Show-and-Tell / Reveal,low (default: no hook detected),1,0,,0.0
found_by_natalie,C,Show-and-Tell / Reveal,low (default: no hook detected),1,0,,0.0
selam.esu.2,C,Show-and-Tell / Reveal,low (default: no hook detected),1,0,,0.0
mark0fay,C,Show-and-Tell / Reveal,low (default: no hook detected),1,0,,0.0
ancestralshowcase,C,Show-and-Tell / Reveal,low (default: no hook detected),5,0,,0.0
2minican_chika,C,Show-and-Tell / Reveal,low (default: no hook detected),1,0,,0.0
uniquehousedeals,C,Show-and-Tell / Reveal,low (default: no hook detected),1,0,,0.0
amanda.sahm3,A,Relatable Parent,medium,4,1,Problem / Pain Point (1); Social Proof / Results (1); Story / Personal Experience (1),0.0
lucys8049,C,Show-and-Tell / Reveal,low (default: no hook detected),2,0,,0.0
kathyandkiddos,C,Show-and-Tell / Reveal,low (default: no hook detected),1,0,,0.0
marielaalmendares.1,C,Show-and-Tell / Reveal,low (default: no hook detected),2,0,,0.0
kerimburke8,A,Relatable Parent,low,1,0,Problem / Pain Point (1),0.0
khinakhanal1,C,Show-and-Tell / Reveal,low (default: no hook detected),1,0,,0.0
youknowitskellyjo,A,Relatable Parent,medium,3,1,Problem / Pain Point (1); Story / Personal Experience (1),0.0
itsbrittaaaanyy,C,Show-and-Tell / Reveal,low (default: no hook detected),1,0,,0.0
hailyvelez,C,Show-and-Tell / Reveal,low (default: no hook detected),1,0,,0.0
familyfindsforless,C,Show-and-Tell / Reveal,low (default: no hook detected),1,0,,0.0
wvangel304,A,Relatable Parent,medium,4,0,Problem / Pain Point (3),0.0
themotherclucker,C,Show-and-Tell / Reveal,low (default: no hook detected),2,0,,0.0
jhanailsbynat,C,Show-and-Tell / Reveal,low (default: no hook detected),2,0,,0.0
meghanehale,B,Promo / Hype Seller,low,1,0,Bold / Shocking Claim (1),0.0
rbifamily,C,Show-and-Tell / Reveal,low (default: no hook detected),2,0,,0.0
itsjustjessie21,C,Show-and-Tell / Reveal,low (default: no hook detected),2,0,,0.0
nanithapa50,C,Show-and-Tell / Reveal,low (default: no hook detected),1,0,,0.0
rachel.strange,C,Show-and-Tell / Reveal,low (default: no hook detected),1,0,,0.0
lifewithmikeandlisa,C,Show-and-Tell / Reveal,low (default: no hook detected),2,0,,0.0
brittanyniccc,B,Promo / Hype Seller,low,1,0,Social Proof / Results (1),0.0
aolanamademebuyit,C,Show-and-Tell / Reveal,low (default: no hook detected),1,0,,0.0
kinglife1191,C,Show-and-Tell / Reveal,low (default: no hook detected),1,0,,0.0
genesisgonzalez1125,B,Promo / Hype Seller,medium,9,1,Social Proof / Results (1),0.0
christy_manci,C,Show-and-Tell / Reveal,low (default: no hook detected),6,0,,0.0
selfcaremaxxing,C,Show-and-Tell / Reveal,low (default: no hook detected),1,0,,0.0
amy.sahm.bsn,B,Promo / Hype Seller,low,2,0,Offer / Urgency (1),0.0
sevenxsavings,B,Promo / Hype Seller,medium,4,1,Offer / Urgency (3),0.0
tammiecole1,C,Show-and-Tell / Reveal,low (default: no hook detected),1,0,,0.0
collabqueenacademy,B,Promo / Hype Seller,low,1,0,Offer / Urgency (1),0.0
shesninaalexander,C,Show-and-Tell / Reveal,medium,6,1,Curiosity Gap (1),0.0
franciaberlus249,C,Show-and-Tell / Reveal,low (default: no hook detected),2,0,,0.0
jcjustgotbetter,A,Relatable Parent,medium,3,0,Problem / Pain Point (2),0.0
ucjulie,C,Show-and-Tell / Reveal,low (default: no hook detected),1,0,,0.0
oh.hello.pretty,B,Promo / Hype Seller,medium,4,0,Social Proof / Results (4),0.0
krissstttina,C,Show-and-Tell / Reveal,low (default: no hook detected),1,0,,0.0
claulatte20,A,Relatable Parent,low,2,0,Problem / Pain Point (1),0.0
flawlessbella0,C,Show-and-Tell / Reveal,low (default: no hook detected),1,0,,0.0
reva_1972,B,Promo / Hype Seller,medium,3,0,Offer / Urgency (1); Problem / Pain Point (1),0.0
blingandaprayer,B,Promo / Hype Seller,low,2,0,Bold / Shocking Claim (1),0.0
eod.supply,B,Promo / Hype Seller,medium,4,0,Offer / Urgency (4),0.0
samantha_turek,A,Relatable Parent,low,1,0,Problem / Pain Point (1),0.0
lovelykanchi43,C,Show-and-Tell / Reveal,low (default: no hook detected),1,0,,0.0
jeygoodvibes_,A,Relatable Parent,low,1,0,Problem / Pain Point (1),0.0
angelivansolorz2,A,Relatable Parent,low,2,0,Problem / Pain Point (1),0.0
trending0411,C,Show-and-Tell / Reveal,low (default: no hook detected),8,0,,0.0
mariannesaid,B,Promo / Hype Seller,medium,3,1,Story / Personal Experience (1); Bold / Shocking Claim (1); Offer / Urgency (1),0.0
ashtallman,C,Show-and-Tell / Reveal,low (default: no hook detected),2,0,,0.0
homebody_hobbies,C,Show-and-Tell / Reveal,low (default: no hook detected),1,0,,0.0
grantsdealz,B,Promo / Hype Seller,low,1,0,Social Proof / Results (1),0.0
brenna.tuckett,A,Relatable Parent,low,1,0,Story / Personal Experience (1),0.0
ashleyyyyywith5ys,C,Show-and-Tell / Reveal,low (default: no hook detected),2,0,,0.0
darinbassett,C,Show-and-Tell / Reveal,low (default: no hook detected),1,0,,0.0
tamie.lynn,A,Relatable Parent,low,1,0,Problem / Pain Point (1),0.0
marcelyne14,C,Show-and-Tell / Reveal,low (default: no hook detected),1,0,,0.0
slayyywayyy,B,Promo / Hype Seller,low,1,0,Bold / Shocking Claim (1),0.0
camielovedson,C,Show-and-Tell / Reveal,low (default: no hook detected),1,0,,0.0
cjdanforth,A,Relatable Parent,low,2,0,Direct Question (2),0.0
southernsandysoles,C,Show-and-Tell / Reveal,low (default: no hook detected),5,0,,0.0
kenziecourtney7,A,Relatable Parent,medium,5,0,Problem / Pain Point (2); Story / Personal Experience (1),0.0
roxbox273,B,Promo / Hype Seller,medium,6,0,Offer / Urgency (2),0.0
jennatwinmama,C,Show-and-Tell / Reveal,low (default: no hook detected),1,0,,0.0
sarahyoga785,C,Show-and-Tell / Reveal,low (default: no hook detected),1,0,,0.0
savannah_ely27,A,Relatable Parent,low,1,0,Story / Personal Experience (1),0.0
abbs.bowling,C,Show-and-Tell / Reveal,low (default: no hook detected),1,1,,0.0
manmanzen509back,C,Show-and-Tell / Reveal,low (default: no hook detected),1,0,,0.0
kay_momwife2,C,Show-and-Tell / Reveal,low (default: no hook detected),2,0,,0.0
karenmichelg22,A,Relatable Parent,low,1,1,Problem / Pain Point (1),0.0
chelsea_devinn_,C,Show-and-Tell / Reveal,low (default: no hook detected),2,0,,0.0
businessbymegs,A,Relatable Parent,low,2,0,Problem / Pain Point (1),0.0
lovelykanchi2005,C,Show-and-Tell / Reveal,low (default: no hook detected),2,0,,0.0
cj_knowslights,A,Relatable Parent,low,2,2,Problem / Pain Point (1); Bold / Shocking Claim (1),0.0
tmustooo,A,Relatable Parent,low,1,0,Problem / Pain Point (1),0.0
tinkaagiovanni_,A,Relatable Parent,low,1,0,Problem / Pain Point (1),0.0
ingridzambrano33,C,Show-and-Tell / Reveal,low (default: no hook detected),6,0,,0.0
nicholesahmlife3,A,Relatable Parent,medium,4,0,Problem / Pain Point (2),0.0
ryannjohanningmeier,C,Show-and-Tell / Reveal,low (default: no hook detected),1,0,,0.0
pamyrayamajhi,C,Show-and-Tell / Reveal,low (default: no hook detected),1,0,,0.0
daliarosas35,B,Promo / Hype Seller,low,1,0,Offer / Urgency (1),0.0
kyliekeolani,C,Show-and-Tell / Reveal,low (default: no hook detected),1,0,,0.0
httpswww.tiktok.comtztyu,C,Show-and-Tell / Reveal,low (default: no hook detected),1,0,,0.0
hammerheadranch1,A,Relatable Parent,medium,4,0,Story / Personal Experience (4),0.0
zachlol69,B,Promo / Hype Seller,low,2,0,Bold / Shocking Claim (1),0.0
finds_by_izzy,C,Show-and-Tell / Reveal,low (default: no hook detected),3,0,,0.0
anita.tiwari902,C,Show-and-Tell / Reveal,low (default: no hook detected),2,1,,0.0
la_nena_mar,C,Show-and-Tell / Reveal,low (default: no hook detected),2,0,,0.0
asiathevi_,C,Show-and-Tell / Reveal,low (default: no hook detected),1,0,,0.0
fitwitcheeks,C,Show-and-Tell / Reveal,low (default: no hook detected),1,0,,0.0
glitteryglowy,B,Promo / Hype Seller,medium,6,0,Social Proof / Results (2); Direct Question (1),0.0
margarita_delight,C,Show-and-Tell / Reveal,low (default: no hook detected),1,0,,0.0
peacefully.amanda,C,Show-and-Tell / Reveal,low (default: no hook detected),2,0,,0.0
h_popp_rocks,A,Relatable Parent,low,2,0,Problem / Pain Point (1),0.0
singlemomeducator,A,Relatable Parent,low,1,0,Problem / Pain Point (1),0.0
goodheartednurse,C,Show-and-Tell / Reveal,low,2,1,Curiosity Gap (1),0.0
aylin_.rios,C,Show-and-Tell / Reveal,low (default: no hook detected),1,0,,0.0
miyaflex,C,Show-and-Tell / Reveal,low (default: no hook detected),1,0,,0.0
soyminniee,C,Show-and-Tell / Reveal,low (default: no hook detected),1,0,,0.0
srijana.pradhan04,C,Show-and-Tell / Reveal,low (default: no hook detected),1,0,,0.0
kristenashleigh83,A,Relatable Parent,low,1,0,Problem / Pain Point (1),0.0
desireewiththetreats,C,Show-and-Tell / Reveal,low (default: no hook detected),1,0,,0.0
shopwithbird,B,Promo / Hype Seller,medium,11,0,Offer / Urgency (2),0.0
nadifafashion08,A,Relatable Parent,medium,4,0,Problem / Pain Point (3),0.0
marc.combs,C,Show-and-Tell / Reveal,low (default: no hook detected),1,1,,0.0
neumeier_home,A,Relatable Parent,low,1,0,Story / Personal Experience (1),0.0
marshalmeacham,C,Show-and-Tell / Reveal,low (default: no hook detected),1,0,,0.0
yaneli_heredia,C,Show-and-Tell / Reveal,low (default: no hook detected),3,0,,0.0
kathyapproved,B,Promo / Hype Seller,low,1,0,Offer / Urgency (1),0.0
jsweets20,C,Show-and-Tell / Reveal,low (default: no hook detected),1,0,,0.0
jellowchev,A,Relatable Parent,medium,5,0,Story / Personal Experience (1),0.0
yajairaizamar,C,Show-and-Tell / Reveal,low (default: no hook detected),1,0,,0.0
tlaloc9l,C,Show-and-Tell / Reveal,low (default: no hook detected),1,0,,0.0
penny_momof9,B,Promo / Hype Seller,low,2,0,Social Proof / Results (2),0.0
styledbymonika,C,Show-and-Tell / Reveal,low (default: no hook detected),1,0,,0.0
mileidy.martinez8,A,Relatable Parent,medium,8,0,Problem / Pain Point (2); Offer / Urgency (1),0.0
cassidy.reigart,C,Show-and-Tell / Reveal,low (default: no hook detected),1,0,,0.0
vndeal,C,Show-and-Tell / Reveal,low (default: no hook detected),2,0,,0.0
sarattshopfinds,A,Relatable Parent,low,1,0,Story / Personal Experience (1),0.0
heyyallericahere,C,Show-and-Tell / Reveal,low (default: no hook detected),1,0,,0.0
laurenland77,B,Promo / Hype Seller,low,2,0,Bold / Shocking Claim (1); Offer / Urgency (1),0.0
researchbasedmom,A,Relatable Parent,medium,6,0,Story / Personal Experience (1); Direct Question (1),0.0
lolysportillo,C,Show-and-Tell / Reveal,low (default: no hook detected),1,0,,0.0
gomma.rai,C,Show-and-Tell / Reveal,low (default: no hook detected),1,0,,0.0
wendy23oficial,C,Show-and-Tell / Reveal,low (default: no hook detected),1,0,,0.0
dgine26,C,Show-and-Tell / Reveal,low (default: no hook detected),1,0,,0.0
roselabele02,C,Show-and-Tell / Reveal,low (default: no hook detected),3,0,,0.0
caligurl1973,B,Promo / Hype Seller,low,1,0,Social Proof / Results (1),0.0
shopracheljackson,A,Relatable Parent,low,1,0,Story / Personal Experience (1),0.0
kathefinds,C,Show-and-Tell / Reveal,low (default: no hook detected),1,0,,0.0
hello.neighbor.x1,C,Show-and-Tell / Reveal,low (default: no hook detected),1,0,,0.0
mainemamax3,A,Relatable Parent,low,2,0,Direct Question (1),0.0
solhz13,C,Show-and-Tell / Reveal,low (default: no hook detected),1,0,,0.0
antaylor328,A,Relatable Parent,low,1,0,Story / Personal Experience (1),0.0
thehbedit,A,Relatable Parent,medium,4,0,Story / Personal Experience (1),0.0
cinnataco725,C,Show-and-Tell / Reveal,low (default: no hook detected),3,0,,0.0
dina37_love,C,Show-and-Tell / Reveal,low (default: no hook detected),3,0,,0.0
everydaycreatorreviews,A,Relatable Parent,medium,3,0,Problem / Pain Point (1),0.0
kim.thompson70,A,Relatable Parent,low,1,0,Problem / Pain Point (1),0.0
salenasfinds,B,Promo / Hype Seller,low,2,0,Bold / Shocking Claim (1),0.0
ttowntornado,B,Promo / Hype Seller,low,1,0,Social Proof / Results (1),0.0
richmindstcloud,A,Relatable Parent,low,2,0,Problem / Pain Point (2),0.0
krizzygibs,C,Show-and-Tell / Reveal,low (default: no hook detected),1,0,,0.0
carolinarodriguez184,C,Show-and-Tell / Reveal,low (default: no hook detected),3,0,,0.0
sandrorussor,C,Show-and-Tell / Reveal,low (default: no hook detected),32,0,,0.0
love.only_yourself521,C,Show-and-Tell / Reveal,low (default: no hook detected),1,0,,0.0
danick19_,A,Relatable Parent,low,2,0,Story / Personal Experience (1),0.0
sunshine0420x,C,Show-and-Tell / Reveal,medium,3,0,Curiosity Gap (1); Problem / Pain Point (1),0.0
lanubeaguilera,C,Show-and-Tell / Reveal,low (default: no hook detected),1,0,,0.0
angelaalvrd1,C,Show-and-Tell / Reveal,low (default: no hook detected),1,0,,0.0
shopwith_jenn,A,Relatable Parent,low,1,0,Direct Question (1),0.0
holidayyyhannah,C,Show-and-Tell / Reveal,low (default: no hook detected),1,0,,0.0
remygonzalo0,B,Promo / Hype Seller,medium,5,0,Social Proof / Results (2),0.0
fanyrecomienda,C,Show-and-Tell / Reveal,low (default: no hook detected),2,0,,0.0
mml139571,C,Show-and-Tell / Reveal,low (default: no hook detected),1,0,,0.0
cabrerasobelda,A,Relatable Parent,low,2,0,Problem / Pain Point (1),0.0
bellabonbon00,C,Show-and-Tell / Reveal,low (default: no hook detected),1,0,,0.0
backyardnw,C,Show-and-Tell / Reveal,low (default: no hook detected),1,0,,0.0
whitechoc757,B,Promo / Hype Seller,medium,8,0,Offer / Urgency (8),0.0
chrisshop72,C,Show-and-Tell / Reveal,low (default: no hook detected),3,0,,0.0
crazy.country.adve,C,Show-and-Tell / Reveal,low (default: no hook detected),1,0,,0.0
junagrace,C,Show-and-Tell / Reveal,low (default: no hook detected),1,0,,0.0
yagirlcedes,C,Show-and-Tell / Reveal,low (default: no hook detected),2,1,,0.0
tiffandthechaos,A,Relatable Parent,low,2,0,Story / Personal Experience (1); Curiosity Gap (1),0.0
dealsandtrends4all,B,Promo / Hype Seller,medium,4,0,Offer / Urgency (2); Bold / Shocking Claim (1); Problem / Pain Point (1),0.0
osleidy.perez,C,Show-and-Tell / Reveal,low (default: no hook detected),1,0,,0.0
daphnemuzuruk,A,Relatable Parent,low,2,0,Direct Question (1),0.0
hopebeckham96,C,Show-and-Tell / Reveal,low (default: no hook detected),1,0,,0.0
brittanymonte11,C,Show-and-Tell / Reveal,low (default: no hook detected),1,0,,0.0
nicolelake53,A,Relatable Parent,medium,5,0,Story / Personal Experience (2); Bold / Shocking Claim (1); Problem / Pain Point (1),0.0
zongvang24,C,Show-and-Tell / Reveal,low (default: no hook detected),1,0,,0.0
nayeliambrizz,A,Relatable Parent,low,2,0,Story / Personal Experience (1),0.0
mariebarnett318,C,Show-and-Tell / Reveal,low (default: no hook detected),10,0,,0.0
reinaruiz40,A,Relatable Parent,low,1,0,Problem / Pain Point (1),0.0
aprilapplesauce,A,Relatable Parent,low,1,0,Story / Personal Experience (1),0.0
zaigilhernandez,C,Show-and-Tell / Reveal,low (default: no hook detected),8,0,,0.0
haleysteward,A,Relatable Parent,low,1,0,Problem / Pain Point (1),0.0
mamaangel630,C,Show-and-Tell / Reveal,low (default: no hook detected),1,0,,0.0
dr_idara,C,Show-and-Tell / Reveal,low (default: no hook detected),3,0,,0.0
carolynvb24,B,Promo / Hype Seller,medium,3,0,Bold / Shocking Claim (1),0.0
jtaylor1225,C,Show-and-Tell / Reveal,low (default: no hook detected),2,0,,0.0
kimberly.never.kim,C,Show-and-Tell / Reveal,low (default: no hook detected),1,0,,0.0
deal_duo,B,Promo / Hype Seller,medium,3,0,Offer / Urgency (3),0.0
wherebebe,A,Relatable Parent,low,2,0,Story / Personal Experience (1),0.0
ivonne0217,B,Promo / Hype Seller,low,1,0,Bold / Shocking Claim (1),0.0
samantha.mitchene,C,Show-and-Tell / Reveal,low (default: no hook detected),1,0,,0.0
valdkm,A,Relatable Parent,low,2,0,Problem / Pain Point (2),0.0
karendenisse029,C,Show-and-Tell / Reveal,low (default: no hook detected),2,0,,0.0
efat254,C,Show-and-Tell / Reveal,low (default: no hook detected),1,0,,0.0
sashaelizabeth39,C,Show-and-Tell / Reveal,low (default: no hook detected),1,0,,0.0
double_trouble403,A,Relatable Parent,low,2,0,Problem / Pain Point (1),0.0
chic_nice,C,Show-and-Tell / Reveal,low (default: no hook detected),3,0,,0.0
or.mohammed,B,Promo / Hype Seller,low,1,1,Bold / Shocking Claim (1),0.0
livinglifewtina,C,Show-and-Tell / Reveal,low (default: no hook detected),3,0,,0.0
gourmand_combo.queen,A,Relatable Parent,low,1,0,Problem / Pain Point (1),0.0
daisydelatorre04,B,Promo / Hype Seller,medium,17,0,Bold / Shocking Claim (4); Problem / Pain Point (1); Story / Personal Experience (1),0.0
peace6081,C,Show-and-Tell / Reveal,low (default: no hook detected),2,0,,0.0
myboo01,C,Show-and-Tell / Reveal,low (default: no hook detected),1,0,,0.0
mamakimalways,A,Relatable Parent,medium,4,0,Story / Personal Experience (1),0.0
stellar0916,A,Relatable Parent,low,1,0,Story / Personal Experience (1),0.0
ivana.de.roslen,C,Show-and-Tell / Reveal,low (default: no hook detected),1,0,,0.0
tv.finds,B,Promo / Hype Seller,low,1,0,Bold / Shocking Claim (1),0.0
shopdealsbyrick,C,Show-and-Tell / Reveal,low (default: no hook detected),1,0,,0.0
3dtimelapse32,B,Promo / Hype Seller,medium,4,0,Offer / Urgency (2); Social Proof / Results (1),0.0
thatshopgirljulie,B,Promo / Hype Seller,low,1,0,Offer / Urgency (1),0.0
birdtakes,B,Promo / Hype Seller,medium,4,0,Bold / Shocking Claim (1); Story / Personal Experience (1),0.0
mavericksmammaforever,B,Promo / Hype Seller,medium,3,0,Bold / Shocking Claim (1); Story / Personal Experience (1),0.0
sasay.g,C,Show-and-Tell / Reveal,low (default: no hook detected),1,0,,0.0
tinaswift5678,B,Promo / Hype Seller,medium,4,0,Social Proof / Results (1),0.0
beautybabe_blossom,B,Promo / Hype Seller,low,2,1,Bold / Shocking Claim (1),0.0
dih._cheese,A,Relatable Parent,low,1,0,Story / Personal Experience (1),0.0
kingpivi,B,Promo / Hype Seller,medium,3,2,Bold / Shocking Claim (1),0.0
amanda.strahan,A,Relatable Parent,low,2,1,Problem / Pain Point (1),0.0
tomtok28,C,Show-and-Tell / Reveal,low (default: no hook detected),3,0,,0.0
cherry4co,C,Show-and-Tell / Reveal,low (default: no hook detected),2,0,,0.0
imustbuy1,B,Promo / Hype Seller,low,1,0,Social Proof / Results (1),0.0
misty.w44,C,Show-and-Tell / Reveal,low (default: no hook detected),1,0,,0.0
roshansathyapuri,C,Show-and-Tell / Reveal,low (default: no hook detected),1,0,,0.0
absedgwick,C,Show-and-Tell / Reveal,medium,4,0,Curiosity Gap (1); Problem / Pain Point (1),0.0
taylorking131,A,Relatable Parent,low,1,0,Problem / Pain Point (1),0.0
dano_approved,C,Show-and-Tell / Reveal,low (default: no hook detected),1,0,,0.0
my.shopping.cartt,B,Promo / Hype Seller,medium,4,0,Offer / Urgency (1),0.0
crystalann815,C,Show-and-Tell / Reveal,low (default: no hook detected),1,0,,0.0
kanchu_suru1111,C,Show-and-Tell / Reveal,low (default: no hook detected),2,0,,0.0
beeyoutfulllll,C,Show-and-Tell / Reveal,low (default: no hook detected),1,0,,0.0
ximenac92,C,Show-and-Tell / Reveal,low (default: no hook detected),2,0,,0.0
abbs6335,A,Relatable Parent,medium,3,0,Story / Personal Experience (2); Bold / Shocking Claim (1),0.0
sherlandafaye,C,Show-and-Tell / Reveal,low (default: no hook detected),1,0,,0.0
awkwardreviews,C,Show-and-Tell / Reveal,low (default: no hook detected),1,0,,0.0
yey_valdez,C,Show-and-Tell / Reveal,low (default: no hook detected),2,0,,0.0
anewchapterwithchrist,A,Relatable Parent,medium,6,0,Direct Question (2); Problem / Pain Point (1); Bold / Shocking Claim (1),0.0
itsoneidaaa,C,Show-and-Tell / Reveal,low (default: no hook detected),1,0,,0.0
akgreenkilburn,C,Show-and-Tell / Reveal,low (default: no hook detected),1,0,,0.0
paolakunhardt,C,Show-and-Tell / Reveal,low (default: no hook detected),1,0,,0.0
anshuuprety123,C,Show-and-Tell / Reveal,low (default: no hook detected),1,0,,0.0
vanessafairyann,C,Show-and-Tell / Reveal,low (default: no hook detected),1,0,,0.0
tatianaperez7722,C,Show-and-Tell / Reveal,low (default: no hook detected),1,0,,0.0
kabitasharma69,C,Show-and-Tell / Reveal,low (default: no hook detected),1,0,,0.0
eltiktokshopdelisi,C,Show-and-Tell / Reveal,low (default: no hook detected),1,0,,0.0
mmaylynnlove,C,Show-and-Tell / Reveal,low (default: no hook detected),1,0,,0.0
poetry1980444,B,Promo / Hype Seller,low,1,0,Social Proof / Results (1),0.0
karlaapproved,A,Relatable Parent,low,1,0,Problem / Pain Point (1),0.0
madyy220,C,Show-and-Tell / Reveal,low (default: no hook detected),1,0,,0.0
currentinnovations.89,A,Relatable Parent,medium,3,0,Problem / Pain Point (3),0.0
lolaandspyke,A,Relatable Parent,low,1,0,Story / Personal Experience (1),0.0
candii_babyy,A,Relatable Parent,medium,3,0,Problem / Pain Point (2); Offer / Urgency (1),0.0
beautycomeswithin1,C,Show-and-Tell / Reveal,low (default: no hook detected),1,0,,0.0
yustin.04,C,Show-and-Tell / Reveal,low (default: no hook detected),1,0,,0.0
brittanii.realtor,A,Relatable Parent,low,1,0,Problem / Pain Point (1),0.0
sabrinas_palace,C,Show-and-Tell / Reveal,low (default: no hook detected),1,0,,0.0
mel_review,C,Show-and-Tell / Reveal,low (default: no hook detected),4,0,,0.0
yanexykevin,C,Show-and-Tell / Reveal,low (default: no hook detected),1,0,,0.0
dailen192,C,Show-and-Tell / Reveal,low (default: no hook detected),1,0,,0.0
yessica29h0,C,Show-and-Tell / Reveal,low (default: no hook detected),1,0,,0.0
lachuchita91,C,Show-and-Tell / Reveal,low (default: no hook detected),2,0,,0.0
rosita.t.shop,C,Show-and-Tell / Reveal,low (default: no hook detected),1,0,,0.0
jennifer.nicole.24,C,Show-and-Tell / Reveal,low (default: no hook detected),3,0,,0.0
buyfromgabby,C,Show-and-Tell / Reveal,low (default: no hook detected),1,0,,0.0
stephaniie112694,C,Show-and-Tell / Reveal,low (default: no hook detected),1,0,,0.0
wildttfinds,C,Show-and-Tell / Reveal,low (default: no hook detected),3,0,,0.0
teresasanchez50477,C,Show-and-Tell / Reveal,low (default: no hook detected),1,0,,0.0
yanin_mairena,C,Show-and-Tell / Reveal,low (default: no hook detected),1,0,,0.0
abigaelantoined,C,Show-and-Tell / Reveal,low (default: no hook detected),1,0,,0.0
mccaulibryant,C,Show-and-Tell / Reveal,low (default: no hook detected),1,0,,0.0
skhanal1,C,Show-and-Tell / Reveal,low (default: no hook detected),1,0,,0.0
sadie.lane.design,C,Show-and-Tell / Reveal,low (default: no hook detected),2,0,,0.0
maryshop91,C,Show-and-Tell / Reveal,low (default: no hook detected),2,0,,0.0
emily_brisbois,A,Relatable Parent,low,1,0,Problem / Pain Point (1),0.0
jdlmoneyy,C,Show-and-Tell / Reveal,low (default: no hook detected),1,0,,0.0
bomboncito127,C,Show-and-Tell / Reveal,low (default: no hook detected),1,0,,0.0
stacyd1973.53,C,Show-and-Tell / Reveal,low (default: no hook detected),2,0,,0.0
thuyaittran,C,Show-and-Tell / Reveal,low (default: no hook detected),1,0,,0.0
dustibraschler,A,Relatable Parent,low,2,0,Problem / Pain Point (1); Social Proof / Results (1),0.0
queen_w27,C,Show-and-Tell / Reveal,low (default: no hook detected),1,0,,0.0
celenarivera15,C,Show-and-Tell / Reveal,low (default: no hook detected),1,0,,0.0
mommahavens,B,Promo / Hype Seller,low,1,0,Bold / Shocking Claim (1),0.0
als6075,C,Show-and-Tell / Reveal,low (default: no hook detected),1,0,,0.0
knotty_prints,C,Show-and-Tell / Reveal,low (default: no hook detected),1,0,,0.0
thriftytom2,C,Show-and-Tell / Reveal,low (default: no hook detected),1,0,,0.0
bestorieever,C,Show-and-Tell / Reveal,low (default: no hook detected),1,0,,0.0
ugcvibes_katy,C,Show-and-Tell / Reveal,low (default: no hook detected),1,0,,0.0
jhoalex35,C,Show-and-Tell / Reveal,low (default: no hook detected),3,0,,0.0
aestheticjennrn,C,Show-and-Tell / Reveal,low (default: no hook detected),1,0,,0.0
thertoo80,C,Show-and-Tell / Reveal,low (default: no hook detected),1,0,,0.0
lovie3333,A,Relatable Parent,medium,4,0,Problem / Pain Point (2); Bold / Shocking Claim (1),0.0
nadousainthilaire0,C,Show-and-Tell / Reveal,low (default: no hook detected),1,0,,0.0
jimmy_findz,C,Show-and-Tell / Reveal,low (default: no hook detected),1,0,,0.0
legacybeauty95,C,Show-and-Tell / Reveal,low (default: no hook detected),1,1,,0.0
chismecitoshop,C,Show-and-Tell / Reveal,low (default: no hook detected),2,1,,0.0
asiajae24,A,Relatable Parent,low,1,0,Problem / Pain Point (1),0.0
banohelen123,C,Show-and-Tell / Reveal,low (default: no hook detected),1,0,,0.0
myroomessantials,C,Show-and-Tell / Reveal,low (default: no hook detected),1,0,,0.0
rosy.reyes.23,C,Show-and-Tell / Reveal,low (default: no hook detected),2,0,,0.0
hunterscott336,A,Relatable Parent,low,1,0,Story / Personal Experience (1),0.0
thattiktokgirl70,B,Promo / Hype Seller,low,1,0,Offer / Urgency (1),0.0
arle_dd_mom,C,Show-and-Tell / Reveal,low (default: no hook detected),1,0,,0.0
radhikanplbhattarai,C,Show-and-Tell / Reveal,low (default: no hook detected),1,0,,0.0
dschwartziee,A,Relatable Parent,medium,3,0,Story / Personal Experience (1); Bold / Shocking Claim (1),0.0
nocapdeals1,B,Promo / Hype Seller,low,2,0,Offer / Urgency (2),0.0
belsbestfinds,C,Show-and-Tell / Reveal,low (default: no hook detected),2,0,,0.0
nocapdeals3,B,Promo / Hype Seller,low,2,0,Offer / Urgency (2),0.0
borninthe1990s,C,Show-and-Tell / Reveal,low (default: no hook detected),1,0,,0.0
ttdealsalways,B,Promo / Hype Seller,medium,3,0,Offer / Urgency (1),0.0
ffanick,B,Promo / Hype Seller,low,1,0,Bold / Shocking Claim (1),0.0
jazzywazzy691,C,Show-and-Tell / Reveal,low (default: no hook detected),1,0,,0.0
david.saldivar96,B,Promo / Hype Seller,low,1,0,Bold / Shocking Claim (1),0.0
dorotheajording,C,Show-and-Tell / Reveal,low (default: no hook detected),3,0,,0.0
stephenp777,C,Show-and-Tell / Reveal,low (default: no hook detected),4,0,,0.0
hustlehusbandsllc,B,Promo / Hype Seller,low,2,0,Offer / Urgency (1),0.0
lemon.finds,B,Promo / Hype Seller,medium,3,0,Offer / Urgency (3),0.0
cibelysmartinez35,C,Show-and-Tell / Reveal,low (default: no hook detected),1,0,,0.0
goldenmangofinds,C,Show-and-Tell / Reveal,low (default: no hook detected),4,0,,0.0
ttaylorfam,C,Show-and-Tell / Reveal,low (default: no hook detected),1,0,,0.0
giselle8mugc,C,Show-and-Tell / Reveal,low (default: no hook detected),1,0,,0.0
jaredtofy7,C,Show-and-Tell / Reveal,low (default: no hook detected),1,0,,0.0
kat_glamgirl,B,Promo / Hype Seller,low,1,0,Bold / Shocking Claim (1),0.0
julianavollstedt,C,Show-and-Tell / Reveal,low (default: no hook detected),3,0,,0.0
darlinechery7,C,Show-and-Tell / Reveal,low (default: no hook detected),1,0,,0.0
dailydealswithjay,A,Relatable Parent,medium,4,0,Story / Personal Experience (1); Bold / Shocking Claim (1),0.0
mindforge_168,B,Promo / Hype Seller,low,2,0,Offer / Urgency (2),0.0
productsreview24,C,Show-and-Tell / Reveal,low (default: no hook detected),1,0,,0.0
hpg5502,C,Show-and-Tell / Reveal,low (default: no hook detected),1,0,,0.0
darra.da.gemini,C,Show-and-Tell / Reveal,low (default: no hook detected),1,0,,0.0
homewithmechanelle,A,Relatable Parent,low,1,0,Story / Personal Experience (1),0.0
mommahannah5,C,Show-and-Tell / Reveal,low (default: no hook detected),1,0,,0.0
turtledealz,B,Promo / Hype Seller,low,2,0,Offer / Urgency (2),0.0
aldomendoza1287,C,Show-and-Tell / Reveal,low (default: no hook detected),1,0,,0.0
jazzyredd786,C,Show-and-Tell / Reveal,low (default: no hook detected),2,0,,0.0
gaellecineas7,A,Relatable Parent,low,2,0,Story / Personal Experience (1),0.0
aracely29martinez,C,Show-and-Tell / Reveal,low (default: no hook detected),1,0,,0.0
shopvibezone,C,Show-and-Tell / Reveal,low (default: no hook detected),3,0,,0.0
sportsmomhacks1,C,Show-and-Tell / Reveal,low (default: no hook detected),1,0,,0.0
helpthemommas,A,Relatable Parent,low,1,0,Direct Question (1),0.0
mariagabrielacova,C,Show-and-Tell / Reveal,low (default: no hook detected),4,0,,0.0
bamabikermom,C,Show-and-Tell / Reveal,low (default: no hook detected),1,0,,0.0
insusz,C,Show-and-Tell / Reveal,low (default: no hook detected),2,0,,0.0
rae.meaux,A,Relatable Parent,low,2,0,Problem / Pain Point (2),0.0
nicoleowens559,C,Show-and-Tell / Reveal,low (default: no hook detected),1,0,,0.0
addtocartwithmegan,C,Show-and-Tell / Reveal,low (default: no hook detected),2,0,,0.0
jillybuglove,A,Relatable Parent,low,1,0,Story / Personal Experience (1),0.0
affiliate_ang_,C,Show-and-Tell / Reveal,low (default: no hook detected),1,0,,0.0
talkmommatome,A,Relatable Parent,medium,3,0,Direct Question (1); Bold / Shocking Claim (1),0.0
amberkelleyaden,C,Show-and-Tell / Reveal,low (default: no hook detected),1,0,,0.0
meganrenee7821,C,Show-and-Tell / Reveal,low (default: no hook detected),2,0,,0.0
mg.aou,C,Show-and-Tell / Reveal,low (default: no hook detected),5,0,,0.0
smalltownteacherlife1,C,Show-and-Tell / Reveal,low (default: no hook detected),1,0,,0.0
daifindscollabs,C,Show-and-Tell / Reveal,low (default: no hook detected),1,0,,0.0
universe.pro77,C,Show-and-Tell / Reveal,low (default: no hook detected),1,0,,0.0
zielzebub,A,Relatable Parent,low,1,0,Story / Personal Experience (1),0.0
insider.deals,B,Promo / Hype Seller,low,1,0,Offer / Urgency (1),0.0
elmagilbert1910,B,Promo / Hype Seller,medium,3,0,Offer / Urgency (2); Bold / Shocking Claim (1),0.0
classyepic,C,Show-and-Tell / Reveal,low (default: no hook detected),4,0,,0.0
_yesitsyess,C,Show-and-Tell / Reveal,low (default: no hook detected),1,0,,0.0
madambaniza,C,Show-and-Tell / Reveal,low (default: no hook detected),1,0,,0.0
cozyfindsbyvk,A,Relatable Parent,low,2,0,Problem / Pain Point (1),0.0
jennicepiris,C,Show-and-Tell / Reveal,low (default: no hook detected),1,0,,0.0
crazynaturevideos,A,Relatable Parent,medium,15,0,Problem / Pain Point (2),0.0
kimberlyratzell,C,Show-and-Tell / Reveal,low (default: no hook detected),3,1,,0.0
judyk125,B,Promo / Hype Seller,low,1,0,Offer / Urgency (1),0.0
danielaa.aah,C,Show-and-Tell / Reveal,low (default: no hook detected),1,0,,0.0
one_strong_mother,C,Show-and-Tell / Reveal,low (default: no hook detected),1,0,,0.0
keyrireyes12,C,Show-and-Tell / Reveal,low (default: no hook detected),1,0,,0.0
cblanchard76,B,Promo / Hype Seller,medium,6,0,Offer / Urgency (5); Social Proof / Results (1),0.0
wellnessandwhiskers,A,Relatable Parent,medium,4,0,Problem / Pain Point (4),0.0
shop.with.naomi,C,Show-and-Tell / Reveal,low,1,0,Curiosity Gap (1),0.0
hudsondeuxparfume,B,Promo / Hype Seller,low,1,0,Social Proof / Results (1),0.0
faithjdeals,C,Show-and-Tell / Reveal,low (default: no hook detected),1,0,,0.0
ralphiesreviews,B,Promo / Hype Seller,medium,5,0,Social Proof / Results (2); Bold / Shocking Claim (1); Problem / Pain Point (1),0.0
melenalpz,C,Show-and-Tell / Reveal,low (default: no hook detected),1,0,,0.0
shendzdeals,B,Promo / Hype Seller,low,2,0,Offer / Urgency (2),0.0
missxkenshin,C,Show-and-Tell / Reveal,low (default: no hook detected),2,0,,0.0
tt.so,C,Show-and-Tell / Reveal,low (default: no hook detected),1,0,,0.0
jellyblueguy,C,Show-and-Tell / Reveal,low (default: no hook detected),3,0,,0.0
reyandmomadventures,C,Show-and-Tell / Reveal,low (default: no hook detected),1,0,,0.0
carolinachiick,B,Promo / Hype Seller,low,1,0,Social Proof / Results (1),0.0
christyyoo,C,Show-and-Tell / Reveal,low (default: no hook detected),1,0,,0.0
kaidynash,A,Relatable Parent,low,1,0,Story / Personal Experience (1),0.0
kelseysfavfinds,C,Show-and-Tell / Reveal,low (default: no hook detected),1,0,,0.0
mrsnadeige,C,Show-and-Tell / Reveal,low (default: no hook detected),3,0,,0.0
ppierre1234,C,Show-and-Tell / Reveal,low (default: no hook detected),2,0,,0.0
vickyapproved,B,Promo / Hype Seller,low,1,0,Bold / Shocking Claim (1),0.0
facesbytiffy,C,Show-and-Tell / Reveal,low (default: no hook detected),1,0,,0.0
chronically_demi,C,Show-and-Tell / Reveal,low (default: no hook detected),1,0,,0.0
pincinella,A,Relatable Parent,low,1,0,Problem / Pain Point (1),0.0
kayla_noel92,A,Relatable Parent,medium,3,0,Problem / Pain Point (2); Story / Personal Experience (1),0.0
jessica_waldrop,B,Promo / Hype Seller,low,1,0,Social Proof / Results (1),0.0
kylobear333,C,Show-and-Tell / Reveal,low (default: no hook detected),1,0,,0.0
ariashopppp,C,Show-and-Tell / Reveal,low (default: no hook detected),2,0,,0.0
selena_g.r,C,Show-and-Tell / Reveal,low (default: no hook detected),4,0,,0.0
cherishtheealexanders,C,Show-and-Tell / Reveal,low (default: no hook detected),1,0,,0.0
jennyb12312001,C,Show-and-Tell / Reveal,low (default: no hook detected),1,0,,0.0
sierravanwinkle8,C,Show-and-Tell / Reveal,low (default: no hook detected),1,0,,0.0
_raikss,B,Promo / Hype Seller,low,2,0,Offer / Urgency (2),0.0
eeveesmama1,A,Relatable Parent,low,1,0,Problem / Pain Point (1),0.0
jenniferfanmokap123,C,Show-and-Tell / Reveal,low (default: no hook detected),1,0,,0.0
natashadp12621,B,Promo / Hype Seller,low,1,0,Bold / Shocking Claim (1),0.0
marcefinds1,C,Show-and-Tell / Reveal,low (default: no hook detected),1,0,,0.0
sebastiansfilms209,C,Show-and-Tell / Reveal,low (default: no hook detected),6,0,,0.0
duranfinds,A,Relatable Parent,medium,4,0,Problem / Pain Point (3),0.0
xoash311,A,Relatable Parent,low,1,0,Story / Personal Experience (1),0.0
lakevion1920,A,Relatable Parent,low,1,0,Problem / Pain Point (1),0.0
tashiasnowmosley,C,Show-and-Tell / Reveal,low (default: no hook detected),1,0,,0.0
.godislove1,C,Show-and-Tell / Reveal,low (default: no hook detected),1,0,,0.0
drewstersdeals,C,Show-and-Tell / Reveal,low (default: no hook detected),1,0,,0.0
naturally_mia,C,Show-and-Tell / Reveal,low (default: no hook detected),1,0,,0.0
garjarai12,C,Show-and-Tell / Reveal,low (default: no hook detected),1,0,,0.0
easydealz3,C,Show-and-Tell / Reveal,low (default: no hook detected),1,0,,0.0
lavidaofcassie,A,Relatable Parent,low,2,0,Problem / Pain Point (1); Story / Personal Experience (1),0.0
mydadmexicanaf,C,Show-and-Tell / Reveal,low (default: no hook detected),1,0,,0.0
becausekoacares,B,Promo / Hype Seller,medium,6,0,Offer / Urgency (5),0.0
candi.land18,B,Promo / Hype Seller,medium,3,0,Offer / Urgency (1),0.0
sheli01,A,Relatable Parent,low,1,0,Problem / Pain Point (1),0.0
user8480080225861,C,Show-and-Tell / Reveal,low (default: no hook detected),1,0,,0.0
simplesmithlife,C,Show-and-Tell / Reveal,low (default: no hook detected),1,1,,0.0
nikkiwash17,C,Show-and-Tell / Reveal,low (default: no hook detected),2,0,,0.0
destinie424,C,Show-and-Tell / Reveal,low (default: no hook detected),1,0,,0.0
collabwithhollyb,C,Show-and-Tell / Reveal,low (default: no hook detected),1,0,,0.0
mycatsapprovethis,C,Show-and-Tell / Reveal,low (default: no hook detected),2,0,,0.0
kathyfamilyof6,C,Show-and-Tell / Reveal,low (default: no hook detected),1,0,,0.0
ashman.finds,C,Show-and-Tell / Reveal,low (default: no hook detected),1,0,,0.0
nyequestrian,A,Relatable Parent,low,2,0,Problem / Pain Point (1),0.0
claudiaorellanamoz,B,Promo / Hype Seller,medium,7,0,Social Proof / Results (1),0.0
risingphoenix_007,A,Relatable Parent,low,2,0,Problem / Pain Point (2),0.0
larios_29,C,Show-and-Tell / Reveal,low (default: no hook detected),2,0,,0.0
alchemistvibes369,B,Promo / Hype Seller,medium,3,0,Offer / Urgency (1),0.0
godchild137,C,Show-and-Tell / Reveal,low (default: no hook detected),2,0,,0.0
dominique.presume2,C,Show-and-Tell / Reveal,low (default: no hook detected),1,0,,0.0
charleysmom14,B,Promo / Hype Seller,medium,7,0,Offer / Urgency (1),0.0
pattisagersenn,C,Show-and-Tell / Reveal,low (default: no hook detected),1,0,,0.0
msjvckson4,A,Relatable Parent,medium,3,1,Problem / Pain Point (1); Story / Personal Experience (1),0.0
colleenwilly,C,Show-and-Tell / Reveal,low (default: no hook detected),1,0,,0.0
odalyssanchez57,C,Show-and-Tell / Reveal,low (default: no hook detected),2,0,,0.0
peoples1969genx,B,Promo / Hype Seller,low,1,0,Offer / Urgency (1),0.0
chaparritacastromakeup,B,Promo / Hype Seller,low,1,0,Social Proof / Results (1),0.0
allayshe,A,Relatable Parent,low,1,0,Problem / Pain Point (1),0.0
girlmomentswithbrooke,C,Show-and-Tell / Reveal,low (default: no hook detected),1,0,,0.0
curatedbykara,A,Relatable Parent,low,1,0,Direct Question (1),0.0
kennedylin01,C,Show-and-Tell / Reveal,low (default: no hook detected),2,0,,0.0
casarra.rose.moralez,C,Show-and-Tell / Reveal,low (default: no hook detected),2,0,,0.0
une_bellebouche,C,Show-and-Tell / Reveal,low (default: no hook detected),1,0,,0.0
angelskye05,C,Show-and-Tell / Reveal,low (default: no hook detected),1,0,,0.0
momfindsbytrezh,B,Promo / Hype Seller,low,2,0,Social Proof / Results (2),0.0
paolaaa_perdomo,C,Show-and-Tell / Reveal,low (default: no hook detected),2,0,,0.0
lilylifestyle32,C,Show-and-Tell / Reveal,low (default: no hook detected),1,0,,0.0
bearsbuys,B,Promo / Hype Seller,low,1,0,Social Proof / Results (1),0.0
faith_rose536,C,Show-and-Tell / Reveal,low (default: no hook detected),1,0,,0.0
buzzinvestments,C,Show-and-Tell / Reveal,low (default: no hook detected),3,0,,0.0
radhacm6,C,Show-and-Tell / Reveal,low (default: no hook detected),1,0,,0.0
gracekraf,C,Show-and-Tell / Reveal,low (default: no hook detected),2,0,,0.0
yolandaromero1111,C,Show-and-Tell / Reveal,low (default: no hook detected),2,0,,0.0
ladomi664,C,Show-and-Tell / Reveal,low (default: no hook detected),1,0,,0.0
deadra_s_s,C,Show-and-Tell / Reveal,low (default: no hook detected),1,0,,0.0
contactowen,C,Show-and-Tell / Reveal,low (default: no hook detected),1,0,,0.0
homeofbehishta,A,Relatable Parent,low,1,1,Problem / Pain Point (1),0.0
cvasiliqi,C,Show-and-Tell / Reveal,low (default: no hook detected),1,0,,0.0
marinadelnar,C,Show-and-Tell / Reveal,low (default: no hook detected),2,0,,0.0
jessicalauren202,B,Promo / Hype Seller,low,1,0,Bold / Shocking Claim (1),0.0
ny199560,C,Show-and-Tell / Reveal,low (default: no hook detected),2,0,,0.0
tacietalks,B,Promo / Hype Seller,low,1,0,Bold / Shocking Claim (1),0.0
brendasantosvzla,A,Relatable Parent,low,2,1,Story / Personal Experience (1),0.0
elis_cubanita,C,Show-and-Tell / Reveal,low (default: no hook detected),1,0,,0.0
stephsteeed,C,Show-and-Tell / Reveal,low (default: no hook detected),1,0,,0.0
johnnyplug,C,Show-and-Tell / Reveal,low (default: no hook detected),1,0,,0.0
mitostiendita,B,Promo / Hype Seller,medium,3,0,Social Proof / Results (2),0.0
sidetrack99,C,Show-and-Tell / Reveal,low (default: no hook detected),2,0,,0.0
jesellz19,B,Promo / Hype Seller,low,2,1,Offer / Urgency (1),0.0
wisquitomama,A,Relatable Parent,medium,4,0,Problem / Pain Point (3); Bold / Shocking Claim (1),0.0
happyjujustar,B,Promo / Hype Seller,low,1,0,Social Proof / Results (1),0.0
valunattshop,C,Show-and-Tell / Reveal,low (default: no hook detected),1,0,,0.0
lylyafuentes,C,Show-and-Tell / Reveal,low (default: no hook detected),4,0,,0.0
tarajaff95,A,Relatable Parent,low,1,1,Problem / Pain Point (1),0.0
jattcali13,C,Show-and-Tell / Reveal,low (default: no hook detected),1,1,,0.0
stellaknight_xo,C,Show-and-Tell / Reveal,low (default: no hook detected),1,0,,0.0
deal.plug4,C,Show-and-Tell / Reveal,low (default: no hook detected),6,0,,0.0
travelertracey,B,Promo / Hype Seller,low,2,0,Bold / Shocking Claim (2),0.0
allie_momlife,A,Relatable Parent,low,1,0,Story / Personal Experience (1),0.0
vickyvolz,C,Show-and-Tell / Reveal,low (default: no hook detected),1,1,,0.0
dlocmps02,C,Show-and-Tell / Reveal,low (default: no hook detected),1,0,,0.0
sand0valrivera,C,Show-and-Tell / Reveal,low (default: no hook detected),1,0,,0.0
missaorion,B,Promo / Hype Seller,low,2,0,Bold / Shocking Claim (1),0.0
aurabella072,C,Show-and-Tell / Reveal,low (default: no hook detected),1,0,,0.0
annanguyen080,C,Show-and-Tell / Reveal,low (default: no hook detected),1,0,,0.0
tinytina1111,C,Show-and-Tell / Reveal,low (default: no hook detected),1,0,,0.0
leviii1998,C,Show-and-Tell / Reveal,low (default: no hook detected),2,0,,0.0
thegracebreon,A,Relatable Parent,medium,3,0,Story / Personal Experience (1); Social Proof / Results (1),0.0
sifamariaa5,C,Show-and-Tell / Reveal,low (default: no hook detected),1,0,,0.0
michelle13579,B,Promo / Hype Seller,low,1,0,Offer / Urgency (1),0.0
michellelei2,A,Relatable Parent,low,1,0,Problem / Pain Point (1),0.0
its_nays_world,C,Show-and-Tell / Reveal,low (default: no hook detected),1,0,,0.0
naina.beaute.natu,C,Show-and-Tell / Reveal,low (default: no hook detected),1,0,,0.0
spookystories_bymichelle,C,Show-and-Tell / Reveal,low (default: no hook detected),1,0,,0.0
propromostore,A,Relatable Parent,low,2,0,Problem / Pain Point (1),0.0
magicalpricellc,C,Show-and-Tell / Reveal,low (default: no hook detected),2,0,,0.0
nish2594,C,Show-and-Tell / Reveal,low (default: no hook detected),1,0,,0.0
rosbritshop,B,Promo / Hype Seller,medium,5,0,Social Proof / Results (1),0.0
espanolitahh,B,Promo / Hype Seller,low,1,0,Social Proof / Results (1),0.0
healingallthings,C,Show-and-Tell / Reveal,low (default: no hook detected),4,1,,0.0
kaylaadingess,C,Show-and-Tell / Reveal,low (default: no hook detected),1,0,,0.0
josephlourdesmia103,C,Show-and-Tell / Reveal,low (default: no hook detected),1,0,,0.0
cindyjimnez51,C,Show-and-Tell / Reveal,low (default: no hook detected),1,0,,0.0
revibe_tribe,A,Relatable Parent,medium,4,1,Direct Question (2); Story / Personal Experience (1); Problem / Pain Point (1),0.0
laurapaniagua59,C,Show-and-Tell / Reveal,low (default: no hook detected),1,0,,0.0
emmweenie,C,Show-and-Tell / Reveal,low (default: no hook detected),1,0,,0.0
fatherfinds.by.me,C,Show-and-Tell / Reveal,low (default: no hook detected),1,0,,0.0
lazara849,C,Show-and-Tell / Reveal,low (default: no hook detected),1,0,,0.0
vivian.alfonso,C,Show-and-Tell / Reveal,low (default: no hook detected),3,0,,0.0
yestyecan,C,Show-and-Tell / Reveal,low (default: no hook detected),2,0,,0.0
drkwds,C,Show-and-Tell / Reveal,low (default: no hook detected),1,0,,0.0
sweetestanna,B,Promo / Hype Seller,low,2,0,Social Proof / Results (2),0.0
samy_houstonlovebosna,A,Relatable Parent,medium,7,0,Problem / Pain Point (1),0.0
gymreviews_epak,B,Promo / Hype Seller,low,1,0,Offer / Urgency (1),0.0
shanleechapman,C,Show-and-Tell / Reveal,low (default: no hook detected),1,0,,0.0
sarahmorgannn,C,Show-and-Tell / Reveal,low (default: no hook detected),1,0,,0.0
210commander,C,Show-and-Tell / Reveal,low (default: no hook detected),1,0,,0.0
sushilathapa2015,C,Show-and-Tell / Reveal,low (default: no hook detected),1,0,,0.0
bmshutt,C,Show-and-Tell / Reveal,low (default: no hook detected),3,0,,0.0
nelaj13,C,Show-and-Tell / Reveal,low (default: no hook detected),1,1,,0.0
alwayzchyna,C,Show-and-Tell / Reveal,low (default: no hook detected),1,0,,0.0
gigi.stigrm.7,C,Show-and-Tell / Reveal,low (default: no hook detected),1,0,,0.0
fabiolavelarde1,C,Show-and-Tell / Reveal,low (default: no hook detected),3,0,,0.0
chelsea._.hart,C,Show-and-Tell / Reveal,low (default: no hook detected),1,0,,0.0
totstyles,A,Relatable Parent,low,1,0,Story / Personal Experience (1),0.0
ckaris725,C,Show-and-Tell / Reveal,low (default: no hook detected),4,0,,0.0
leslie.c7z,C,Show-and-Tell / Reveal,low (default: no hook detected),1,0,,0.0
sabitrab_,C,Show-and-Tell / Reveal,low (default: no hook detected),1,0,,0.0
elaineperez922,B,Promo / Hype Seller,low,1,0,Social Proof / Results (1),0.0
sirjana25,C,Show-and-Tell / Reveal,low (default: no hook detected),1,0,,0.0
kadfinds,C,Show-and-Tell / Reveal,low (default: no hook detected),1,0,,0.0
daylinrojas01,C,Show-and-Tell / Reveal,low (default: no hook detected),1,0,,0.0
s_lambeaux,A,Relatable Parent,low,1,1,Story / Personal Experience (1),0.0
kimkar0413,C,Show-and-Tell / Reveal,low (default: no hook detected),3,0,,0.0
tiktokshopdelarubia,C,Show-and-Tell / Reveal,low (default: no hook detected),1,0,,0.0
saduliazamor19,C,Show-and-Tell / Reveal,low (default: no hook detected),1,0,,0.0
nisha.bajgain05,C,Show-and-Tell / Reveal,low (default: no hook detected),1,0,,0.0
fit_faith_fashion_donna,C,Show-and-Tell / Reveal,low (default: no hook detected),1,0,,0.0
chareevibes,C,Show-and-Tell / Reveal,low (default: no hook detected),3,0,,0.0
asmibhusal03,C,Show-and-Tell / Reveal,low (default: no hook detected),1,0,,0.0
sheistycanady,C,Show-and-Tell / Reveal,low (default: no hook detected),1,0,,0.0
gingerssweetthings2,A,Relatable Parent,low,1,0,Story / Personal Experience (1),0.0
brownsugar_experiences,A,Relatable Parent,low,2,0,Problem / Pain Point (1),0.0
dianicamaguey,C,Show-and-Tell / Reveal,low (default: no hook detected),1,0,,0.0
eliahneemendoza,C,Show-and-Tell / Reveal,low (default: no hook detected),1,0,,0.0
90smusicmomma,C,Show-and-Tell / Reveal,low (default: no hook detected),2,0,,0.0
yany04.12,C,Show-and-Tell / Reveal,low (default: no hook detected),1,0,,0.0
karuna.bhujel8,C,Show-and-Tell / Reveal,low (default: no hook detected),1,0,,0.0
ambersanders26,A,Relatable Parent,low,2,0,Story / Personal Experience (2),0.0
amor.yvida,A,Relatable Parent,medium,3,0,Story / Personal Experience (1),0.0
beatriz_82.2,C,Show-and-Tell / Reveal,low (default: no hook detected),2,0,,0.0
jtightbabytooth,A,Relatable Parent,medium,3,0,Story / Personal Experience (1),0.0
hm_clipz,C,Show-and-Tell / Reveal,low (default: no hook detected),1,0,,0.0
valad569,C,Show-and-Tell / Reveal,low (default: no hook detected),1,0,,0.0
whoslex381,B,Promo / Hype Seller,medium,7,2,Offer / Urgency (4); Direct Question (1),0.0
antoniorecomienda,C,Show-and-Tell / Reveal,low (default: no hook detected),3,0,,0.0
soyreinacubana,C,Show-and-Tell / Reveal,low (default: no hook detected),2,0,,0.0
myhomeychiclife,A,Relatable Parent,low,1,0,Problem / Pain Point (1),0.0
sar.butler,C,Show-and-Tell / Reveal,low (default: no hook detected),1,0,,0.0
arifreeman88,C,Show-and-Tell / Reveal,low (default: no hook detected),1,0,,0.0
anis_chic_boutique,C,Show-and-Tell / Reveal,low (default: no hook detected),1,0,,0.0
vixenwigs,C,Show-and-Tell / Reveal,low (default: no hook detected),1,0,,0.0
lifewithmelsies,C,Show-and-Tell / Reveal,low (default: no hook detected),2,1,,0.0
leybranjames,C,Show-and-Tell / Reveal,low (default: no hook detected),9,0,,0.0
adritokshop,C,Show-and-Tell / Reveal,low (default: no hook detected),1,0,,0.0
aprilcorbett00,A,Relatable Parent,low,1,0,Problem / Pain Point (1),0.0
brianiegutierrez1,C,Show-and-Tell / Reveal,low (default: no hook detected),1,0,,0.0
elizabethpaige_tts,B,Promo / Hype Seller,low,1,0,Social Proof / Results (1),0.0
gaylahenry1967,B,Promo / Hype Seller,low,1,0,Social Proof / Results (1),0.0
miaaapistilliiii,C,Show-and-Tell / Reveal,low (default: no hook detected),1,0,,0.0
barbaritaenusa,C,Show-and-Tell / Reveal,low (default: no hook detected),1,0,,0.0
ivonneguille8,C,Show-and-Tell / Reveal,low (default: no hook detected),6,0,,0.0
k33ki3ugc,C,Show-and-Tell / Reveal,low (default: no hook detected),1,0,,0.0
shellyscoggins,C,Show-and-Tell / Reveal,low (default: no hook detected),1,0,,0.0
angiesvarietyvault,A,Relatable Parent,low,1,0,Direct Question (1),0.0
resalomeli,C,Show-and-Tell / Reveal,low (default: no hook detected),1,0,,0.0
mamaede3nagringa,A,Relatable Parent,low,1,0,Problem / Pain Point (1),0.0
torito_tik_tok_shop,C,Show-and-Tell / Reveal,low (default: no hook detected),1,0,,0.0
evyg07,A,Relatable Parent,low,1,0,Story / Personal Experience (1),0.0
tiktakfan72,C,Show-and-Tell / Reveal,low (default: no hook detected),1,0,,0.0
hogeeshouse,B,Promo / Hype Seller,low,1,0,Bold / Shocking Claim (1),0.0
beaubo64,C,Show-and-Tell / Reveal,low (default: no hook detected),1,0,,0.0
etelvinadelcidcabrera,A,Relatable Parent,low,1,1,Story / Personal Experience (1),0.0
producttraveler,A,Relatable Parent,medium,3,2,Story / Personal Experience (2),0.0
itsthatnorn,A,Relatable Parent,medium,4,0,Problem / Pain Point (3),0.0
cbolden1974,C,Show-and-Tell / Reveal,low (default: no hook detected),1,0,,0.0
samrwit2721,C,Show-and-Tell / Reveal,low (default: no hook detected),2,0,,0.0
vicsdailydeals,B,Promo / Hype Seller,low,1,0,Offer / Urgency (1),0.0
mommashults,C,Show-and-Tell / Reveal,low (default: no hook detected),1,0,,0.0
chanetchanteng,C,Show-and-Tell / Reveal,low (default: no hook detected),1,0,,0.0
lolitagillespie68,B,Promo / Hype Seller,low,1,0,Social Proof / Results (1),0.0
langiesimeus1,C,Show-and-Tell / Reveal,low (default: no hook detected),1,0,,0.0
fatyshop01,C,Show-and-Tell / Reveal,low (default: no hook detected),1,0,,0.0
marcianunesmills,B,Promo / Hype Seller,low,1,0,Social Proof / Results (1),0.0
roshanbipina19,C,Show-and-Tell / Reveal,low (default: no hook detected),1,0,,0.0
selenagrajedaa,C,Show-and-Tell / Reveal,low (default: no hook detected),2,0,,0.0
lisashaw2024,C,Show-and-Tell / Reveal,low (default: no hook detected),1,0,,0.0
chinadubaibeautyfashion,C,Show-and-Tell / Reveal,low (default: no hook detected),2,0,,0.0
nikihutchins1,A,Relatable Parent,low,1,0,Problem / Pain Point (1),0.0
nicole_ald8,C,Show-and-Tell / Reveal,low (default: no hook detected),1,0,,0.0
brenda.cruz190,C,Show-and-Tell / Reveal,low (default: no hook detected),1,0,,0.0
thismamasonamission,B,Promo / Hype Seller,low,2,1,Bold / Shocking Claim (1),0.0
gabbyruelasvera,C,Show-and-Tell / Reveal,low (default: no hook detected),2,0,,0.0
futurmilliardaire494,C,Show-and-Tell / Reveal,low (default: no hook detected),1,1,,0.0
millroadpawn,A,Relatable Parent,low,1,1,Direct Question (1),0.0
karbear138,C,Show-and-Tell / Reveal,low (default: no hook detected),1,0,,0.0
nataliepender2,B,Promo / Hype Seller,low,1,0,Social Proof / Results (1),0.0
nwith36,C,Show-and-Tell / Reveal,low (default: no hook detected),1,0,,0.0
kaylaboutique8,C,Show-and-Tell / Reveal,low (default: no hook detected),2,0,,0.0
bridgettemarie38,C,Show-and-Tell / Reveal,low (default: no hook detected),1,0,,0.0
suehellokittylove,B,Promo / Hype Seller,low,1,0,Social Proof / Results (1),0.0
taytayfromtexas,A,Relatable Parent,low,2,0,Problem / Pain Point (2),0.0
_jewlie_,A,Relatable Parent,low,2,2,Story / Personal Experience (2),0.0
wdfgoinonnina,A,Relatable Parent,low,2,1,Story / Personal Experience (1),0.0
jorgel2277,C,Show-and-Tell / Reveal,low (default: no hook detected),1,0,,0.0
tattooedcynn,C,Show-and-Tell / Reveal,low (default: no hook detected),1,0,,0.0
joely_en_familia,A,Relatable Parent,medium,15,0,Story / Personal Experience (4),0.0
mindycuriomysa,C,Show-and-Tell / Reveal,low (default: no hook detected),1,0,,0.0
giianny06,C,Show-and-Tell / Reveal,low (default: no hook detected),1,0,,0.0
jeanienguyen8899,C,Show-and-Tell / Reveal,low (default: no hook detected),1,0,,0.0
audreyboltonshops,C,Show-and-Tell / Reveal,low (default: no hook detected),3,0,,0.0
teetriedit,A,Relatable Parent,medium,3,0,Direct Question (1); Problem / Pain Point (1),0.0
junior.faby,C,Show-and-Tell / Reveal,low (default: no hook detected),3,0,,0.0
thedealplug_0,C,Show-and-Tell / Reveal,low (default: no hook detected),1,0,,0.0
theshopplug_,C,Show-and-Tell / Reveal,low (default: no hook detected),2,0,,0.0
jcggshow,B,Promo / Hype Seller,medium,14,0,Social Proof / Results (1),0.0
sandraiser,C,Show-and-Tell / Reveal,low (default: no hook detected),4,0,,0.0
vibinwitdeelogg,B,Promo / Hype Seller,low,1,0,Bold / Shocking Claim (1),0.0
seen.904,C,Show-and-Tell / Reveal,low (default: no hook detected),1,0,,0.0
cynthialang195,C,Show-and-Tell / Reveal,low (default: no hook detected),1,0,,0.0
kylareviewsx0,C,Show-and-Tell / Reveal,low (default: no hook detected),1,0,,0.0
meghansbestdeals,C,Show-and-Tell / Reveal,low (default: no hook detected),2,0,,0.0
stephbramwell,C,Show-and-Tell / Reveal,low (default: no hook detected),1,1,,0.0
user824149452,C,Show-and-Tell / Reveal,low (default: no hook detected),1,0,,0.0
natalymendoza562,C,Show-and-Tell / Reveal,low (default: no hook detected),2,0,,0.0
lifeasbekah,C,Show-and-Tell / Reveal,low (default: no hook detected),1,0,,0.0
funkeshop,C,Show-and-Tell / Reveal,low (default: no hook detected),1,0,,0.0
abbsolutelyabby,C,Show-and-Tell / Reveal,low (default: no hook detected),1,0,,0.0
brookeeh00,C,Show-and-Tell / Reveal,low (default: no hook detected),5,0,,0.0
kikimaryco,B,Promo / Hype Seller,low,1,0,Offer / Urgency (1),0.0
oricelda2342,C,Show-and-Tell / Reveal,low (default: no hook detected),1,0,,0.0
qurenguyen,C,Show-and-Tell / Reveal,low (default: no hook detected),1,0,,0.0
itscristydeleon,C,Show-and-Tell / Reveal,low (default: no hook detected),1,0,,0.0
buttercreamconfetticake,B,Promo / Hype Seller,low,2,0,Bold / Shocking Claim (1),0.0
liliandaz1,C,Show-and-Tell / Reveal,low (default: no hook detected),2,0,,0.0
saltyvibes18,B,Promo / Hype Seller,medium,3,0,Bold / Shocking Claim (1),0.0
lagloirededieu995,C,Show-and-Tell / Reveal,low (default: no hook detected),1,0,,0.0
guilleandrade27,C,Show-and-Tell / Reveal,low (default: no hook detected),1,0,,0.0
marlencuba1969,C,Show-and-Tell / Reveal,low (default: no hook detected),2,0,,0.0
theravenmarie2,C,Show-and-Tell / Reveal,low (default: no hook detected),1,0,,0.0
selam_birhane,C,Show-and-Tell / Reveal,low (default: no hook detected),1,0,,0.0
tukashazworld,B,Promo / Hype Seller,low,1,0,Offer / Urgency (1),0.0
taylormarie148,A,Relatable Parent,low,1,0,Problem / Pain Point (1),0.0
paige.registerednurse,B,Promo / Hype Seller,medium,5,0,Social Proof / Results (1); Curiosity Gap (1),0.0
rockstomyownbeat,C,Show-and-Tell / Reveal,low (default: no hook detected),1,0,,0.0
stacy.heil,A,Relatable Parent,medium,16,1,Problem / Pain Point (3); Offer / Urgency (3); Story / Personal Experience (1),0.0
march_queen28,C,Show-and-Tell / Reveal,low (default: no hook detected),1,0,,0.0
sarabloomofficial,C,Show-and-Tell / Reveal,low (default: no hook detected),1,0,,0.0
livingsober4life,A,Relatable Parent,low,2,0,Problem / Pain Point (1); Social Proof / Results (1),0.0
saralynnofficial,C,Show-and-Tell / Reveal,low (default: no hook detected),1,0,,0.0
_.jacomino._1,C,Show-and-Tell / Reveal,low (default: no hook detected),1,0,,0.0
deal.buzz,C,Show-and-Tell / Reveal,low (default: no hook detected),1,0,,0.0
beasfinds,C,Show-and-Tell / Reveal,low (default: no hook detected),1,0,,0.0
jae_inthe_lingerie,C,Show-and-Tell / Reveal,low (default: no hook detected),1,0,,0.0
oxstrength_,C,Show-and-Tell / Reveal,low (default: no hook detected),1,0,,0.0
gold_jewelersrhosses,C,Show-and-Tell / Reveal,low (default: no hook detected),1,0,,0.0
kayteefaye,A,Relatable Parent,low,1,0,Problem / Pain Point (1),0.0
tiasells,C,Show-and-Tell / Reveal,low (default: no hook detected),1,0,,0.0
moda.y.estilo.fem,C,Show-and-Tell / Reveal,low (default: no hook detected),1,0,,0.0
dabea26,C,Show-and-Tell / Reveal,low (default: no hook detected),1,0,,0.0
castellin,C,Show-and-Tell / Reveal,low (default: no hook detected),1,0,,0.0
dustinrblack,C,Show-and-Tell / Reveal,low (default: no hook detected),1,0,,0.0
lavieaveccoco,C,Show-and-Tell / Reveal,low (default: no hook detected),1,0,,0.0
xk.carmenjoaquin,C,Show-and-Tell / Reveal,low (default: no hook detected),1,0,,0.0
zarxdeals,C,Show-and-Tell / Reveal,low (default: no hook detected),1,0,,0.0
widianabourdeau02,C,Show-and-Tell / Reveal,low (default: no hook detected),1,0,,0.0
therealcyncity,C,Show-and-Tell / Reveal,low (default: no hook detected),1,0,,0.0
tiktok_made_buy_it,C,Show-and-Tell / Reveal,low (default: no hook detected),1,0,,0.0
bluecollarwifeylife,A,Relatable Parent,medium,3,0,Story / Personal Experience (2),0.0
she.deese,A,Relatable Parent,low,1,0,Direct Question (1),0.0
cassiehessen722,A,Relatable Parent,low,2,0,Story / Personal Experience (1),0.0
nathalibenitez,C,Show-and-Tell / Reveal,low (default: no hook detected),3,0,,0.0
msthorton,A,Relatable Parent,medium,8,0,Direct Question (2); Story / Personal Experience (1),0.0
amy_bledsoe1,C,Show-and-Tell / Reveal,low (default: no hook detected),1,0,,0.0
zayalook27,C,Show-and-Tell / Reveal,low (default: no hook detected),1,0,,0.0
garciasvideo,C,Show-and-Tell / Reveal,low (default: no hook detected),2,1,,0.0
birandradahal,B,Promo / Hype Seller,low,1,1,Bold / Shocking Claim (1),0.0
starletwaretaylor,C,Show-and-Tell / Reveal,low (default: no hook detected),1,0,,0.0
eli08098,C,Show-and-Tell / Reveal,low (default: no hook detected),1,0,,0.0
sofia002603,C,Show-and-Tell / Reveal,low (default: no hook detected),1,0,,0.0
found.it.first,B,Promo / Hype Seller,low,2,0,Offer / Urgency (2),0.0
jaymee.lynne,A,Relatable Parent,medium,6,1,Problem / Pain Point (1),0.0
rashel514,C,Show-and-Tell / Reveal,low (default: no hook detected),1,0,,0.0
sebalbeauty29,C,Show-and-Tell / Reveal,low (default: no hook detected),1,0,,0.0
aj_.6.7,B,Promo / Hype Seller,low,2,1,Bold / Shocking Claim (1),0.0
thatmomemily2,C,Show-and-Tell / Reveal,low (default: no hook detected),1,0,,0.0
holi_grit_momma,A,Relatable Parent,low,1,0,Problem / Pain Point (1),0.0
velvet.birch,C,Show-and-Tell / Reveal,low (default: no hook detected),1,0,,0.0
nolimit_mo63,B,Promo / Hype Seller,low,1,1,Bold / Shocking Claim (1),0.0
cursinggg,A,Relatable Parent,low,1,0,Story / Personal Experience (1),0.0
hyppoviou,C,Show-and-Tell / Reveal,low (default: no hook detected),1,0,,0.0
pudge5551,C,Show-and-Tell / Reveal,low (default: no hook detected),2,0,,0.0
freeorfun,A,Relatable Parent,low,1,0,Direct Question (1),0.0
shopwithhaileee,A,Relatable Parent,low,1,0,Problem / Pain Point (1),0.0
damberi17,C,Show-and-Tell / Reveal,low (default: no hook detected),1,0,,0.0
fatalsigns,B,Promo / Hype Seller,low,1,0,Social Proof / Results (1),0.0
nickshoppingfinds,B,Promo / Hype Seller,low,2,0,Offer / Urgency (1),0.0
chrisliftsshopp,C,Show-and-Tell / Reveal,low (default: no hook detected),1,0,,0.0
rjrthapa1,C,Show-and-Tell / Reveal,low (default: no hook detected),1,0,,0.0
apinkergal,C,Show-and-Tell / Reveal,low (default: no hook detected),3,0,,0.0
coongardencattery.com,C,Show-and-Tell / Reveal,low (default: no hook detected),1,0,,0.0
bonesdealz,C,Show-and-Tell / Reveal,low (default: no hook detected),1,0,,0.0
haleyjohutton,C,Show-and-Tell / Reveal,low (default: no hook detected),1,0,,0.0
jessicaleemcgrath,A,Relatable Parent,low,1,1,Story / Personal Experience (1),0.0
heartofadiamond,C,Show-and-Tell / Reveal,low (default: no hook detected),3,0,,0.0
kellydawn0318,C,Show-and-Tell / Reveal,low (default: no hook detected),1,0,,0.0
anna.mincey,C,Show-and-Tell / Reveal,low (default: no hook detected),2,0,,0.0
klarasfinds,B,Promo / Hype Seller,low,1,0,Social Proof / Results (1),0.0
yazzjackie,C,Show-and-Tell / Reveal,low (default: no hook detected),2,0,,0.0
danimalsfinds,B,Promo / Hype Seller,low,1,0,Bold / Shocking Claim (1),0.0
sjmiamor,C,Show-and-Tell / Reveal,low (default: no hook detected),1,0,,0.0
sgp_67,B,Promo / Hype Seller,low,1,0,Offer / Urgency (1),0.0
benjidavis222222,C,Show-and-Tell / Reveal,low (default: no hook detected),3,0,,0.0
dreektv,B,Promo / Hype Seller,low,1,0,Social Proof / Results (1),0.0
kay_kay0413,C,Show-and-Tell / Reveal,low (default: no hook detected),3,0,,0.0
joyfullycurated4,C,Show-and-Tell / Reveal,low (default: no hook detected),1,0,,0.0
chenlifarmlife,C,Show-and-Tell / Reveal,low (default: no hook detected),1,0,,0.0
earthlyfinds,A,Relatable Parent,medium,16,1,Story / Personal Experience (1),0.0
mommatiffy2008,C,Show-and-Tell / Reveal,low (default: no hook detected),1,0,,0.0
mamablaine23,A,Relatable Parent,low,1,0,Story / Personal Experience (1),0.0
breanimal1125,A,Relatable Parent,low,2,0,Problem / Pain Point (1),0.0
shopelizabeth20,C,Show-and-Tell / Reveal,low (default: no hook detected),1,0,,0.0
athompsontale,C,Show-and-Tell / Reveal,low (default: no hook detected),1,0,,0.0
ptstools,C,Show-and-Tell / Reveal,low (default: no hook detected),3,0,,0.0
ellabella.collabs,A,Relatable Parent,medium,15,0,Story / Personal Experience (4); Problem / Pain Point (1); Direct Question (1),0.0
aprilc_43,A,Relatable Parent,low,1,0,Problem / Pain Point (1),0.0
missmayplus3,C,Show-and-Tell / Reveal,low (default: no hook detected),1,0,,0.0
nicolestanton320,C,Show-and-Tell / Reveal,low (default: no hook detected),1,0,,0.0
latoya.vs.toya,C,Show-and-Tell / Reveal,low (default: no hook detected),4,0,,0.0
only1kurstye,C,Show-and-Tell / Reveal,low (default: no hook detected),3,1,,0.0
dealswithhollyf,A,Relatable Parent,low,1,0,Problem / Pain Point (1),0.0
baylieconwaykehn,A,Relatable Parent,low,2,0,Story / Personal Experience (1); Bold / Shocking Claim (1),0.0
alexdude95,C,Show-and-Tell / Reveal,low (default: no hook detected),2,0,,0.0
naturalonehundred,A,Relatable Parent,medium,3,1,Problem / Pain Point (2),0.0
ameliasaldana8,C,Show-and-Tell / Reveal,low (default: no hook detected),2,0,,0.0
mamatomberlin,A,Relatable Parent,low,1,0,Problem / Pain Point (1),0.0
jillcampbellhorton,A,Relatable Parent,low,1,0,Problem / Pain Point (1),0.0
ourshopfinds,A,Relatable Parent,low,1,0,Problem / Pain Point (1),0.0
maiteaguilar95,C,Show-and-Tell / Reveal,low (default: no hook detected),6,0,,0.0
glosssyambssteve,A,Relatable Parent,low,1,0,Problem / Pain Point (1),0.0
eusnaur,C,Show-and-Tell / Reveal,low (default: no hook detected),2,0,,0.0
lince.lanegra.est,C,Show-and-Tell / Reveal,low (default: no hook detected),1,0,,0.0
shaki_ruiz,C,Show-and-Tell / Reveal,low (default: no hook detected),1,0,,0.0
kitchentasticdeals,C,Show-and-Tell / Reveal,low (default: no hook detected),1,0,,0.0
gabesgotdeals,C,Show-and-Tell / Reveal,low (default: no hook detected),3,0,,0.0
layanaa132,C,Show-and-Tell / Reveal,low (default: no hook detected),2,0,,0.0
vanessark27,C,Show-and-Tell / Reveal,low (default: no hook detected),1,0,,0.0
mondaynightnitro,C,Show-and-Tell / Reveal,low (default: no hook detected),1,0,,0.0
loveandchina,A,Relatable Parent,low,1,0,Problem / Pain Point (1),0.0
strong.orellana,C,Show-and-Tell / Reveal,low (default: no hook detected),1,0,,0.0
teamwork10986,C,Show-and-Tell / Reveal,low (default: no hook detected),1,0,,0.0
xo.bysarah,C,Show-and-Tell / Reveal,low (default: no hook detected),1,0,,0.0
random.olive,C,Show-and-Tell / Reveal,low (default: no hook detected),2,0,,0.0
shimba242,C,Show-and-Tell / Reveal,low (default: no hook detected),1,0,,0.0
heatherlynnrollston,C,Show-and-Tell / Reveal,low (default: no hook detected),5,0,,0.0
deadra_167,B,Promo / Hype Seller,low,1,0,Offer / Urgency (1),0.0
justjulieannac,C,Show-and-Tell / Reveal,low (default: no hook detected),1,0,,0.0
stacesmiless,A,Relatable Parent,low,1,0,Story / Personal Experience (1),0.0
cookingwithpassion,C,Show-and-Tell / Reveal,low (default: no hook detected),1,0,,0.0
ronnieny87,C,Show-and-Tell / Reveal,low (default: no hook detected),6,0,,0.0
ohmommyfinds,A,Relatable Parent,low,2,0,Problem / Pain Point (2),0.0
kizzybinvibez,C,Show-and-Tell / Reveal,low (default: no hook detected),1,0,,0.0
majasasinpretextos,C,Show-and-Tell / Reveal,low (default: no hook detected),1,0,,0.0
milton3608,A,Relatable Parent,medium,9,0,Problem / Pain Point (1),0.0
saanu6858,C,Show-and-Tell / Reveal,low (default: no hook detected),2,0,,0.0
oneclassybitchh,C,Show-and-Tell / Reveal,low (default: no hook detected),1,1,,0.0
clarofinds,C,Show-and-Tell / Reveal,low (default: no hook detected),2,0,,0.0
dioserivera1,C,Show-and-Tell / Reveal,low (default: no hook detected),1,0,,0.0
lupejaycox,B,Promo / Hype Seller,low,1,1,Offer / Urgency (1),0.0
rociio5732,C,Show-and-Tell / Reveal,low (default: no hook detected),1,0,,0.0
cruzdelcarmenespinoza0,C,Show-and-Tell / Reveal,low (default: no hook detected),1,0,,0.0
baileynbaxterdoods,C,Show-and-Tell / Reveal,low (default: no hook detected),1,0,,0.0
nevaehblessen,C,Show-and-Tell / Reveal,low,1,0,Curiosity Gap (1),0.0
millena_tokshop,C,Show-and-Tell / Reveal,low (default: no hook detected),1,0,,0.0
savya92,A,Relatable Parent,low,1,0,Story / Personal Experience (1),0.0
ats4life1,C,Show-and-Tell / Reveal,low (default: no hook detected),1,0,,0.0
yelizettorrealbag,C,Show-and-Tell / Reveal,low (default: no hook detected),1,0,,0.0
robercass30,B,Promo / Hype Seller,low,2,1,Bold / Shocking Claim (1),0.0
ginger19665,C,Show-and-Tell / Reveal,low (default: no hook detected),1,0,,0.0
neerugrg1,C,Show-and-Tell / Reveal,low (default: no hook detected),1,0,,0.0
perfectlyinseason,C,Show-and-Tell / Reveal,low (default: no hook detected),2,0,,0.0
glambyben,C,Show-and-Tell / Reveal,low (default: no hook detected),1,0,,0.0
np_natalie,A,Relatable Parent,low,2,0,Problem / Pain Point (2),0.0
perlaqueens,C,Show-and-Tell / Reveal,low (default: no hook detected),1,0,,0.0
grape.finds,B,Promo / Hype Seller,low,1,0,Offer / Urgency (1),0.0
pauliscat3,C,Show-and-Tell / Reveal,low (default: no hook detected),1,0,,0.0
albadleon3,C,Show-and-Tell / Reveal,low (default: no hook detected),1,0,,0.0
ashleythesahmof6,C,Show-and-Tell / Reveal,low (default: no hook detected),1,0,,0.0
lachichis_reviews,C,Show-and-Tell / Reveal,low (default: no hook detected),1,0,,0.0
renebackstage,C,Show-and-Tell / Reveal,low (default: no hook detected),1,0,,0.0
tammyharrisonhollan,C,Show-and-Tell / Reveal,low (default: no hook detected),1,0,,0.0
tammy.r.harrison,C,Show-and-Tell / Reveal,low (default: no hook detected),1,0,,0.0
irisonoz828,C,Show-and-Tell / Reveal,low (default: no hook detected),1,0,,0.0
authenticallyaubz,A,Relatable Parent,medium,9,2,Problem / Pain Point (2); Curiosity Gap (1),0.0
blossomwiththedeals,C,Show-and-Tell / Reveal,low (default: no hook detected),1,0,,0.0
busy.butdigital,B,Promo / Hype Seller,low,1,1,Offer / Urgency (1),0.0
topshopfavefinds,C,Show-and-Tell / Reveal,low (default: no hook detected),1,0,,0.0
meladieugc,B,Promo / Hype Seller,low,1,0,Offer / Urgency (1),0.0
kenziefaithh_04,C,Show-and-Tell / Reveal,low (default: no hook detected),2,0,,0.0
j.lu1212,C,Show-and-Tell / Reveal,low (default: no hook detected),1,0,,0.0
kendalls.page,B,Promo / Hype Seller,medium,9,0,Offer / Urgency (9),0.0
caroalvarado33,C,Show-and-Tell / Reveal,low (default: no hook detected),1,0,,0.0
justginfinds,A,Relatable Parent,low,1,1,Story / Personal Experience (1),0.0
shopandtell1,C,Show-and-Tell / Reveal,low (default: no hook detected),7,0,,0.0
lorenacastro1999,A,Relatable Parent,low,2,0,Problem / Pain Point (1),0.0
thejman11,A,Relatable Parent,low,1,0,Story / Personal Experience (1),0.0
catracha_brasilera,C,Show-and-Tell / Reveal,low (default: no hook detected),1,0,,0.0
gypsi0011,C,Show-and-Tell / Reveal,low (default: no hook detected),1,0,,0.0
nurse.to.natural,C,Show-and-Tell / Reveal,low (default: no hook detected),1,0,,0.0
lifewithjaianna,C,Show-and-Tell / Reveal,low (default: no hook detected),1,0,,0.0
katkamp5,A,Relatable Parent,low,1,1,Problem / Pain Point (1),0.0
puffydesh,C,Show-and-Tell / Reveal,low (default: no hook detected),1,0,,0.0
peaceful_buttafly,C,Show-and-Tell / Reveal,low (default: no hook detected),1,0,,0.0
jovan_olivares,C,Show-and-Tell / Reveal,low (default: no hook detected),1,0,,0.0
shaquilleodeals,C,Show-and-Tell / Reveal,low (default: no hook detected),1,0,,0.0
heather21de,A,Relatable Parent,low,1,1,Story / Personal Experience (1),0.0
elevatingwithelonn,C,Show-and-Tell / Reveal,low (default: no hook detected),3,0,,0.0
verenice.tts,C,Show-and-Tell / Reveal,low (default: no hook detected),1,0,,0.0
sofiyasth77,C,Show-and-Tell / Reveal,low (default: no hook detected),1,0,,0.0
sofi93cher,C,Show-and-Tell / Reveal,low (default: no hook detected),1,0,,0.0
mai.tho262,C,Show-and-Tell / Reveal,low (default: no hook detected),1,0,,0.0
pragnapratvi,C,Show-and-Tell / Reveal,low (default: no hook detected),8,0,,0.0
hobbskim,C,Show-and-Tell / Reveal,low (default: no hook detected),5,0,,0.0
sharonlouise8,B,Promo / Hype Seller,low,1,0,Bold / Shocking Claim (1),0.0
sadiegriffithh,A,Relatable Parent,low,1,0,Problem / Pain Point (1),0.0
lesliebrandt78,B,Promo / Hype Seller,low,1,0,Bold / Shocking Claim (1),0.0
emmapu27,C,Show-and-Tell / Reveal,low (default: no hook detected),1,0,,0.0
yeliannisgarcadaz,C,Show-and-Tell / Reveal,low (default: no hook detected),1,0,,0.0
laphytaphy,C,Show-and-Tell / Reveal,low (default: no hook detected),1,0,,0.0
the.everydaymama,A,Relatable Parent,low,1,0,Problem / Pain Point (1),0.0
beststreameruniversity,C,Show-and-Tell / Reveal,low (default: no hook detected),1,0,,0.0
lidz_8,C,Show-and-Tell / Reveal,low (default: no hook detected),1,0,,0.0
mamacowsmilkingparlor,C,Show-and-Tell / Reveal,low (default: no hook detected),2,0,,0.0
jerseyboyfrank,C,Show-and-Tell / Reveal,low (default: no hook detected),1,0,,0.0
poemgautam,C,Show-and-Tell / Reveal,low (default: no hook detected),1,0,,0.0
lanat1216,C,Show-and-Tell / Reveal,low (default: no hook detected),1,0,,0.0
obsessedwithwellness,A,Relatable Parent,low,1,0,Problem / Pain Point (1),0.0
benzughimire,B,Promo / Hype Seller,medium,3,1,Bold / Shocking Claim (1),0.0
thetaraann,A,Relatable Parent,low,1,0,Problem / Pain Point (1),0.0
blu3iice,C,Show-and-Tell / Reveal,low (default: no hook detected),1,0,,0.0
curl.deals,C,Show-and-Tell / Reveal,low (default: no hook detected),1,0,,0.0
scent.collective,C,Show-and-Tell / Reveal,low (default: no hook detected),1,0,,0.0
rogue_flounder,C,Show-and-Tell / Reveal,low (default: no hook detected),2,0,,0.0
crazytia44,C,Show-and-Tell / Reveal,low (default: no hook detected),2,0,,0.0
lopezargueta_,C,Show-and-Tell / Reveal,low (default: no hook detected),1,0,,0.0
kristynpageofficial,A,Relatable Parent,low,1,0,Story / Personal Experience (1),0.0
cmg1nonly,A,Relatable Parent,low,1,0,Problem / Pain Point (1),0.0
itsrubybytch,C,Show-and-Tell / Reveal,low (default: no hook detected),1,0,,0.0
re.becca.lynn,C,Show-and-Tell / Reveal,low (default: no hook detected),1,0,,0.0
familia_v.i.p,C,Show-and-Tell / Reveal,low (default: no hook detected),1,0,,0.0
yudaisygotay.nails,A,Relatable Parent,low,1,0,Problem / Pain Point (1),0.0
monik_castellanos,C,Show-and-Tell / Reveal,low (default: no hook detected),1,0,,0.0
bustayeeb,C,Show-and-Tell / Reveal,low (default: no hook detected),1,0,,0.0
warsans.languagel,C,Show-and-Tell / Reveal,low (default: no hook detected),2,0,,0.0
memestumm20,C,Show-and-Tell / Reveal,low (default: no hook detected),1,0,,0.0
paytonnabbyyy,A,Relatable Parent,low,1,0,Story / Personal Experience (1),0.0
readingsbyjessica,C,Show-and-Tell / Reveal,low (default: no hook detected),2,0,,0.0
santashelbie,B,Promo / Hype Seller,low,2,1,Social Proof / Results (1); Bold / Shocking Claim (1),0.0
lisbet_hauls,C,Show-and-Tell / Reveal,low (default: no hook detected),1,0,,0.0
veronicacastro7710,B,Promo / Hype Seller,low,2,0,Social Proof / Results (2),0.0
billswafford4,C,Show-and-Tell / Reveal,low (default: no hook detected),1,0,,0.0
omakuik20,C,Show-and-Tell / Reveal,low (default: no hook detected),1,0,,0.0
tiffythecreator,C,Show-and-Tell / Reveal,low (default: no hook detected),1,0,,0.0
marcosmendozat,C,Show-and-Tell / Reveal,low (default: no hook detected),1,0,,0.0
samgnugget,C,Show-and-Tell / Reveal,low (default: no hook detected),1,0,,0.0
gembosells,A,Relatable Parent,low,1,0,Story / Personal Experience (1),0.0
blueboxdreaming,C,Show-and-Tell / Reveal,low (default: no hook detected),1,0,,0.0
sarusantoshpanta,C,Show-and-Tell / Reveal,low (default: no hook detected),1,0,,0.0
your_daily_deal,B,Promo / Hype Seller,low,1,0,Offer / Urgency (1),0.0
tracydelevie,C,Show-and-Tell / Reveal,low (default: no hook detected),1,0,,0.0
mcguccidealss,B,Promo / Hype Seller,low,2,0,Offer / Urgency (1); Bold / Shocking Claim (1),0.0
estheranthony19,B,Promo / Hype Seller,low,1,0,Offer / Urgency (1),0.0
joesephiroth,B,Promo / Hype Seller,low,1,0,Bold / Shocking Claim (1),0.0
jyotidangal07,C,Show-and-Tell / Reveal,low (default: no hook detected),1,0,,0.0
saveyourmoneydeals,C,Show-and-Tell / Reveal,low (default: no hook detected),1,0,,0.0
smiley_creates,A,Relatable Parent,low,1,0,Problem / Pain Point (1),0.0
lahadganga,C,Show-and-Tell / Reveal,low (default: no hook detected),1,0,,0.0
kailsunuwar,C,Show-and-Tell / Reveal,low (default: no hook detected),1,0,,0.0
taymama31,C,Show-and-Tell / Reveal,low (default: no hook detected),1,0,,0.0
forgive5721,C,Show-and-Tell / Reveal,low (default: no hook detected),1,0,,0.0
fitcici_11,C,Show-and-Tell / Reveal,low (default: no hook detected),1,0,,0.0
chattypattysplace,B,Promo / Hype Seller,medium,3,0,Offer / Urgency (1),0.0
lifeofzaygore,C,Show-and-Tell / Reveal,low (default: no hook detected),1,0,,0.0
kaylattsaffiliate,A,Relatable Parent,low,1,0,Story / Personal Experience (1),0.0
miranda_lerea01,C,Show-and-Tell / Reveal,low (default: no hook detected),2,0,,0.0
epiphaniesllc,C,Show-and-Tell / Reveal,low (default: no hook detected),1,0,,0.0
cjoana05,C,Show-and-Tell / Reveal,low (default: no hook detected),2,0,,0.0
starlynmorelmarketing,C,Show-and-Tell / Reveal,low (default: no hook detected),1,0,,0.0
thesamshu,B,Promo / Hype Seller,low,2,0,Offer / Urgency (1),0.0
nathalie_larose,C,Show-and-Tell / Reveal,low (default: no hook detected),1,0,,0.0
daily_writing_makes_book,C,Show-and-Tell / Reveal,low (default: no hook detected),1,0,,0.0
jmejiam1,C,Show-and-Tell / Reveal,low (default: no hook detected),2,0,,0.0
estefy2797,C,Show-and-Tell / Reveal,low (default: no hook detected),1,0,,0.0
linewife_and_makeup_life,C,Show-and-Tell / Reveal,low (default: no hook detected),1,0,,0.0
spotlightdealz,B,Promo / Hype Seller,medium,5,0,Offer / Urgency (5),0.0
terecitacanseco2,C,Show-and-Tell / Reveal,low (default: no hook detected),1,0,,0.0
kam.74,C,Show-and-Tell / Reveal,low (default: no hook detected),1,0,,0.0
freshdailydealz,C,Show-and-Tell / Reveal,low (default: no hook detected),6,0,,0.0
meganshenanigans,C,Show-and-Tell / Reveal,low (default: no hook detected),1,0,,0.0
urbaadhikari,C,Show-and-Tell / Reveal,low (default: no hook detected),2,0,,0.0
junjun.deals,C,Show-and-Tell / Reveal,low (default: no hook detected),1,0,,0.0
jckvlzqz2.0,C,Show-and-Tell / Reveal,low (default: no hook detected),1,0,,0.0
hey.greggie,C,Show-and-Tell / Reveal,low (default: no hook detected),3,0,,0.0
ramiseda21,C,Show-and-Tell / Reveal,low (default: no hook detected),1,0,,0.0
carolinaflee,C,Show-and-Tell / Reveal,low (default: no hook detected),1,0,,0.0
just.being.me.cre,B,Promo / Hype Seller,medium,5,0,Social Proof / Results (5),0.0
simapanthi,C,Show-and-Tell / Reveal,low (default: no hook detected),1,0,,0.0
faithmarishops,C,Show-and-Tell / Reveal,low (default: no hook detected),1,0,,0.0
lemon.deals,C,Show-and-Tell / Reveal,low (default: no hook detected),1,0,,0.0
_.jaaniiece,A,Relatable Parent,low,2,0,Story / Personal Experience (2),0.0
contentbyjen,A,Relatable Parent,low,1,0,Story / Personal Experience (1),0.0
jennygreeneyes,C,Show-and-Tell / Reveal,low (default: no hook detected),1,0,,0.0
kensviralfinds,B,Promo / Hype Seller,low,1,0,Social Proof / Results (1),0.0
shopwmorgan,A,Relatable Parent,low,1,1,Problem / Pain Point (1),0.0
yeseniaocegueda72,A,Relatable Parent,medium,3,0,Problem / Pain Point (1),0.0
get_rich_1000,C,Show-and-Tell / Reveal,low (default: no hook detected),1,0,,0.0
massielgcm2000,B,Promo / Hype Seller,low,1,0,Social Proof / Results (1),0.0
frantzsiseremosie,C,Show-and-Tell / Reveal,low (default: no hook detected),1,0,,0.0
beautifullyinsane30,C,Show-and-Tell / Reveal,low (default: no hook detected),1,0,,0.0
boymamatiff,A,Relatable Parent,low,1,0,Story / Personal Experience (1),0.0
beardedpunk87,B,Promo / Hype Seller,low,1,0,Social Proof / Results (1),0.0
adhikari_bhakti,C,Show-and-Tell / Reveal,low (default: no hook detected),1,0,,0.0
makeupuakev,C,Show-and-Tell / Reveal,low (default: no hook detected),1,0,,0.0
anothermommas2cents,C,Show-and-Tell / Reveal,low (default: no hook detected),2,0,,0.0
brunoboy903,C,Show-and-Tell / Reveal,low (default: no hook detected),3,0,,0.0
kellylolliboujee,C,Show-and-Tell / Reveal,low (default: no hook detected),1,0,,0.0
cicimee,C,Show-and-Tell / Reveal,low (default: no hook detected),1,0,,0.0
tgade6,C,Show-and-Tell / Reveal,low (default: no hook detected),1,0,,0.0
justjen.sahm,A,Relatable Parent,medium,4,0,Problem / Pain Point (2); Offer / Urgency (1),0.0
the_caldwell_cart,C,Show-and-Tell / Reveal,low (default: no hook detected),1,0,,0.0
_deartiktok_,C,Show-and-Tell / Reveal,low (default: no hook detected),1,0,,0.0
yamaliscm,C,Show-and-Tell / Reveal,low (default: no hook detected),2,0,,0.0
joe_ttshop,A,Relatable Parent,medium,5,0,Story / Personal Experience (2),0.0
reluctantlyrelatable2,B,Promo / Hype Seller,low,1,0,Social Proof / Results (1),0.0
michelrivera885,C,Show-and-Tell / Reveal,low (default: no hook detected),1,0,,0.0
iamjust_lisaa,C,Show-and-Tell / Reveal,low (default: no hook detected),1,0,,0.0
toridieter,A,Relatable Parent,low,1,0,Direct Question (1),0.0
daicelshop,B,Promo / Hype Seller,low,2,0,Social Proof / Results (2),0.0
samu_brisu,C,Show-and-Tell / Reveal,low (default: no hook detected),5,0,,0.0
ambercaraveo1,C,Show-and-Tell / Reveal,low (default: no hook detected),1,0,,0.0
jaythegringo,A,Relatable Parent,medium,3,0,Story / Personal Experience (1); Bold / Shocking Claim (1),0.0
lovelyladynotes,B,Promo / Hype Seller,low,1,0,Social Proof / Results (1),0.0
angedalaantoine,C,Show-and-Tell / Reveal,low (default: no hook detected),1,0,,0.0
iclouincych,C,Show-and-Tell / Reveal,low (default: no hook detected),5,0,,0.0
buttercupblossums,C,Show-and-Tell / Reveal,low (default: no hook detected),1,0,,0.0
udy_davila,A,Relatable Parent,low,2,0,Story / Personal Experience (1),0.0
loaflifecorgis,B,Promo / Hype Seller,low,1,0,Bold / Shocking Claim (1),0.0
alikarkia,C,Show-and-Tell / Reveal,low (default: no hook detected),1,0,,0.0
mama.to.bruh,C,Show-and-Tell / Reveal,low (default: no hook detected),1,0,,0.0
yzarick8,C,Show-and-Tell / Reveal,low (default: no hook detected),2,0,,0.0
trissiebaby,C,Show-and-Tell / Reveal,low (default: no hook detected),1,0,,0.0
aminas_ambience,B,Promo / Hype Seller,low,1,0,Bold / Shocking Claim (1),0.0
officialmikemademebuyit,A,Relatable Parent,medium,4,0,Problem / Pain Point (2),0.0
ravebuys,C,Show-and-Tell / Reveal,low (default: no hook detected),4,0,,0.0
savingsfordays,C,Show-and-Tell / Reveal,low (default: no hook detected),3,0,,0.0
forgotten.new.york,C,Show-and-Tell / Reveal,low,1,1,Curiosity Gap (1),0.0
shopwithdesimarie,C,Show-and-Tell / Reveal,low (default: no hook detected),1,0,,0.0
nathyhr14,C,Show-and-Tell / Reveal,low (default: no hook detected),1,0,,0.0
208_dad,C,Show-and-Tell / Reveal,low (default: no hook detected),1,0,,0.0
cassou_durandisse,C,Show-and-Tell / Reveal,low (default: no hook detected),1,0,,0.0
ethel.velasquez3,C,Show-and-Tell / Reveal,low (default: no hook detected),3,0,,0.0
emberbloomhandcrafts,A,Relatable Parent,medium,6,0,Story / Personal Experience (3); Problem / Pain Point (1),0.0
conniemelton0,C,Show-and-Tell / Reveal,low (default: no hook detected),1,0,,0.0
laylow.ton,C,Show-and-Tell / Reveal,low (default: no hook detected),1,0,,0.0
daddiedelioncourt,C,Show-and-Tell / Reveal,low (default: no hook detected),2,0,,0.0
auryhall,C,Show-and-Tell / Reveal,low (default: no hook detected),1,0,,0.0
cuttee123,C,Show-and-Tell / Reveal,low (default: no hook detected),1,0,,0.0
primera_norelkys,C,Show-and-Tell / Reveal,low (default: no hook detected),1,0,,0.0
igage.it,C,Show-and-Tell / Reveal,low (default: no hook detected),1,0,,0.0
pjscakes.more,C,Show-and-Tell / Reveal,low (default: no hook detected),1,0,,0.0
sandysummers94,A,Relatable Parent,medium,7,1,Problem / Pain Point (1),0.0
empoweredwithmel,A,Relatable Parent,medium,6,1,Problem / Pain Point (1); Story / Personal Experience (1),0.0
jennyy.0818,C,Show-and-Tell / Reveal,low (default: no hook detected),2,0,,0.0
ang_ski,B,Promo / Hype Seller,low,2,0,Social Proof / Results (1),0.0
meganrealgsc,A,Relatable Parent,low,1,0,Problem / Pain Point (1),0.0
mamakimeee,B,Promo / Hype Seller,low,1,0,Bold / Shocking Claim (1),0.0
lizetestrada001,A,Relatable Parent,low,2,1,Problem / Pain Point (1),0.0
sharisines,A,Relatable Parent,low,1,0,Problem / Pain Point (1),0.0
minimalmess0,A,Relatable Parent,medium,3,0,Problem / Pain Point (3),0.0
zoli246,C,Show-and-Tell / Reveal,low (default: no hook detected),1,0,,0.0
bethecryptid,C,Show-and-Tell / Reveal,low (default: no hook detected),1,0,,0.0
hazejercicio.contigresa,C,Show-and-Tell / Reveal,low (default: no hook detected),7,0,,0.0
meaganjones219,A,Relatable Parent,low,1,0,Story / Personal Experience (1),0.0
estherlidiamarque,C,Show-and-Tell / Reveal,low (default: no hook detected),1,0,,0.0
lupegarcia1192,C,Show-and-Tell / Reveal,low (default: no hook detected),1,0,,0.0
lucyysfinds,C,Show-and-Tell / Reveal,low (default: no hook detected),1,0,,0.0
lachikyg,C,Show-and-Tell / Reveal,low (default: no hook detected),1,0,,0.0
anthony.certonio,C,Show-and-Tell / Reveal,low (default: no hook detected),5,0,,0.0
gustavoelbendedor_559,C,Show-and-Tell / Reveal,low (default: no hook detected),2,0,,0.0
helloitsmel22,A,Relatable Parent,low,1,0,Problem / Pain Point (1),0.0
myshelle.gadgetglow,A,Relatable Parent,low,2,0,Problem / Pain Point (1),0.0
mountaintophomestead,C,Show-and-Tell / Reveal,low (default: no hook detected),2,0,,0.0
just.kalieschmitt,A,Relatable Parent,low,1,0,Problem / Pain Point (1),0.0
bdoodlemom,C,Show-and-Tell / Reveal,low (default: no hook detected),1,0,,0.0
xorlyxo,B,Promo / Hype Seller,low,1,0,Bold / Shocking Claim (1),0.0
michellewest01,C,Show-and-Tell / Reveal,low (default: no hook detected),1,0,,0.0
missyfindsss,C,Show-and-Tell / Reveal,low (default: no hook detected),2,0,,0.0
chipsmainaccount,B,Promo / Hype Seller,low,1,0,Offer / Urgency (1),0.0
taradlifestyle13,C,Show-and-Tell / Reveal,low (default: no hook detected),4,0,,0.0
supportthechange0,C,Show-and-Tell / Reveal,low (default: no hook detected),10,0,,0.0
moryviral,C,Show-and-Tell / Reveal,low (default: no hook detected),1,0,,0.0
theonetechguy,C,Show-and-Tell / Reveal,low (default: no hook detected),2,0,,0.0
manstroselects,B,Promo / Hype Seller,medium,8,1,Bold / Shocking Claim (3); Problem / Pain Point (1); Offer / Urgency (1),0.0
bigtripler,B,Promo / Hype Seller,low,1,0,Offer / Urgency (1),0.0
sierragrace123,A,Relatable Parent,low,1,1,Direct Question (1),0.0
katielawrence.boymom,C,Show-and-Tell / Reveal,low (default: no hook detected),1,0,,0.0
katmindset,C,Show-and-Tell / Reveal,low (default: no hook detected),7,0,,0.0
night.shift.mama5,A,Relatable Parent,low,1,0,Problem / Pain Point (1),0.0
johns_favorites,A,Relatable Parent,low,1,0,Problem / Pain Point (1),0.0
xd_hersh,C,Show-and-Tell / Reveal,low (default: no hook detected),1,0,,0.0
giigii_fashion,C,Show-and-Tell / Reveal,low (default: no hook detected),6,0,,0.0
itsbrittaniebitch1,C,Show-and-Tell / Reveal,low (default: no hook detected),2,0,,0.0
dawson_cupons,A,Relatable Parent,low,2,0,Direct Question (1),0.0
lex_approved,C,Show-and-Tell / Reveal,low (default: no hook detected),1,0,,0.0
paolanolascog,C,Show-and-Tell / Reveal,low (default: no hook detected),1,1,,0.0
thapa.bagala7,C,Show-and-Tell / Reveal,low (default: no hook detected),1,0,,0.0
baymacsdad1,C,Show-and-Tell / Reveal,low (default: no hook detected),5,0,,0.0
ashley.so.audacious,C,Show-and-Tell / Reveal,low (default: no hook detected),1,0,,0.0
jewles.blue,C,Show-and-Tell / Reveal,low (default: no hook detected),1,1,,0.0
nachotacotv,C,Show-and-Tell / Reveal,low (default: no hook detected),2,0,,0.0
shyanndale1820,C,Show-and-Tell / Reveal,low (default: no hook detected),1,0,,0.0
serenebyserena,C,Show-and-Tell / Reveal,low (default: no hook detected),1,0,,0.0
betty.pupo8,C,Show-and-Tell / Reveal,low (default: no hook detected),1,0,,0.0
jzfindss,C,Show-and-Tell / Reveal,low (default: no hook detected),1,0,,0.0
modernluxe4,B,Promo / Hype Seller,medium,9,0,Offer / Urgency (9),0.0
digna.miranda44,C,Show-and-Tell / Reveal,low (default: no hook detected),3,0,,0.0
1ihanaaa,C,Show-and-Tell / Reveal,low (default: no hook detected),1,0,,0.0
ana.solo.wfh.mom,A,Relatable Parent,low,1,0,Story / Personal Experience (1),0.0
cleaninglifestyle4u,C,Show-and-Tell / Reveal,low (default: no hook detected),1,0,,0.0
feedingthechaos5,B,Promo / Hype Seller,low,1,1,Bold / Shocking Claim (1),0.0
floravilapina,C,Show-and-Tell / Reveal,low (default: no hook detected),1,0,,0.0
luisfitnes__,C,Show-and-Tell / Reveal,low (default: no hook detected),1,0,,0.0
mama.dayy,B,Promo / Hype Seller,low,1,0,Social Proof / Results (1),0.0
kookiethehuskie,A,Relatable Parent,low,1,0,Story / Personal Experience (1),0.0
suntannedtoes,A,Relatable Parent,medium,3,0,Direct Question (1),0.0
denturedame,A,Relatable Parent,medium,4,0,Story / Personal Experience (1); Problem / Pain Point (1),0.0
itsmailtime,A,Relatable Parent,medium,3,0,Problem / Pain Point (1); Story / Personal Experience (1); Bold / Shocking Claim (1),0.0
compoundchronicle,B,Promo / Hype Seller,medium,12,0,Offer / Urgency (1),0.0
nic.kiera,B,Promo / Hype Seller,low,2,0,Social Proof / Results (1); Problem / Pain Point (1),0.0
sajanak123,A,Relatable Parent,low,1,0,Problem / Pain Point (1),0.0
team_abejita55,C,Show-and-Tell / Reveal,low (default: no hook detected),1,0,,0.0
officialbraydenchaffins,C,Show-and-Tell / Reveal,low (default: no hook detected),1,0,,0.0
opalnichole,B,Promo / Hype Seller,low,1,0,Social Proof / Results (1),0.0
pamanyenwapboule,C,Show-and-Tell / Reveal,low (default: no hook detected),1,0,,0.0
hopibynum,B,Promo / Hype Seller,medium,4,0,Bold / Shocking Claim (1); Problem / Pain Point (1),0.0
yordanosbekele209,C,Show-and-Tell / Reveal,low (default: no hook detected),1,0,,0.0
elaina.marie32,A,Relatable Parent,medium,3,0,Problem / Pain Point (2),0.0
ks11store,C,Show-and-Tell / Reveal,low (default: no hook detected),1,0,,0.0
valeriarivera.5,C,Show-and-Tell / Reveal,low (default: no hook detected),1,0,,0.0
succulent_sweetheart,B,Promo / Hype Seller,low,2,0,Social Proof / Results (2),0.0
rubyfindsit,A,Relatable Parent,medium,14,1,Story / Personal Experience (1),0.0
comebackapril20th,B,Promo / Hype Seller,medium,14,2,Offer / Urgency (1); Story / Personal Experience (1),0.0
lissett.perdomo,C,Show-and-Tell / Reveal,low (default: no hook detected),1,0,,0.0
jelykani1,C,Show-and-Tell / Reveal,low (default: no hook detected),2,0,,0.0
elaina.tts,A,Relatable Parent,low,1,0,Problem / Pain Point (1),0.0
ricky.holder,C,Show-and-Tell / Reveal,low (default: no hook detected),1,0,,0.0
mahu4christ,C,Show-and-Tell / Reveal,low (default: no hook detected),1,0,,0.0
sabitra.gurung76,C,Show-and-Tell / Reveal,low (default: no hook detected),4,0,,0.0
aj_finds14,B,Promo / Hype Seller,low,1,0,Bold / Shocking Claim (1),0.0
that.girl.blake,C,Show-and-Tell / Reveal,low (default: no hook detected),1,0,,0.0
sharayahashby,C,Show-and-Tell / Reveal,low (default: no hook detected),1,0,,0.0
joseventas03,C,Show-and-Tell / Reveal,low (default: no hook detected),2,0,,0.0
styledbysammy24,C,Show-and-Tell / Reveal,medium,10,2,Curiosity Gap (1),0.0
beach_daze,C,Show-and-Tell / Reveal,low (default: no hook detected),3,0,,0.0
sherline743,C,Show-and-Tell / Reveal,low (default: no hook detected),1,0,,0.0
withshylee,C,Show-and-Tell / Reveal,low (default: no hook detected),1,0,,0.0
arieljvillamizar,C,Show-and-Tell / Reveal,low (default: no hook detected),4,0,,0.0
rackem88,A,Relatable Parent,medium,7,0,Problem / Pain Point (3); Offer / Urgency (1),0.0
deebee4evaaa,C,Show-and-Tell / Reveal,low (default: no hook detected),2,0,,0.0
itsmeimjamie,C,Show-and-Tell / Reveal,low (default: no hook detected),3,0,,0.0
peacebeautyproductreview,C,Show-and-Tell / Reveal,low (default: no hook detected),2,0,,0.0
maydollischacon,C,Show-and-Tell / Reveal,low (default: no hook detected),11,0,,0.0
everydaydealz2,C,Show-and-Tell / Reveal,low (default: no hook detected),3,0,,0.0
parzival3061,C,Show-and-Tell / Reveal,low (default: no hook detected),2,0,,0.0
functionallyunwell,A,Relatable Parent,low,1,0,Problem / Pain Point (1),0.0
aews99,B,Promo / Hype Seller,low,2,0,Offer / Urgency (1),0.0
ileanahdez985,C,Show-and-Tell / Reveal,low (default: no hook detected),1,0,,0.0
shekiabfit,C,Show-and-Tell / Reveal,low (default: no hook detected),1,0,,0.0
anyelinaseguraa,C,Show-and-Tell / Reveal,low (default: no hook detected),2,0,,0.0
alvaradosandra27,C,Show-and-Tell / Reveal,low (default: no hook detected),2,0,,0.0
jellybeans8991,C,Show-and-Tell / Reveal,low (default: no hook detected),1,0,,0.0
paigebullock80,C,Show-and-Tell / Reveal,low (default: no hook detected),1,0,,0.0
stephaniedubeau0,C,Show-and-Tell / Reveal,low (default: no hook detected),1,0,,0.0
prettyfacelanie,C,Show-and-Tell / Reveal,low (default: no hook detected),2,0,,0.0
genniemarieexplains,B,Promo / Hype Seller,low,2,1,Social Proof / Results (1),0.0
cam_painting,C,Show-and-Tell / Reveal,low (default: no hook detected),1,0,,0.0
maite_dlr,C,Show-and-Tell / Reveal,low (default: no hook detected),1,0,,0.0
shopthejourney,C,Show-and-Tell / Reveal,low (default: no hook detected),9,0,,0.0
yamijoyeriayhogar,A,Relatable Parent,low,1,0,Problem / Pain Point (1),0.0
virgothesiren,C,Show-and-Tell / Reveal,low (default: no hook detected),3,0,,0.0
fernando.jose.nol5,C,Show-and-Tell / Reveal,low (default: no hook detected),1,0,,0.0
jignashapatel913,C,Show-and-Tell / Reveal,low (default: no hook detected),1,0,,0.0
rapunzeljoanne.ka,B,Promo / Hype Seller,medium,3,0,Offer / Urgency (3),0.0
ouchwasthataghost,C,Show-and-Tell / Reveal,low (default: no hook detected),1,0,,0.0
bae.roc,C,Show-and-Tell / Reveal,low (default: no hook detected),1,0,,0.0
favoritefavoritefind,B,Promo / Hype Seller,medium,3,0,Offer / Urgency (2),0.0
alemedina133marketing,A,Relatable Parent,low,1,0,Story / Personal Experience (1),0.0
yiyaoyy73,C,Show-and-Tell / Reveal,low (default: no hook detected),1,0,,0.0
anishabhatta67,C,Show-and-Tell / Reveal,low (default: no hook detected),1,0,,0.0
laurenstogsdill,A,Relatable Parent,low,1,0,Problem / Pain Point (1),0.0
alanapuawai,A,Relatable Parent,medium,3,1,Story / Personal Experience (2),0.0
thekiddealz,C,Show-and-Tell / Reveal,low (default: no hook detected),6,0,,0.0
electricdealz,C,Show-and-Tell / Reveal,low (default: no hook detected),6,0,,0.0
tomdeals,C,Show-and-Tell / Reveal,low (default: no hook detected),6,0,,0.0
buzz.finds,C,Show-and-Tell / Reveal,low (default: no hook detected),6,0,,0.0
a.hernandez96_,C,Show-and-Tell / Reveal,low (default: no hook detected),3,0,,0.0
mikefromctown,A,Relatable Parent,low,1,1,Story / Personal Experience (1),0.0
__rraacchheell_,B,Promo / Hype Seller,low,2,1,Problem / Pain Point (1); Social Proof / Results (1),0.0
jamiseger,B,Promo / Hype Seller,low,1,0,Bold / Shocking Claim (1),0.0
jostts15,C,Show-and-Tell / Reveal,low (default: no hook detected),1,0,,0.0
odette_kifum,C,Show-and-Tell / Reveal,low (default: no hook detected),1,0,,0.0
shopwithstefanie,C,Show-and-Tell / Reveal,low (default: no hook detected),2,0,,0.0
itza.taylor,C,Show-and-Tell / Reveal,low (default: no hook detected),1,0,,0.0
muuulaaa1,C,Show-and-Tell / Reveal,low (default: no hook detected),1,0,,0.0
hopetaborrascoe,A,Relatable Parent,medium,3,0,Story / Personal Experience (3),0.0
diosmedyconsuegra0,B,Promo / Hype Seller,low,1,0,Social Proof / Results (1),0.0
cartoonbecky,C,Show-and-Tell / Reveal,low (default: no hook detected),1,0,,0.0
sadimademebuyit,C,Show-and-Tell / Reveal,low (default: no hook detected),1,0,,0.0
yaserdawood4,C,Show-and-Tell / Reveal,low (default: no hook detected),1,1,,0.0
gagadusty,C,Show-and-Tell / Reveal,low (default: no hook detected),2,0,,0.0
anomalee33,C,Show-and-Tell / Reveal,low (default: no hook detected),1,0,,0.0
yavnyfinds,A,Relatable Parent,medium,6,0,Story / Personal Experience (2); Direct Question (1); Bold / Shocking Claim (1),0.0
bhikaf0,A,Relatable Parent,medium,3,0,Problem / Pain Point (1); Social Proof / Results (1),0.0
churizma,C,Show-and-Tell / Reveal,low (default: no hook detected),1,0,,0.0
qberryapproved,B,Promo / Hype Seller,medium,3,0,Bold / Shocking Claim (1),0.0
baaabita,C,Show-and-Tell / Reveal,low (default: no hook detected),1,0,,0.0
so_now_what_,A,Relatable Parent,low,2,0,Direct Question (1); Problem / Pain Point (1),0.0
ez.claps09_,B,Promo / Hype Seller,medium,11,0,Social Proof / Results (3),0.0
.toumani33,B,Promo / Hype Seller,medium,20,0,Offer / Urgency (10),0.0
zoooooo483,C,Show-and-Tell / Reveal,low (default: no hook detected),1,0,,0.0
bestiedealsdaily,B,Promo / Hype Seller,medium,4,0,Offer / Urgency (4),0.0
dalanisiaraa,A,Relatable Parent,medium,9,0,Story / Personal Experience (1),0.0
malandtheminions,C,Show-and-Tell / Reveal,low (default: no hook detected),2,0,,0.0
hushonetime,A,Relatable Parent,low,1,0,Problem / Pain Point (1),0.0
starlight728725,C,Show-and-Tell / Reveal,low (default: no hook detected),1,0,,0.0
lautiktokshop,C,Show-and-Tell / Reveal,low (default: no hook detected),1,0,,0.0
karinahendrich,C,Show-and-Tell / Reveal,low (default: no hook detected),1,0,,0.0
oldtincantts,C,Show-and-Tell / Reveal,low (default: no hook detected),1,0,,0.0
karinacanseco,C,Show-and-Tell / Reveal,low (default: no hook detected),4,0,,0.0
bellemimise,C,Show-and-Tell / Reveal,low (default: no hook detected),1,0,,0.0
brendabchristopher,C,Show-and-Tell / Reveal,low (default: no hook detected),1,0,,0.0
lovelyss_living,B,Promo / Hype Seller,low,2,1,Social Proof / Results (1),0.0
lashareeamour,C,Show-and-Tell / Reveal,low (default: no hook detected),1,0,,0.0
hopeerip,A,Relatable Parent,low,1,0,Story / Personal Experience (1),0.0
jessiegurl1313,A,Relatable Parent,low,2,0,Direct Question (1); Problem / Pain Point (1),0.0
dumaspartyof9,A,Relatable Parent,low,1,0,Problem / Pain Point (1),0.0
ugh.sam2,C,Show-and-Tell / Reveal,low (default: no hook detected),1,0,,0.0
graham_holly,A,Relatable Parent,low,1,0,Direct Question (1),0.0
serenalynnfields,C,Show-and-Tell / Reveal,low,1,1,Curiosity Gap (1),0.0
su_nee_ta7,C,Show-and-Tell / Reveal,low (default: no hook detected),1,0,,0.0
arielle.evans95,B,Promo / Hype Seller,medium,4,0,Offer / Urgency (4),0.0
larrysshop25,C,Show-and-Tell / Reveal,low (default: no hook detected),5,0,,0.0
user1602111954093,C,Show-and-Tell / Reveal,low (default: no hook detected),1,0,,0.0
unmarkedbox,A,Relatable Parent,low,2,1,Direct Question (1),0.0
anjupatel42,C,Show-and-Tell / Reveal,low (default: no hook detected),2,0,,0.0
amyharrison113,C,Show-and-Tell / Reveal,low (default: no hook detected),1,0,,0.0
jen12980,C,Show-and-Tell / Reveal,low (default: no hook detected),2,0,,0.0
thesimplifiedceo,B,Promo / Hype Seller,low,1,1,Social Proof / Results (1),0.0
momslifeof5,C,Show-and-Tell / Reveal,low (default: no hook detected),1,0,,0.0
tanatokfinds,C,Show-and-Tell / Reveal,low (default: no hook detected),1,0,,0.0
sparklewithamberraye,C,Show-and-Tell / Reveal,low (default: no hook detected),1,0,,0.0
.neuroedge,A,Relatable Parent,low,2,1,Problem / Pain Point (1),0.0
melissa.1647,C,Show-and-Tell / Reveal,low (default: no hook detected),1,0,,0.0
puzzled1212,C,Show-and-Tell / Reveal,low (default: no hook detected),2,0,,0.0
sharonownbey3,B,Promo / Hype Seller,low,1,1,Bold / Shocking Claim (1),0.0
kimberlylovesshopping,C,Show-and-Tell / Reveal,low (default: no hook detected),1,0,,0.0
naptownjj50,C,Show-and-Tell / Reveal,low (default: no hook detected),2,1,,0.0
eylencubanita,C,Show-and-Tell / Reveal,low (default: no hook detected),1,0,,0.0
brittanypaigeyugc,A,Relatable Parent,medium,8,0,Problem / Pain Point (1); Bold / Shocking Claim (1),0.0
theunstuckmama,A,Relatable Parent,low,1,0,Problem / Pain Point (1),0.0
brandon.thornburg1,C,Show-and-Tell / Reveal,low (default: no hook detected),1,0,,0.0
dealsection,B,Promo / Hype Seller,medium,26,2,Offer / Urgency (15); Social Proof / Results (9); Direct Question (1),0.0
yiyaoyy75,C,Show-and-Tell / Reveal,low (default: no hook detected),1,0,,0.0
shopwithronnie,C,Show-and-Tell / Reveal,low (default: no hook detected),2,0,,0.0
ttshopfinds777,A,Relatable Parent,medium,4,1,Story / Personal Experience (1),0.0
wwwmiriam78,B,Promo / Hype Seller,medium,4,1,Social Proof / Results (1),0.0
georgia_peach0921,A,Relatable Parent,low,2,1,Story / Personal Experience (1); Problem / Pain Point (1),0.0
cjeansonne,B,Promo / Hype Seller,low,2,0,Bold / Shocking Claim (2),0.0
inotcarley,C,Show-and-Tell / Reveal,low (default: no hook detected),1,0,,0.0
bradgamez,B,Promo / Hype Seller,medium,5,2,Offer / Urgency (4); Direct Question (1),0.0
franciscop241,C,Show-and-Tell / Reveal,low (default: no hook detected),1,0,,0.0
healthymamaj,C,Show-and-Tell / Reveal,low (default: no hook detected),4,0,,0.0
livingfreewithqueen,C,Show-and-Tell / Reveal,low (default: no hook detected),1,0,,0.0
a.j_reviews,C,Show-and-Tell / Reveal,low (default: no hook detected),1,0,,0.0
n2witchin,C,Show-and-Tell / Reveal,low (default: no hook detected),1,0,,0.0
mangoshopping1,B,Promo / Hype Seller,medium,14,1,Offer / Urgency (1),0.0
homegrowndeals,C,Show-and-Tell / Reveal,low (default: no hook detected),1,0,,0.0
allybunz8,A,Relatable Parent,low,1,0,Story / Personal Experience (1),0.0
any_guillen7,A,Relatable Parent,medium,3,0,Story / Personal Experience (1),0.0
christinekil16,C,Show-and-Tell / Reveal,low (default: no hook detected),1,0,,0.0
minimarslife,C,Show-and-Tell / Reveal,low (default: no hook detected),4,0,,0.0
shopwithmariann,A,Relatable Parent,low,1,0,Problem / Pain Point (1),0.0
thementalloadedit,A,Relatable Parent,low,1,0,Story / Personal Experience (1),0.0
ttsgoldenfinds,B,Promo / Hype Seller,low,1,1,Bold / Shocking Claim (1),0.0
jessemurch,C,Show-and-Tell / Reveal,low (default: no hook detected),1,0,,0.0
glamwithtamd,C,Show-and-Tell / Reveal,low (default: no hook detected),4,0,,0.0
yoctownsfinest,C,Show-and-Tell / Reveal,low (default: no hook detected),1,0,,0.0
sauvignonsavage,A,Relatable Parent,low,1,0,Story / Personal Experience (1),0.0
dakota.rolka,C,Show-and-Tell / Reveal,low (default: no hook detected),1,0,,0.0
glowglamwithshugufa,B,Promo / Hype Seller,low,2,0,Social Proof / Results (1); Problem / Pain Point (1),0.0
rosedeals0,C,Show-and-Tell / Reveal,low (default: no hook detected),6,0,,0.0
coatthegoat,C,Show-and-Tell / Reveal,low (default: no hook detected),1,0,,0.0
lalabunny90,C,Show-and-Tell / Reveal,low (default: no hook detected),2,0,,0.0
glowwithjessie2,A,Relatable Parent,low,2,0,Story / Personal Experience (2),0.0
tomcat.shops,C,Show-and-Tell / Reveal,low (default: no hook detected),8,0,,0.0
yasmelypadillarey,C,Show-and-Tell / Reveal,low (default: no hook detected),1,0,,0.0
srijanabhandari201,C,Show-and-Tell / Reveal,low (default: no hook detected),2,0,,0.0
odaisycabrera0807,C,Show-and-Tell / Reveal,low (default: no hook detected),1,0,,0.0
miralo_si,C,Show-and-Tell / Reveal,low (default: no hook detected),8,0,,0.0
marilumakeeup,C,Show-and-Tell / Reveal,low (default: no hook detected),1,0,,0.0
soydanytg,C,Show-and-Tell / Reveal,low,2,1,Curiosity Gap (1),0.0
andresybrenda02,C,Show-and-Tell / Reveal,low (default: no hook detected),1,0,,0.0
_findsbymike,C,Show-and-Tell / Reveal,low (default: no hook detected),1,0,,0.0
queenyfindss,B,Promo / Hype Seller,low,2,0,Offer / Urgency (2),0.0
lulumamaof2,A,Relatable Parent,low,1,0,Problem / Pain Point (1),0.0
leeda2000,C,Show-and-Tell / Reveal,low (default: no hook detected),1,0,,0.0
wendypaz970,C,Show-and-Tell / Reveal,low (default: no hook detected),2,0,,0.0
shannonsknight,B,Promo / Hype Seller,low,1,0,Social Proof / Results (1),0.0
feraltwinmama,C,Show-and-Tell / Reveal,low (default: no hook detected),1,0,,0.0
madebyanap,C,Show-and-Tell / Reveal,low (default: no hook detected),7,0,,0.0
prettyyami.i,C,Show-and-Tell / Reveal,low (default: no hook detected),1,0,,0.0
jayytezz,A,Relatable Parent,high,5,3,Curiosity Gap (1); Direct Question (1); Problem / Pain Point (1),0.0
jncturbo,C,Show-and-Tell / Reveal,low (default: no hook detected),2,0,,0.0
greensavingsandthings,C,Show-and-Tell / Reveal,low (default: no hook detected),3,0,,0.0
tkmseries,A,Relatable Parent,low,2,0,Problem / Pain Point (1),0.0
williamsketf,B,Promo / Hype Seller,low,1,1,Bold / Shocking Claim (1),0.0
m.rose.life,B,Promo / Hype Seller,medium,3,0,Offer / Urgency (1),0.0
john_davis84,A,Relatable Parent,low,2,1,Problem / Pain Point (1),0.0
marissaj0809,C,Show-and-Tell / Reveal,low (default: no hook detected),1,0,,0.0
vibesignal_,C,Show-and-Tell / Reveal,low (default: no hook detected),1,1,,0.0
meetthejadelife,A,Relatable Parent,low,1,0,Story / Personal Experience (1),0.0
therutherfords704,B,Promo / Hype Seller,low,1,0,Offer / Urgency (1),0.0
mikehefinds,A,Relatable Parent,medium,29,1,Problem / Pain Point (9); Offer / Urgency (2); Bold / Shocking Claim (1),0.0
ilovetictoc333,C,Show-and-Tell / Reveal,low (default: no hook detected),2,0,,0.0
meka_carter,C,Show-and-Tell / Reveal,low (default: no hook detected),1,0,,0.0
belrevillar,C,Show-and-Tell / Reveal,low (default: no hook detected),1,0,,0.0
cindyguerrero37,C,Show-and-Tell / Reveal,low (default: no hook detected),3,0,,0.0
dvalenzs3s4,C,Show-and-Tell / Reveal,low (default: no hook detected),2,0,,0.0
clatu000,C,Show-and-Tell / Reveal,low (default: no hook detected),1,0,,0.0
rolandopaz6,C,Show-and-Tell / Reveal,low (default: no hook detected),1,0,,0.0
carmen_r32,C,Show-and-Tell / Reveal,low (default: no hook detected),1,0,,0.0
polishedchaosunfiltered,C,Show-and-Tell / Reveal,low (default: no hook detected),1,0,,0.0
baybaysully,A,Relatable Parent,low,1,0,Story / Personal Experience (1),0.0
thesquishyladies,B,Promo / Hype Seller,low,2,0,Social Proof / Results (1),0.0
king_kadiee,A,Relatable Parent,low,2,1,Story / Personal Experience (1); Problem / Pain Point (1),0.0
h_kadavy,C,Show-and-Tell / Reveal,low (default: no hook detected),1,0,,0.0
mytreat_mini,C,Show-and-Tell / Reveal,low (default: no hook detected),1,0,,0.0
thecartclubb,B,Promo / Hype Seller,low,2,1,Problem / Pain Point (1); Offer / Urgency (1),0.0
thereiscathairinmyweed,C,Show-and-Tell / Reveal,low (default: no hook detected),1,0,,0.0
kimstiktokshopdeals,A,Relatable Parent,low,28,5,Story / Personal Experience (2); Bold / Shocking Claim (1); Offer / Urgency (1),0.0
cubanitaemprendedora,C,Show-and-Tell / Reveal,low (default: no hook detected),2,0,,0.0
chaosandcasseroles,C,Show-and-Tell / Reveal,low (default: no hook detected),1,0,,0.0
jennittsfinds,C,Show-and-Tell / Reveal,low (default: no hook detected),2,0,,0.0
thekinder.house,C,Show-and-Tell / Reveal,low (default: no hook detected),5,0,,0.0
buffydevoy,A,Relatable Parent,low,1,0,Story / Personal Experience (1),0.0
trustbigd1,B,Promo / Hype Seller,medium,3,2,Offer / Urgency (1),0.0
kykrotz,B,Promo / Hype Seller,low,1,0,Bold / Shocking Claim (1),0.0
nareshsubedi77,C,Show-and-Tell / Reveal,low (default: no hook detected),1,0,,0.0
anna52535,C,Show-and-Tell / Reveal,low (default: no hook detected),1,0,,0.0
bethiebegin,C,Show-and-Tell / Reveal,low (default: no hook detected),1,0,,0.0
bennyfinds3,B,Promo / Hype Seller,medium,3,1,Offer / Urgency (1),0.0
karenkkjackson,B,Promo / Hype Seller,low,2,0,Bold / Shocking Claim (1),0.0
dealscoopz,C,Show-and-Tell / Reveal,low (default: no hook detected),1,0,,0.0
fatgirlgetskinny,C,Show-and-Tell / Reveal,low (default: no hook detected),1,0,,0.0
mallorysfavefinds,C,Show-and-Tell / Reveal,low (default: no hook detected),2,0,,0.0
samijo0220,A,Relatable Parent,low,1,0,Problem / Pain Point (1),0.0
digitallyeringunn,B,Promo / Hype Seller,low,1,0,Bold / Shocking Claim (1),0.0
dawsonbyrce,C,Show-and-Tell / Reveal,low (default: no hook detected),1,0,,0.0
the.cozyy.girl,A,Relatable Parent,low,1,0,Story / Personal Experience (1),0.0
izzygameboy,C,Show-and-Tell / Reveal,low (default: no hook detected),5,0,,0.0
kelli.ttshopfinds,A,Relatable Parent,low,1,0,Problem / Pain Point (1),0.0
jkcooking13,B,Promo / Hype Seller,low,1,0,Bold / Shocking Claim (1),0.0
crystalellison5,A,Relatable Parent,medium,3,2,Story / Personal Experience (1); Direct Question (1); Problem / Pain Point (1),0.0
castrocrew87,A,Relatable Parent,low,1,1,Problem / Pain Point (1),0.0
katiemermaidhairxo,C,Show-and-Tell / Reveal,low (default: no hook detected),1,0,,0.0
trix2short,C,Show-and-Tell / Reveal,low (default: no hook detected),6,0,,0.0
itstagged,C,Show-and-Tell / Reveal,low (default: no hook detected),1,0,,0.0
dreamdriving0,C,Show-and-Tell / Reveal,low (default: no hook detected),3,0,,0.0
magarsheju,C,Show-and-Tell / Reveal,low (default: no hook detected),1,0,,0.0
edenhollykearns,C,Show-and-Tell / Reveal,low (default: no hook detected),1,0,,0.0
miralo2024,C,Show-and-Tell / Reveal,low (default: no hook detected),3,0,,0.0
shop.withleo,C,Show-and-Tell / Reveal,low (default: no hook detected),1,0,,0.0
katiemomma4,C,Show-and-Tell / Reveal,low (default: no hook detected),2,0,,0.0
jordanzfashion,C,Show-and-Tell / Reveal,low (default: no hook detected),1,0,,0.0
feralphoenix82,C,Show-and-Tell / Reveal,low (default: no hook detected),1,0,,0.0
thestreamerrecap,C,Show-and-Tell / Reveal,low (default: no hook detected),1,0,,0.0
karlithaa24,A,Relatable Parent,low,1,0,Problem / Pain Point (1),0.0
meahtortilla,C,Show-and-Tell / Reveal,low (default: no hook detected),1,0,,0.0
swentet_ou,C,Show-and-Tell / Reveal,low (default: no hook detected),3,0,,0.0
emily31270,C,Show-and-Tell / Reveal,low (default: no hook detected),1,0,,0.0
gamermom2120,C,Show-and-Tell / Reveal,low (default: no hook detected),1,0,,0.0
shopwithpeter,A,Relatable Parent,low,1,1,Direct Question (1),0.0
niru.ghimire92,C,Show-and-Tell / Reveal,low (default: no hook detected),1,0,,0.0
amy64921,C,Show-and-Tell / Reveal,low (default: no hook detected),1,0,,0.0
trinityables,C,Show-and-Tell / Reveal,low (default: no hook detected),1,0,,0.0
anniayv,B,Promo / Hype Seller,medium,3,0,Offer / Urgency (3),0.0
urmila2020123,C,Show-and-Tell / Reveal,low (default: no hook detected),1,0,,0.0
vickglampshousvicky,C,Show-and-Tell / Reveal,low (default: no hook detected),1,0,,0.0
ronniekrazy.tiktokshop,C,Show-and-Tell / Reveal,low (default: no hook detected),1,1,,0.0
ginar.g,C,Show-and-Tell / Reveal,low (default: no hook detected),1,0,,0.0
tania.maripoza,C,Show-and-Tell / Reveal,low (default: no hook detected),1,0,,0.0
artzyadventures,C,Show-and-Tell / Reveal,low (default: no hook detected),1,0,,0.0
itzzharmo,B,Promo / Hype Seller,low,2,0,Offer / Urgency (1),0.0
fabzzambrano,C,Show-and-Tell / Reveal,low (default: no hook detected),2,0,,0.0
alemgetachew82,C,Show-and-Tell / Reveal,low (default: no hook detected),2,0,,0.0
amandaaapleazeee,C,Show-and-Tell / Reveal,low (default: no hook detected),1,0,,0.0
jacksdailyshop,B,Promo / Hype Seller,medium,3,1,Offer / Urgency (1),0.0
jasper.iliahi,A,Relatable Parent,low,1,1,Direct Question (1),0.0
yoaniaherrerajerez89,C,Show-and-Tell / Reveal,low (default: no hook detected),1,0,,0.0
melandariaa,B,Promo / Hype Seller,low,1,0,Bold / Shocking Claim (1),0.0
sobitapaudel4,C,Show-and-Tell / Reveal,low (default: no hook detected),2,0,,0.0
maryr019,C,Show-and-Tell / Reveal,low (default: no hook detected),2,0,,0.0
eltiktopshopdevane,C,Show-and-Tell / Reveal,low (default: no hook detected),1,0,,0.0
gadgetgalgang,A,Relatable Parent,low,1,0,Problem / Pain Point (1),0.0
bellospirito2,C,Show-and-Tell / Reveal,low (default: no hook detected),3,0,,0.0
exoticsteals,C,Show-and-Tell / Reveal,low (default: no hook detected),1,0,,0.0
aanin077,C,Show-and-Tell / Reveal,low (default: no hook detected),1,1,,0.0
francelymotivacion,A,Relatable Parent,low,1,0,Problem / Pain Point (1),0.0
keminimoonfinds,B,Promo / Hype Seller,low,1,0,Offer / Urgency (1),0.0
cooked.finds,B,Promo / Hype Seller,low,1,1,Offer / Urgency (1),0.0
ur.new.gf.nena,C,Show-and-Tell / Reveal,low (default: no hook detected),1,0,,0.0
daily.encouragememt,C,Show-and-Tell / Reveal,low (default: no hook detected),1,0,,0.0
vokelz,C,Show-and-Tell / Reveal,low (default: no hook detected),1,0,,0.0
jmgshop850,B,Promo / Hype Seller,low,2,1,Bold / Shocking Claim (1),0.0
mariavduranc,C,Show-and-Tell / Reveal,low (default: no hook detected),1,0,,0.0
meganreystratton,C,Show-and-Tell / Reveal,low (default: no hook detected),1,0,,0.0
theoriginalprada,C,Show-and-Tell / Reveal,low (default: no hook detected),4,0,,0.0
savagejeffrey,C,Show-and-Tell / Reveal,low (default: no hook detected),1,0,,0.0
salmasfinds,A,Relatable Parent,low,1,0,Problem / Pain Point (1),0.0
_unfilteredamber,A,Relatable Parent,medium,4,0,Story / Personal Experience (1),0.0
iiamporchia,A,Relatable Parent,low,1,0,Story / Personal Experience (1),0.0
fancylikenancie,B,Promo / Hype Seller,medium,3,0,Bold / Shocking Claim (2); Problem / Pain Point (1),0.0
yungnit,C,Show-and-Tell / Reveal,low (default: no hook detected),1,0,,0.0
rolantinavalcin56,C,Show-and-Tell / Reveal,low (default: no hook detected),1,0,,0.0
lisajustagirl,B,Promo / Hype Seller,low,2,0,Offer / Urgency (1); Problem / Pain Point (1),0.0
leyanilopez8,C,Show-and-Tell / Reveal,low (default: no hook detected),1,0,,0.0
sonia.sublimacion,C,Show-and-Tell / Reveal,low (default: no hook detected),1,0,,0.0
rvrer,C,Show-and-Tell / Reveal,low (default: no hook detected),1,0,,0.0
moderntechguy,C,Show-and-Tell / Reveal,low (default: no hook detected),1,0,,0.0
cosmokayla,C,Show-and-Tell / Reveal,low (default: no hook detected),1,0,,0.0
jadearodriguez,B,Promo / Hype Seller,medium,3,0,Bold / Shocking Claim (1); Offer / Urgency (1),0.0
kidlymarket,C,Show-and-Tell / Reveal,low (default: no hook detected),1,0,,0.0
yulietbatistaperez,C,Show-and-Tell / Reveal,low (default: no hook detected),2,0,,0.0
ashleyanddillon,A,Relatable Parent,low,2,1,Problem / Pain Point (1),0.0
alexeastwood621,C,Show-and-Tell / Reveal,low (default: no hook detected),1,0,,0.0
sovaswar,B,Promo / Hype Seller,low,1,0,Offer / Urgency (1),0.0
livpfeiferadams4,A,Relatable Parent,medium,3,1,Problem / Pain Point (2); Bold / Shocking Claim (1),0.0
emely.csl,B,Promo / Hype Seller,low,1,0,Offer / Urgency (1),0.0
chronically_beautifill,A,Relatable Parent,low,1,0,Direct Question (1),0.0
taylorgeeshops,C,Show-and-Tell / Reveal,low (default: no hook detected),2,0,,0.0
jamiehayles1,A,Relatable Parent,low,2,0,Story / Personal Experience (1),0.0
shopwithgene,C,Show-and-Tell / Reveal,low (default: no hook detected),1,0,,0.0
ebonyjessy,C,Show-and-Tell / Reveal,low (default: no hook detected),1,0,,0.0
victoriajstewart,C,Show-and-Tell / Reveal,low (default: no hook detected),1,0,,0.0
tipsrecomendaciones0,C,Show-and-Tell / Reveal,low (default: no hook detected),3,0,,0.0
luxmee_saanvi,C,Show-and-Tell / Reveal,low (default: no hook detected),3,0,,0.0
journeywithqueen,A,Relatable Parent,low,1,1,Problem / Pain Point (1),0.0
zwhis,C,Show-and-Tell / Reveal,low (default: no hook detected),2,0,,0.0
soniabrielle,C,Show-and-Tell / Reveal,low (default: no hook detected),1,0,,0.0
sitapathak042,A,Relatable Parent,low,1,0,Problem / Pain Point (1),0.0
sarahonthemove24,C,Show-and-Tell / Reveal,low (default: no hook detected),3,0,,0.0
ginettejeanphilip,C,Show-and-Tell / Reveal,low (default: no hook detected),1,0,,0.0
joey0566fen,B,Promo / Hype Seller,low,2,0,Offer / Urgency (2),0.0
jerry.deals,C,Show-and-Tell / Reveal,low (default: no hook detected),1,0,,0.0
40ishchaosandcalm,A,Relatable Parent,low,1,0,Story / Personal Experience (1),0.0
jenniferryals,A,Relatable Parent,medium,5,1,Story / Personal Experience (1),0.0
bodycamreplayy,C,Show-and-Tell / Reveal,low (default: no hook detected),1,0,,0.0
p.binbuginn,C,Show-and-Tell / Reveal,low (default: no hook detected),1,0,,0.0
thepaynefamilystuff,C,Show-and-Tell / Reveal,low (default: no hook detected),1,0,,0.0
tulsitimsinadada,C,Show-and-Tell / Reveal,low (default: no hook detected),1,0,,0.0
armandoapproved,C,Show-and-Tell / Reveal,low (default: no hook detected),2,0,,0.0
yaritapea7,C,Show-and-Tell / Reveal,low (default: no hook detected),1,0,,0.0
that.handy.mom,C,Show-and-Tell / Reveal,low (default: no hook detected),1,0,,0.0
abetherealbabe,C,Show-and-Tell / Reveal,low (default: no hook detected),3,0,,0.0
abi.rojita,C,Show-and-Tell / Reveal,low (default: no hook detected),1,0,,0.0
creativeparenting75,A,Relatable Parent,low,1,0,Problem / Pain Point (1),0.0
brechambers_,C,Show-and-Tell / Reveal,low (default: no hook detected),1,0,,0.0
lis98252,C,Show-and-Tell / Reveal,low (default: no hook detected),1,0,,0.0
lilyannahmain,C,Show-and-Tell / Reveal,low (default: no hook detected),2,1,,0.0
liv_n_life_,B,Promo / Hype Seller,medium,15,0,Bold / Shocking Claim (1); Story / Personal Experience (1); Offer / Urgency (1),0.0
flockdeals,B,Promo / Hype Seller,low,2,0,Offer / Urgency (1),0.0
barberbuitragooficial,B,Promo / Hype Seller,low,2,0,Social Proof / Results (2),0.0
beckystreetweens,A,Relatable Parent,low,1,0,Story / Personal Experience (1),0.0
clairemercer_,B,Promo / Hype Seller,low,1,0,Bold / Shocking Claim (1),0.0
prativakhadka28,C,Show-and-Tell / Reveal,low (default: no hook detected),1,0,,0.0
thesouthernblondemom,A,Relatable Parent,low,1,0,Story / Personal Experience (1),0.0
caffeineandchaos410,A,Relatable Parent,medium,3,0,Direct Question (1); Story / Personal Experience (1); Bold / Shocking Claim (1),0.0
logan.hancock2,C,Show-and-Tell / Reveal,low,1,0,Curiosity Gap (1),0.0
yessingg,C,Show-and-Tell / Reveal,low (default: no hook detected),1,0,,0.0
ganacon_claudia2.0,B,Promo / Hype Seller,low,2,0,Social Proof / Results (1),0.0
backdoc7,A,Relatable Parent,medium,3,2,Problem / Pain Point (1),0.0
gonzzales55,C,Show-and-Tell / Reveal,low (default: no hook detected),1,0,,0.0
hemuadhik,C,Show-and-Tell / Reveal,low (default: no hook detected),1,0,,0.0
miarunsbiz,A,Relatable Parent,low,1,0,Problem / Pain Point (1),0.0
cracraraerae75,B,Promo / Hype Seller,medium,3,0,Social Proof / Results (1),0.0
ragwood73,C,Show-and-Tell / Reveal,low (default: no hook detected),1,0,,0.0
elisama0923,B,Promo / Hype Seller,low,1,0,Offer / Urgency (1),0.0
m.colocho7,C,Show-and-Tell / Reveal,low (default: no hook detected),1,0,,0.0
nettelilly,C,Show-and-Tell / Reveal,low (default: no hook detected),1,0,,0.0
lakdaking,C,Show-and-Tell / Reveal,low (default: no hook detected),2,0,,0.0
spencer__turner,A,Relatable Parent,medium,5,0,Direct Question (1); Social Proof / Results (1),0.0
yordankalp,A,Relatable Parent,medium,3,0,Problem / Pain Point (3),0.0
jamiejems,C,Show-and-Tell / Reveal,low (default: no hook detected),1,0,,0.0
swissliftz,A,Relatable Parent,medium,3,0,Problem / Pain Point (1),0.0
kn_9mm,C,Show-and-Tell / Reveal,low (default: no hook detected),1,0,,0.0
jenniestylefinds,A,Relatable Parent,low,1,0,Problem / Pain Point (1),0.0
_keiana.a,C,Show-and-Tell / Reveal,low (default: no hook detected),1,0,,0.0
lifelikelizette,A,Relatable Parent,low,1,0,Story / Personal Experience (1),0.0
bikinimomm,C,Show-and-Tell / Reveal,low (default: no hook detected),1,0,,0.0
beautifulinspiration25,A,Relatable Parent,low,1,0,Problem / Pain Point (1),0.0
mattsfinds305,A,Relatable Parent,low,2,1,Problem / Pain Point (1),0.0
dianaplays.com,B,Promo / Hype Seller,low,1,0,Social Proof / Results (1),0.0
cherishopz,A,Relatable Parent,low,1,0,Direct Question (1),0.0
coradelavalle,C,Show-and-Tell / Reveal,low (default: no hook detected),2,0,,0.0
rad_tyler,B,Promo / Hype Seller,low,1,0,Bold / Shocking Claim (1),0.0
sassysouthernmouf,A,Relatable Parent,low,2,0,Problem / Pain Point (2),0.0
danielavasquez6777,C,Show-and-Tell / Reveal,low (default: no hook detected),2,0,,0.0
since89_,C,Show-and-Tell / Reveal,low (default: no hook detected),1,0,,0.0
colynshops,C,Show-and-Tell / Reveal,low (default: no hook detected),1,0,,0.0
motherhoodwithmarii,C,Show-and-Tell / Reveal,low (default: no hook detected),2,0,,0.0
jessica_kapri,B,Promo / Hype Seller,low,2,0,Social Proof / Results (2),0.0
fairyqueen413,C,Show-and-Tell / Reveal,low (default: no hook detected),2,0,,0.0
jackryan.1,C,Show-and-Tell / Reveal,low (default: no hook detected),1,0,,0.0
brightdusky7,A,Relatable Parent,medium,6,0,Story / Personal Experience (1); Direct Question (1),0.0
thatdadfromga1,C,Show-and-Tell / Reveal,low (default: no hook detected),1,0,,0.0
haul589,C,Show-and-Tell / Reveal,low (default: no hook detected),1,0,,0.0
phulu89,C,Show-and-Tell / Reveal,low (default: no hook detected),1,0,,0.0
ivonnefinds,C,Show-and-Tell / Reveal,low (default: no hook detected),1,0,,0.0
olguireyna,C,Show-and-Tell / Reveal,low (default: no hook detected),1,0,,0.0
jennahaithlifestyle,C,Show-and-Tell / Reveal,low (default: no hook detected),1,1,,0.0
nsanchez692,C,Show-and-Tell / Reveal,low (default: no hook detected),7,0,,0.0
lizziemakesmagic,A,Relatable Parent,low,1,0,Story / Personal Experience (1),0.0
jrzydva,B,Promo / Hype Seller,low,1,0,Offer / Urgency (1),0.0
alejamed1na,C,Show-and-Tell / Reveal,low (default: no hook detected),2,0,,0.0
average.joe75,C,Show-and-Tell / Reveal,low (default: no hook detected),1,0,,0.0
ishakaf,C,Show-and-Tell / Reveal,low (default: no hook detected),1,0,,0.0
michaelm1216,C,Show-and-Tell / Reveal,low (default: no hook detected),1,0,,0.0
leodecuba1991,C,Show-and-Tell / Reveal,low (default: no hook detected),1,0,,0.0
marydvorak6,C,Show-and-Tell / Reveal,low (default: no hook detected),2,0,,0.0
ekta_363,C,Show-and-Tell / Reveal,low (default: no hook detected),2,0,,0.0
itsbizzlee,C,Show-and-Tell / Reveal,low (default: no hook detected),1,0,,0.0
nasveeofficial07,C,Show-and-Tell / Reveal,low (default: no hook detected),1,0,,0.0
oshunshop6,C,Show-and-Tell / Reveal,low (default: no hook detected),1,0,,0.0
h_bustillo,C,Show-and-Tell / Reveal,low (default: no hook detected),1,0,,0.0
barbaracarmona943,C,Show-and-Tell / Reveal,low (default: no hook detected),1,0,,0.0
yanyfinds,C,Show-and-Tell / Reveal,low (default: no hook detected),1,0,,0.0
adhitulasi,C,Show-and-Tell / Reveal,low (default: no hook detected),1,0,,0.0
ryannko4,B,Promo / Hype Seller,low,1,1,Social Proof / Results (1),0.0
wereselllol2020,A,Relatable Parent,low,2,0,Story / Personal Experience (1),0.0
cherisa.bell,C,Show-and-Tell / Reveal,low (default: no hook detected),1,0,,0.0
itzz_kota1,C,Show-and-Tell / Reveal,low (default: no hook detected),1,0,,0.0
carrotshorts,C,Show-and-Tell / Reveal,low (default: no hook detected),1,0,,0.0
laxmigurung1990,C,Show-and-Tell / Reveal,low (default: no hook detected),1,0,,0.0
novakitty2018,C,Show-and-Tell / Reveal,low (default: no hook detected),1,0,,0.0
coltzmlb,A,Relatable Parent,low,1,0,Problem / Pain Point (1),0.0
gypsysgains,C,Show-and-Tell / Reveal,low (default: no hook detected),1,0,,0.0
mexican292,C,Show-and-Tell / Reveal,low (default: no hook detected),1,0,,0.0
mariakarla950,C,Show-and-Tell / Reveal,low (default: no hook detected),1,0,,0.0
rachelsfavoritesxo,C,Show-and-Tell / Reveal,low (default: no hook detected),1,0,,0.0
mama_ragan,C,Show-and-Tell / Reveal,low (default: no hook detected),1,0,,0.0
mayaacharya,C,Show-and-Tell / Reveal,low (default: no hook detected),1,0,,0.0
familia_flores4,C,Show-and-Tell / Reveal,low (default: no hook detected),1,0,,0.0
dealsbybeast,B,Promo / Hype Seller,low,1,0,Bold / Shocking Claim (1),0.0
mslady9916,A,Relatable Parent,medium,3,0,Story / Personal Experience (1),0.0
graciek8e,C,Show-and-Tell / Reveal,low (default: no hook detected),1,0,,0.0
messiahrebound,C,Show-and-Tell / Reveal,low (default: no hook detected),1,0,,0.0
gabriela_curiel,C,Show-and-Tell / Reveal,low (default: no hook detected),1,0,,0.0
crazymummum2nd,C,Show-and-Tell / Reveal,low (default: no hook detected),3,0,,0.0
mylittlehouseontheprarie,A,Relatable Parent,low,1,0,Problem / Pain Point (1),0.0
caychoyahat,C,Show-and-Tell / Reveal,low (default: no hook detected),5,0,,0.0
multiofertas.shop1,C,Show-and-Tell / Reveal,low (default: no hook detected),1,0,,0.0
jacilyque,B,Promo / Hype Seller,low,1,0,Bold / Shocking Claim (1),0.0
lawmomunfiltered,B,Promo / Hype Seller,medium,5,2,Offer / Urgency (2),0.0
guzmanesme1,C,Show-and-Tell / Reveal,low (default: no hook detected),1,0,,0.0
1979marbelis,C,Show-and-Tell / Reveal,low (default: no hook detected),1,0,,0.0
nere59958,C,Show-and-Tell / Reveal,low (default: no hook detected),1,0,,0.0
nate_wilson21,C,Show-and-Tell / Reveal,low (default: no hook detected),1,0,,0.0
savvy_findz,C,Show-and-Tell / Reveal,low (default: no hook detected),1,0,,0.0
shaylalorrainetaschler,B,Promo / Hype Seller,low,2,0,Offer / Urgency (1),0.0
sellingmama,C,Show-and-Tell / Reveal,low (default: no hook detected),2,0,,0.0
surelis84,C,Show-and-Tell / Reveal,low (default: no hook detected),2,0,,0.0
faniilove25,B,Promo / Hype Seller,medium,3,0,Bold / Shocking Claim (1),0.0
heyitsmarlan,C,Show-and-Tell / Reveal,low (default: no hook detected),6,0,,0.0
n2deals,B,Promo / Hype Seller,low,1,0,Offer / Urgency (1),0.0
britt_bratt_ginger,A,Relatable Parent,low,2,0,Story / Personal Experience (1),0.0
jvnswe099,C,Show-and-Tell / Reveal,low (default: no hook detected),1,0,,0.0
lovestotravel20,A,Relatable Parent,medium,4,0,Direct Question (1),0.0
bhawana.49,C,Show-and-Tell / Reveal,low (default: no hook detected),1,0,,0.0
neni.bella20,C,Show-and-Tell / Reveal,low (default: no hook detected),3,0,,0.0
blakechiuminetta,A,Relatable Parent,low,2,0,Story / Personal Experience (1),0.0
alora.ecom,C,Show-and-Tell / Reveal,low,1,1,Curiosity Gap (1),0.0
heyitslauralee,C,Show-and-Tell / Reveal,low (default: no hook detected),2,0,,0.0
d_princess23,C,Show-and-Tell / Reveal,low (default: no hook detected),2,0,,0.0
angelinaenriquez,C,Show-and-Tell / Reveal,low (default: no hook detected),1,0,,0.0
haitiluc,B,Promo / Hype Seller,low,2,0,Offer / Urgency (1); Social Proof / Results (1),0.0
patito_rodriguez2,C,Show-and-Tell / Reveal,low (default: no hook detected),2,0,,0.0
joeysfindsforyou,C,Show-and-Tell / Reveal,low (default: no hook detected),1,0,,0.0
arati_1026,C,Show-and-Tell / Reveal,low (default: no hook detected),1,0,,0.0
steph.ttshop,C,Show-and-Tell / Reveal,low (default: no hook detected),3,0,,0.0
couchphun,C,Show-and-Tell / Reveal,low (default: no hook detected),1,0,,0.0
gooddaydarlings,C,Show-and-Tell / Reveal,low (default: no hook detected),1,0,,0.0
micah10392,A,Relatable Parent,low,1,1,Story / Personal Experience (1),0.0
carmenmastercoach,C,Show-and-Tell / Reveal,low (default: no hook detected),1,0,,0.0
onlythebessst,C,Show-and-Tell / Reveal,low (default: no hook detected),2,0,,0.0
magicmama95,A,Relatable Parent,low,2,0,Problem / Pain Point (1),0.0
niagongora5,C,Show-and-Tell / Reveal,low (default: no hook detected),1,0,,0.0
laura.sedillo,C,Show-and-Tell / Reveal,low (default: no hook detected),1,0,,0.0
hortenciabhuiyan,C,Show-and-Tell / Reveal,low (default: no hook detected),1,0,,0.0
bno.ava,C,Show-and-Tell / Reveal,low (default: no hook detected),1,0,,0.0
444..jayla,C,Show-and-Tell / Reveal,low (default: no hook detected),1,0,,0.0
susytiktokshop,C,Show-and-Tell / Reveal,low (default: no hook detected),3,0,,0.0
rjhadley,C,Show-and-Tell / Reveal,low (default: no hook detected),2,0,,0.0
willemssc,B,Promo / Hype Seller,low,1,0,Bold / Shocking Claim (1),0.0
no_limbs_,A,Relatable Parent,low,1,0,Story / Personal Experience (1),0.0
smreddy7,A,Relatable Parent,low,2,0,Direct Question (1),0.0
jana1fragrance74,C,Show-and-Tell / Reveal,low (default: no hook detected),1,0,,0.0
corpcorey,A,Relatable Parent,low,1,0,Direct Question (1),0.0
alicia_gl7,C,Show-and-Tell / Reveal,low (default: no hook detected),1,0,,0.0
dailydaddeals,A,Relatable Parent,low,1,0,Problem / Pain Point (1),0.0
yoslaimis,C,Show-and-Tell / Reveal,low (default: no hook detected),1,0,,0.0
kathybalderston2,C,Show-and-Tell / Reveal,low (default: no hook detected),2,0,,0.0
maryshopusa,C,Show-and-Tell / Reveal,low (default: no hook detected),2,0,,0.0
babymatth_bossmom,C,Show-and-Tell / Reveal,low (default: no hook detected),1,0,,0.0
mirandajphoto,C,Show-and-Tell / Reveal,low (default: no hook detected),2,0,,0.0
bennett.made,B,Promo / Hype Seller,medium,4,0,Offer / Urgency (4),0.0
alexandral0109,C,Show-and-Tell / Reveal,low (default: no hook detected),2,0,,0.0
gtamori,C,Show-and-Tell / Reveal,low (default: no hook detected),1,0,,0.0
fortune0420,C,Show-and-Tell / Reveal,low,1,1,Curiosity Gap (1),0.0
marisol.ruche,C,Show-and-Tell / Reveal,low (default: no hook detected),1,0,,0.0
jacob.williams973,C,Show-and-Tell / Reveal,low (default: no hook detected),1,0,,0.0
whitneyshome,B,Promo / Hype Seller,low,2,0,Bold / Shocking Claim (1),0.0
raisingbane,A,Relatable Parent,medium,3,0,Story / Personal Experience (1); Problem / Pain Point (1),0.0
rachuphuyal,C,Show-and-Tell / Reveal,low (default: no hook detected),2,0,,0.0
libbyannas,C,Show-and-Tell / Reveal,low (default: no hook detected),1,0,,0.0
itssjay_co,B,Promo / Hype Seller,low,1,0,Bold / Shocking Claim (1),0.0
sandouraaaa_m,B,Promo / Hype Seller,low,2,0,Bold / Shocking Claim (1); Problem / Pain Point (1),0.0
kristencollective,A,Relatable Parent,low,1,0,Problem / Pain Point (1),0.0
bykaylaeverton,A,Relatable Parent,low,2,0,Direct Question (1),0.0
unboxicatedwithraquel,A,Relatable Parent,low,1,0,Problem / Pain Point (1),0.0
ginbeannnnn,B,Promo / Hype Seller,low,1,0,Bold / Shocking Claim (1),0.0
pabitrapathak6,C,Show-and-Tell / Reveal,low (default: no hook detected),1,0,,0.0
tinytrendfinds724,C,Show-and-Tell / Reveal,low (default: no hook detected),3,0,,0.0
overworkedbishhhh,C,Show-and-Tell / Reveal,low (default: no hook detected),1,0,,0.0
okitsmetatiii,C,Show-and-Tell / Reveal,low (default: no hook detected),3,0,,0.0
pedro.ugc,A,Relatable Parent,low,1,0,Direct Question (1),0.0
yaishogar,C,Show-and-Tell / Reveal,low (default: no hook detected),2,0,,0.0
surakshya1356,C,Show-and-Tell / Reveal,low (default: no hook detected),1,0,,0.0
ligia.aguilera,A,Relatable Parent,low,1,0,Direct Question (1),0.0
chellyh23,C,Show-and-Tell / Reveal,low (default: no hook detected),1,0,,0.0
erikaemendoza,C,Show-and-Tell / Reveal,low (default: no hook detected),1,0,,0.0
roxxyfinds,B,Promo / Hype Seller,low,1,0,Offer / Urgency (1),0.0
ivaniavibes,C,Show-and-Tell / Reveal,low (default: no hook detected),1,0,,0.0
kimberlywilliams927,A,Relatable Parent,low,2,0,Problem / Pain Point (1),0.0
lazydiymillennials,C,Show-and-Tell / Reveal,low (default: no hook detected),1,0,,0.0
sir_wave3,C,Show-and-Tell / Reveal,low (default: no hook detected),1,0,,0.0
bible_bae,C,Show-and-Tell / Reveal,low (default: no hook detected),1,0,,0.0
.josuetovar,A,Relatable Parent,low,1,0,Problem / Pain Point (1),0.0
styletaylor5,B,Promo / Hype Seller,low,1,0,Offer / Urgency (1),0.0
aryalsweta3,B,Promo / Hype Seller,low,2,0,Offer / Urgency (1),0.0
affiliatecatmom,A,Relatable Parent,low,1,0,Direct Question (1),0.0
theonlynaomix,C,Show-and-Tell / Reveal,low (default: no hook detected),1,0,,0.0
shelbymousley,A,Relatable Parent,low,2,1,Story / Personal Experience (1),0.0
tarafullerbooks,A,Relatable Parent,low,2,0,Story / Personal Experience (1); Bold / Shocking Claim (1),0.0
tiktokfinds4moms,C,Show-and-Tell / Reveal,low (default: no hook detected),2,0,,0.0
thehealedresponder,B,Promo / Hype Seller,low,2,0,Offer / Urgency (2),0.0
mrs_keri,C,Show-and-Tell / Reveal,low (default: no hook detected),1,0,,0.0
leeza0424,C,Show-and-Tell / Reveal,low (default: no hook detected),1,0,,0.0
senith399,C,Show-and-Tell / Reveal,low (default: no hook detected),1,0,,0.0
kristenmheath,C,Show-and-Tell / Reveal,low (default: no hook detected),2,0,,0.0
wonderthemes,A,Relatable Parent,low,1,0,Story / Personal Experience (1),0.0
sylence_nba,C,Show-and-Tell / Reveal,low (default: no hook detected),1,0,,0.0
familia_elmi21,C,Show-and-Tell / Reveal,low (default: no hook detected),2,0,,0.0
hopesbeautyjunkiess,C,Show-and-Tell / Reveal,low (default: no hook detected),2,0,,0.0
seleeennnaaaa,A,Relatable Parent,low,1,0,Problem / Pain Point (1),0.0
drshopenstein,B,Promo / Hype Seller,low,1,0,Offer / Urgency (1),0.0
eduardoskids1,C,Show-and-Tell / Reveal,low (default: no hook detected),1,0,,0.0
hallek12,A,Relatable Parent,low,1,0,Problem / Pain Point (1),0.0
kaylabkassa,C,Show-and-Tell / Reveal,low (default: no hook detected),1,0,,0.0
babi_bhusal,C,Show-and-Tell / Reveal,low (default: no hook detected),2,0,,0.0
j_reed_shop,C,Show-and-Tell / Reveal,low (default: no hook detected),1,0,,0.0
ivispaz4,C,Show-and-Tell / Reveal,low (default: no hook detected),2,0,,0.0
thenerdyjeep,B,Promo / Hype Seller,medium,7,0,Social Proof / Results (2); Problem / Pain Point (1); Direct Question (1),0.0
isabella.gzp5,C,Show-and-Tell / Reveal,low (default: no hook detected),6,0,,0.0
mukharrams_ugc,C,Show-and-Tell / Reveal,low (default: no hook detected),3,0,,0.0
theprettylittlehome,A,Relatable Parent,low,2,1,Story / Personal Experience (1),0.0
lily_beauty25,A,Relatable Parent,low,1,0,Problem / Pain Point (1),0.0
daina_martinez92,C,Show-and-Tell / Reveal,low (default: no hook detected),1,0,,0.0
ashlie2009,C,Show-and-Tell / Reveal,low (default: no hook detected),2,0,,0.0
mistyfl561,A,Relatable Parent,low,2,0,Problem / Pain Point (2),0.0
tiktok_usa_fyp_viral,C,Show-and-Tell / Reveal,low (default: no hook detected),1,0,,0.0
mookababy0619,C,Show-and-Tell / Reveal,low (default: no hook detected),1,0,,0.0
lorenabonilla416,C,Show-and-Tell / Reveal,low (default: no hook detected),3,0,,0.0
nicolecampb,C,Show-and-Tell / Reveal,low (default: no hook detected),2,0,,0.0
shopwithkarii,C,Show-and-Tell / Reveal,low (default: no hook detected),1,0,,0.0
_paulinegonzalez,C,Show-and-Tell / Reveal,low,1,0,Curiosity Gap (1),0.0
mama_mel030,B,Promo / Hype Seller,low,1,0,Offer / Urgency (1),0.0
reynameridabeauty,A,Relatable Parent,low,2,0,Problem / Pain Point (1); Story / Personal Experience (1),0.0
2stzy,C,Show-and-Tell / Reveal,low (default: no hook detected),1,0,,0.0
wonderowillows,A,Relatable Parent,low,1,0,Story / Personal Experience (1),0.0
_butterflyambassador,C,Show-and-Tell / Reveal,low (default: no hook detected),6,0,,0.0
heyyyleelee,C,Show-and-Tell / Reveal,low (default: no hook detected),2,0,,0.0
a.hutch99,A,Relatable Parent,medium,7,0,Story / Personal Experience (3); Offer / Urgency (1),0.0
bethinterior,C,Show-and-Tell / Reveal,low (default: no hook detected),1,0,,0.0
hildina4,C,Show-and-Tell / Reveal,low (default: no hook detected),1,0,,0.0
ahtibat13,C,Show-and-Tell / Reveal,low (default: no hook detected),1,0,,0.0
wendy_0742,C,Show-and-Tell / Reveal,low (default: no hook detected),1,0,,0.0
day69854,A,Relatable Parent,low,1,0,Problem / Pain Point (1),0.0
ushachaulagain357,C,Show-and-Tell / Reveal,low (default: no hook detected),1,0,,0.0
roopa0317,C,Show-and-Tell / Reveal,low (default: no hook detected),2,0,,0.0
vickybeckley,C,Show-and-Tell / Reveal,low (default: no hook detected),3,0,,0.0
muna.tamang75,C,Show-and-Tell / Reveal,low (default: no hook detected),1,0,,0.0
nataliec_3115,C,Show-and-Tell / Reveal,low (default: no hook detected),4,0,,0.0
ppalmisano.23,C,Show-and-Tell / Reveal,low (default: no hook detected),1,0,,0.0
topsecretdeals101,C,Show-and-Tell / Reveal,low (default: no hook detected),1,0,,0.0
calm.chaos.coffee,A,Relatable Parent,low,2,0,Direct Question (1),0.0
tonfinds,C,Show-and-Tell / Reveal,low (default: no hook detected),5,2,,0.0
sourdoughsculptor,B,Promo / Hype Seller,medium,3,0,Bold / Shocking Claim (2); Problem / Pain Point (1),0.0
mattengle3,C,Show-and-Tell / Reveal,low (default: no hook detected),1,0,,0.0
jennhanes,C,Show-and-Tell / Reveal,low (default: no hook detected),2,0,,0.0
kaylarenhome,C,Show-and-Tell / Reveal,low (default: no hook detected),2,0,,0.0
ammareviewrealm,A,Relatable Parent,medium,4,0,Story / Personal Experience (4),0.0
kelleyorourketts,A,Relatable Parent,medium,3,0,Problem / Pain Point (1); Direct Question (1),0.0
rashelycalort,A,Relatable Parent,low,1,0,Story / Personal Experience (1),0.0
digmitadiaz,C,Show-and-Tell / Reveal,low (default: no hook detected),3,0,,0.0
bhandaridiya3,C,Show-and-Tell / Reveal,low (default: no hook detected),2,0,,0.0
paolabeautyfinds,C,Show-and-Tell / Reveal,low (default: no hook detected),2,0,,0.0
savvysmithhh,A,Relatable Parent,low,1,0,Problem / Pain Point (1),0.0
kayhoenke,A,Relatable Parent,low,1,0,Story / Personal Experience (1),0.0
kristianayoussef,A,Relatable Parent,low,1,0,Story / Personal Experience (1),0.0
yohaosanches55,A,Relatable Parent,low,1,0,Story / Personal Experience (1),0.0
katierosecreates,C,Show-and-Tell / Reveal,low (default: no hook detected),1,0,,0.0
styledbysnacks,B,Promo / Hype Seller,low,2,0,Offer / Urgency (1),0.0
shroomiesundae,C,Show-and-Tell / Reveal,low (default: no hook detected),1,1,,0.0
keitlyndanielac30,A,Relatable Parent,low,1,0,Story / Personal Experience (1),0.0
soylupisss,C,Show-and-Tell / Reveal,low (default: no hook detected),1,0,,0.0
day_victoria5,C,Show-and-Tell / Reveal,low (default: no hook detected),1,0,,0.0
chase.finds,B,Promo / Hype Seller,low,1,0,Offer / Urgency (1),0.0
8ball.sells,B,Promo / Hype Seller,low,1,0,Offer / Urgency (1),0.0
elizabeth__br,C,Show-and-Tell / Reveal,low (default: no hook detected),2,0,,0.0
bhattabist2069,C,Show-and-Tell / Reveal,low (default: no hook detected),1,0,,0.0
mommillenial.shop,C,Show-and-Tell / Reveal,low (default: no hook detected),1,0,,0.0
mariodealss,A,Relatable Parent,low,1,0,Story / Personal Experience (1),0.0
burbuja571,C,Show-and-Tell / Reveal,low (default: no hook detected),4,0,,0.0
anupathak33,C,Show-and-Tell / Reveal,low (default: no hook detected),3,0,,0.0
bellabbold,B,Promo / Hype Seller,medium,4,0,Social Proof / Results (1); Direct Question (1),0.0
d.sotoo,B,Promo / Hype Seller,low,2,1,Offer / Urgency (1); Direct Question (1),0.0
briannakirk2,C,Show-and-Tell / Reveal,low (default: no hook detected),1,0,,0.0
kansasfuller6,A,Relatable Parent,low,1,0,Story / Personal Experience (1),0.0
nicole.mamalong,B,Promo / Hype Seller,medium,5,0,Offer / Urgency (2); Story / Personal Experience (1),0.0
calix_master,C,Show-and-Tell / Reveal,low (default: no hook detected),1,0,,0.0
genxhumorshop,C,Show-and-Tell / Reveal,low (default: no hook detected),1,0,,0.0
aurongoedecke,B,Promo / Hype Seller,low,1,0,Offer / Urgency (1),0.0
1amberkush,C,Show-and-Tell / Reveal,low (default: no hook detected),4,0,,0.0
caseyfindsdeals,B,Promo / Hype Seller,low,1,0,Social Proof / Results (1),0.0
dex.got.deals,B,Promo / Hype Seller,low,2,0,Offer / Urgency (2),0.0
sarahjilllutz,C,Show-and-Tell / Reveal,low (default: no hook detected),1,0,,0.0
may.quenia,C,Show-and-Tell / Reveal,low (default: no hook detected),1,0,,0.0
itsphanieglow17,C,Show-and-Tell / Reveal,low (default: no hook detected),1,0,,0.0
beehappytts,A,Relatable Parent,low,1,0,Story / Personal Experience (1),0.0
prevail.finds,C,Show-and-Tell / Reveal,low (default: no hook detected),1,0,,0.0
dailytreasurecart,B,Promo / Hype Seller,low,1,0,Offer / Urgency (1),0.0
maxxtiktokshop,C,Show-and-Tell / Reveal,low (default: no hook detected),1,1,,0.0
kingjr7777777,B,Promo / Hype Seller,low,1,0,Social Proof / Results (1),0.0
mamabearak5,A,Relatable Parent,low,1,0,Story / Personal Experience (1),0.0
imawingriddenangel,C,Show-and-Tell / Reveal,low (default: no hook detected),2,0,,0.0
marandawill22,C,Show-and-Tell / Reveal,low (default: no hook detected),2,0,,0.0
kimmykraor,A,Relatable Parent,medium,6,1,Story / Personal Experience (2); Curiosity Gap (1); Direct Question (1),0.0
alysah..momof3,B,Promo / Hype Seller,medium,16,0,Bold / Shocking Claim (4); Problem / Pain Point (1); Story / Personal Experience (1),0.0
marlynkoester,A,Relatable Parent,medium,4,0,Direct Question (1),0.0
ttshopjohn,B,Promo / Hype Seller,low,1,0,Offer / Urgency (1),0.0
fabelavero1,B,Promo / Hype Seller,low,1,0,Social Proof / Results (1),0.0
pattys.shop2,A,Relatable Parent,medium,4,0,Problem / Pain Point (1); Bold / Shocking Claim (1); Story / Personal Experience (1),0.0
yourgirlrachael,A,Relatable Parent,low,1,0,Problem / Pain Point (1),0.0
jahniquexo,A,Relatable Parent,low,1,0,Story / Personal Experience (1),0.0
sweetbutsourpatchkid,A,Relatable Parent,low,1,0,Story / Personal Experience (1),0.0
niccishops,A,Relatable Parent,medium,3,1,Story / Personal Experience (1),0.0
onenonlyaubs,B,Promo / Hype Seller,low,1,0,Bold / Shocking Claim (1),0.0
bebitafernandez5,C,Show-and-Tell / Reveal,low (default: no hook detected),1,0,,0.0
brcrabtree,C,Show-and-Tell / Reveal,low (default: no hook detected),1,0,,0.0
pick_topia,B,Promo / Hype Seller,low,1,0,Offer / Urgency (1),0.0
honieyez,A,Relatable Parent,low,1,0,Problem / Pain Point (1),0.0
shoplockanddropit,C,Show-and-Tell / Reveal,low (default: no hook detected),1,0,,0.0
productostiktokshop,C,Show-and-Tell / Reveal,low (default: no hook detected),1,0,,0.0
acexaver,C,Show-and-Tell / Reveal,low (default: no hook detected),2,0,,0.0
osofinds,C,Show-and-Tell / Reveal,low (default: no hook detected),1,0,,0.0
leonardbarber43,C,Show-and-Tell / Reveal,low (default: no hook detected),5,0,,0.0
yuyimadera,C,Show-and-Tell / Reveal,low (default: no hook detected),1,0,,0.0
mccoyfutchjourney,C,Show-and-Tell / Reveal,low (default: no hook detected),1,0,,0.0
maiteag2020,C,Show-and-Tell / Reveal,low (default: no hook detected),2,0,,0.0
lifewithcookeee,B,Promo / Hype Seller,low,1,0,Social Proof / Results (1),0.0
unclelenny81,C,Show-and-Tell / Reveal,low (default: no hook detected),1,0,,0.0
leonard.barber.ii,C,Show-and-Tell / Reveal,low (default: no hook detected),1,0,,0.0
thehomemakermama,C,Show-and-Tell / Reveal,low (default: no hook detected),1,0,,0.0
mummaandmini1,C,Show-and-Tell / Reveal,low (default: no hook detected),1,0,,0.0
needthedeets,A,Relatable Parent,low,1,0,Story / Personal Experience (1),0.0
echofindstt,A,Relatable Parent,low,2,0,Story / Personal Experience (1),0.0
leismarypach,C,Show-and-Tell / Reveal,low (default: no hook detected),1,0,,0.0
tiktok_shop840,A,Relatable Parent,low,1,0,Story / Personal Experience (1),0.0
lillieann772,C,Show-and-Tell / Reveal,low (default: no hook detected),1,0,,0.0
anjamama,C,Show-and-Tell / Reveal,low (default: no hook detected),2,0,,0.0
jaredzamora39,C,Show-and-Tell / Reveal,low (default: no hook detected),1,0,,0.0
zyrasmom,B,Promo / Hype Seller,medium,4,0,Social Proof / Results (2),0.0
shopwithgabriela,C,Show-and-Tell / Reveal,low (default: no hook detected),5,0,,0.0
phyleshaann,C,Show-and-Tell / Reveal,low (default: no hook detected),1,0,,0.0
mitten_mama21,A,Relatable Parent,low,1,0,Direct Question (1),0.0
rahelk22,C,Show-and-Tell / Reveal,low (default: no hook detected),1,0,,0.0
risso2525,B,Promo / Hype Seller,low,1,0,Bold / Shocking Claim (1),0.0
viviana3vargas,C,Show-and-Tell / Reveal,low (default: no hook detected),1,0,,0.0
tiktokmarg,B,Promo / Hype Seller,low,2,0,Social Proof / Results (2),0.0
dansjournall,C,Show-and-Tell / Reveal,low (default: no hook detected),1,0,,0.0
yashnakatel,C,Show-and-Tell / Reveal,low (default: no hook detected),1,0,,0.0
daddybrownnnn,A,Relatable Parent,high,5,3,Direct Question (1),0.0
thatmisfitmom,B,Promo / Hype Seller,low,1,0,Bold / Shocking Claim (1),0.0
ugc.arykawelsh,C,Show-and-Tell / Reveal,low (default: no hook detected),1,0,,0.0
betteralternatives,C,Show-and-Tell / Reveal,high,6,4,Curiosity Gap (3); Story / Personal Experience (1); Direct Question (1),0.0
wendyzelaya0303,C,Show-and-Tell / Reveal,low (default: no hook detected),1,0,,0.0
yesisoto1122,C,Show-and-Tell / Reveal,low (default: no hook detected),4,0,,0.0
itsjustanotherangie,C,Show-and-Tell / Reveal,low (default: no hook detected),2,0,,0.0
hanna_suzannna,A,Relatable Parent,low,2,0,Problem / Pain Point (1),0.0
adhikarisankalpa,C,Show-and-Tell / Reveal,low (default: no hook detected),1,0,,0.0
yanibelcorrea,C,Show-and-Tell / Reveal,low (default: no hook detected),1,0,,0.0
kelsiemink,C,Show-and-Tell / Reveal,low (default: no hook detected),1,0,,0.0
aidearellano8,A,Relatable Parent,medium,3,0,Problem / Pain Point (1),0.0
braydentheplug,A,Relatable Parent,low,1,0,Story / Personal Experience (1),0.0
arianezenyez,C,Show-and-Tell / Reveal,low (default: no hook detected),1,0,,0.0
worth.the_hype,C,Show-and-Tell / Reveal,low (default: no hook detected),1,0,,0.0
ashleynicoleecook,B,Promo / Hype Seller,low,1,0,Offer / Urgency (1),0.0
guerlancia15,C,Show-and-Tell / Reveal,low (default: no hook detected),1,0,,0.0
sheraseven1theoriginal,C,Show-and-Tell / Reveal,low (default: no hook detected),1,0,,0.0
chanteldougherty,C,Show-and-Tell / Reveal,low (default: no hook detected),2,0,,0.0
hemapathak91,C,Show-and-Tell / Reveal,low (default: no hook detected),1,0,,0.0
taniasulema1,C,Show-and-Tell / Reveal,low (default: no hook detected),1,0,,0.0
joshopsalot,A,Relatable Parent,low,1,0,Problem / Pain Point (1),0.0
adri.01am,B,Promo / Hype Seller,low,2,0,Social Proof / Results (1),0.0
familyblancoc,A,Relatable Parent,low,1,1,Problem / Pain Point (1),0.0
laura_anee,C,Show-and-Tell / Reveal,low (default: no hook detected),1,0,,0.0
aholderdogmom,C,Show-and-Tell / Reveal,low (default: no hook detected),1,0,,0.0
nanaholder76,C,Show-and-Tell / Reveal,low (default: no hook detected),1,0,,0.0
therealandeerae,A,Relatable Parent,low,1,1,Problem / Pain Point (1),0.0
risa.bradford,B,Promo / Hype Seller,low,1,1,Bold / Shocking Claim (1),0.0
captainobvious.here,C,Show-and-Tell / Reveal,low (default: no hook detected),1,0,,0.0
ucgmeganb,C,Show-and-Tell / Reveal,low (default: no hook detected),1,0,,0.0
ashtanmirae,B,Promo / Hype Seller,low,2,0,Offer / Urgency (1); Direct Question (1),0.0
anaveedailysales,C,Show-and-Tell / Reveal,low (default: no hook detected),8,0,,0.0
josevega936,C,Show-and-Tell / Reveal,low (default: no hook detected),1,0,,0.0
sophialease,A,Relatable Parent,medium,3,1,Story / Personal Experience (1),0.0
itsmelawanda,C,Show-and-Tell / Reveal,low (default: no hook detected),1,1,,0.0
kellycruzshop,C,Show-and-Tell / Reveal,low (default: no hook detected),1,0,,0.0
michelle.speakman3,A,Relatable Parent,medium,5,3,Bold / Shocking Claim (1); Direct Question (1); Offer / Urgency (1),0.0
sara.calmvibes0827,B,Promo / Hype Seller,low,2,0,Social Proof / Results (1),0.0
nalusmom,C,Show-and-Tell / Reveal,low (default: no hook detected),1,0,,0.0
humble..narcissist,B,Promo / Hype Seller,low,1,1,Social Proof / Results (1),0.0
justlexenee,C,Show-and-Tell / Reveal,low (default: no hook detected),2,1,,0.0
rose_mama_tt_shop,B,Promo / Hype Seller,low,2,1,Bold / Shocking Claim (1); Problem / Pain Point (1),0.0
aaratipalmadai,C,Show-and-Tell / Reveal,low (default: no hook detected),2,0,,0.0
nats.journey0,C,Show-and-Tell / Reveal,low (default: no hook detected),1,0,,0.0
meganshops,A,Relatable Parent,low,1,1,Story / Personal Experience (1),0.0
drizzledfinds,C,Show-and-Tell / Reveal,low (default: no hook detected),2,0,,0.0
sisijvibes,C,Show-and-Tell / Reveal,low (default: no hook detected),2,0,,0.0
matter.8921,C,Show-and-Tell / Reveal,low (default: no hook detected),1,0,,0.0
hellosir789,B,Promo / Hype Seller,low,1,0,Social Proof / Results (1),0.0
marquez485,C,Show-and-Tell / Reveal,low (default: no hook detected),2,0,,0.0
calebscorner1,B,Promo / Hype Seller,low,1,0,Social Proof / Results (1),0.0
killer.abbs,C,Show-and-Tell / Reveal,low (default: no hook detected),1,0,,0.0
premthapa2341,C,Show-and-Tell / Reveal,low (default: no hook detected),2,0,,0.0
dylam2025,C,Show-and-Tell / Reveal,low (default: no hook detected),1,0,,0.0
shelbyreints22,C,Show-and-Tell / Reveal,low,1,1,Curiosity Gap (1),0.0
userunknowm04,C,Show-and-Tell / Reveal,low (default: no hook detected),1,0,,0.0
daymusic92,C,Show-and-Tell / Reveal,low (default: no hook detected),1,0,,0.0
lifemadesimplerhub,A,Relatable Parent,medium,4,0,Problem / Pain Point (4),0.0
hannah.rae.ugc,B,Promo / Hype Seller,low,1,0,Social Proof / Results (1),0.0
dmbjewel,C,Show-and-Tell / Reveal,low (default: no hook detected),1,0,,0.0
swishasweet11,B,Promo / Hype Seller,medium,3,0,Offer / Urgency (1); Bold / Shocking Claim (1),0.0
dadfitshop,C,Show-and-Tell / Reveal,low (default: no hook detected),1,0,,0.0
nuclear_nomads,B,Promo / Hype Seller,medium,4,0,Social Proof / Results (4),0.0
darwinchaviel4,C,Show-and-Tell / Reveal,low (default: no hook detected),1,0,,0.0
felstokes,B,Promo / Hype Seller,low,1,0,Offer / Urgency (1),0.0
adam.eagle1,B,Promo / Hype Seller,low,1,1,Bold / Shocking Claim (1),0.0
michgirlmom1,C,Show-and-Tell / Reveal,low (default: no hook detected),1,0,,0.0
dealswithsunny,A,Relatable Parent,low,1,0,Problem / Pain Point (1),0.0
ry_knows,B,Promo / Hype Seller,medium,5,2,Offer / Urgency (3),0.0
mdbeauty13,C,Show-and-Tell / Reveal,low (default: no hook detected),1,0,,0.0
lilianagil1,C,Show-and-Tell / Reveal,low (default: no hook detected),1,0,,0.0
melissahernandez6622,C,Show-and-Tell / Reveal,low (default: no hook detected),3,0,,0.0
teela56,C,Show-and-Tell / Reveal,low (default: no hook detected),1,0,,0.0
michellekruse_,B,Promo / Hype Seller,low,1,0,Offer / Urgency (1),0.0
jessejames5990,C,Show-and-Tell / Reveal,low (default: no hook detected),1,0,,0.0
_itskelsssss,C,Show-and-Tell / Reveal,low (default: no hook detected),1,1,,0.0
baileyalley,B,Promo / Hype Seller,medium,3,0,Social Proof / Results (3),0.0
chancijo,A,Relatable Parent,low,1,0,Problem / Pain Point (1),0.0
anuskagouli,A,Relatable Parent,medium,5,2,Problem / Pain Point (2),0.0
stephanieratto_,A,Relatable Parent,low,2,0,Problem / Pain Point (1); Story / Personal Experience (1),0.0
lauriereidhutches,C,Show-and-Tell / Reveal,low (default: no hook detected),1,0,,0.0
brennanwterry,A,Relatable Parent,medium,5,0,Problem / Pain Point (4); Social Proof / Results (1),0.0
h3ath3r80,C,Show-and-Tell / Reveal,low (default: no hook detected),1,0,,0.0
growingjessestyle,B,Promo / Hype Seller,high,3,3,Bold / Shocking Claim (2); Story / Personal Experience (1),0.0
sandybarneswatkins,A,Relatable Parent,medium,4,0,Direct Question (1); Story / Personal Experience (1),0.0
lafamilia_catala,B,Promo / Hype Seller,low,1,0,Offer / Urgency (1),0.0
gratefulher8,C,Show-and-Tell / Reveal,low (default: no hook detected),1,0,,0.0
bylizsuarez,B,Promo / Hype Seller,medium,6,0,Social Proof / Results (3),0.0
kaylynfinds,A,Relatable Parent,low,2,0,Problem / Pain Point (1),0.0
itsangelaactually,A,Relatable Parent,low,1,0,Direct Question (1),0.0
mirandasalty,A,Relatable Parent,medium,3,3,Story / Personal Experience (1); Social Proof / Results (1),0.0
sarahpjsk,C,Show-and-Tell / Reveal,low (default: no hook detected),1,0,,0.0
dakotafindstt,B,Promo / Hype Seller,low,2,1,Offer / Urgency (2),0.0
aprilesquivel,C,Show-and-Tell / Reveal,low (default: no hook detected),1,0,,0.0
kesiana.michelle,C,Show-and-Tell / Reveal,low (default: no hook detected),1,0,,0.0
nishaandrea91,C,Show-and-Tell / Reveal,low (default: no hook detected),1,1,,0.0
christianmama13,C,Show-and-Tell / Reveal,low (default: no hook detected),1,0,,0.0
bxmom92,C,Show-and-Tell / Reveal,low (default: no hook detected),2,0,,0.0
hrmarciano,A,Relatable Parent,medium,16,0,Story / Personal Experience (2); Bold / Shocking Claim (2); Direct Question (1),0.0
addie_baeby,C,Show-and-Tell / Reveal,low (default: no hook detected),1,0,,0.0
losverahome,B,Promo / Hype Seller,low,1,0,Offer / Urgency (1),0.0
absolutelyaylamarie,C,Show-and-Tell / Reveal,low (default: no hook detected),1,0,,0.0
alejandrarsblanco,C,Show-and-Tell / Reveal,low (default: no hook detected),1,0,,0.0
royaltyfragrances7,C,Show-and-Tell / Reveal,low (default: no hook detected),1,0,,0.0
isxbella.xo,C,Show-and-Tell / Reveal,low (default: no hook detected),1,0,,0.0
lilies20.0,C,Show-and-Tell / Reveal,low (default: no hook detected),1,0,,0.0
pamela.garcci,C,Show-and-Tell / Reveal,low (default: no hook detected),2,0,,0.0
lebel.finds,C,Show-and-Tell / Reveal,low (default: no hook detected),1,1,,0.0
daws_deals,C,Show-and-Tell / Reveal,low (default: no hook detected),1,0,,0.0
funkin_good_deals,C,Show-and-Tell / Reveal,low (default: no hook detected),6,0,,0.0
javajscoffeeco,B,Promo / Hype Seller,low,2,0,Social Proof / Results (1); Offer / Urgency (1),0.0
karina___c,C,Show-and-Tell / Reveal,low (default: no hook detected),1,0,,0.0
sharons_deals,B,Promo / Hype Seller,low,2,0,Offer / Urgency (2),0.0
fittogether_65,A,Relatable Parent,low,2,1,Direct Question (1),0.0
consuelo.reviews,C,Show-and-Tell / Reveal,low (default: no hook detected),5,0,,0.0
r3inofficial,C,Show-and-Tell / Reveal,low (default: no hook detected),3,0,,0.0
stephs.7187,C,Show-and-Tell / Reveal,low (default: no hook detected),2,0,,0.0
elandrau,C,Show-and-Tell / Reveal,low (default: no hook detected),2,0,,0.0
yadi_samon,C,Show-and-Tell / Reveal,low (default: no hook detected),3,0,,0.0
akua_serwaa_brobbey,A,Relatable Parent,medium,4,4,Direct Question (1); Story / Personal Experience (1); Bold / Shocking Claim (1),0.0
elizamarfinds,B,Promo / Hype Seller,low,2,2,Social Proof / Results (2),0.0
styledbyled,B,Promo / Hype Seller,medium,3,2,Offer / Urgency (1); Problem / Pain Point (1); Bold / Shocking Claim (1),0.0
sirii568,C,Show-and-Tell / Reveal,low (default: no hook detected),1,0,,0.0
leeanneslifeinreview,A,Relatable Parent,low,1,1,Story / Personal Experience (1),0.0
dr.randishanks,A,Relatable Parent,low,1,0,Story / Personal Experience (1),0.0
kaynicole567,C,Show-and-Tell / Reveal,low (default: no hook detected),4,0,,0.0
lauren.boymom,C,Show-and-Tell / Reveal,low (default: no hook detected),2,0,,0.0
gloriarocano89,A,Relatable Parent,low,1,1,Problem / Pain Point (1),0.0
izudotexe,A,Relatable Parent,low,2,1,Story / Personal Experience (1),0.0
atig06,C,Show-and-Tell / Reveal,low (default: no hook detected),1,1,,0.0
divathegreat,C,Show-and-Tell / Reveal,low (default: no hook detected),1,0,,0.0
shopwithaut,C,Show-and-Tell / Reveal,low (default: no hook detected),1,0,,0.0
pamspreciousyorkie,A,Relatable Parent,low,2,1,Direct Question (1),0.0
itzansonn,B,Promo / Hype Seller,medium,4,2,Bold / Shocking Claim (2),0.0
shopusawithzonii1,C,Show-and-Tell / Reveal,low (default: no hook detected),1,0,,0.0
its.me.candi.2.0,C,Show-and-Tell / Reveal,low (default: no hook detected),1,1,,0.0
theevergreeneditco,B,Promo / Hype Seller,low,1,0,Social Proof / Results (1),0.0
klesads,A,Relatable Parent,low,1,0,Problem / Pain Point (1),0.0
fermin_036,C,Show-and-Tell / Reveal,low (default: no hook detected),1,0,,0.0
happyhourx96,B,Promo / Hype Seller,high,3,3,Social Proof / Results (1),0.0
melyssaleake,A,Relatable Parent,medium,3,0,Problem / Pain Point (3),0.0
mechanicallyreviews,C,Show-and-Tell / Reveal,low (default: no hook detected),3,2,,0.0
hilarymademebuyit,A,Relatable Parent,low,1,1,Problem / Pain Point (1),0.0
dmrj072499,A,Relatable Parent,medium,5,0,Problem / Pain Point (1),0.0
yourjaiceee,C,Show-and-Tell / Reveal,low (default: no hook detected),2,0,,0.0
kaylinbrooke15,C,Show-and-Tell / Reveal,low (default: no hook detected),1,0,,0.0
nonnie1476,A,Relatable Parent,medium,5,0,Problem / Pain Point (2); Offer / Urgency (1),0.0
wheezy_eunbiperez,A,Relatable Parent,medium,3,0,Direct Question (3),0.0
laura_l270,C,Show-and-Tell / Reveal,low (default: no hook detected),1,0,,0.0
mykengoin,C,Show-and-Tell / Reveal,low (default: no hook detected),1,0,,0.0
motherkelsss,C,Show-and-Tell / Reveal,low (default: no hook detected),1,1,,0.0
tekpam509_findz,C,Show-and-Tell / Reveal,low (default: no hook detected),1,0,,0.0
velazquezsilva,C,Show-and-Tell / Reveal,low (default: no hook detected),4,0,,0.0
monsfinds,C,Show-and-Tell / Reveal,low (default: no hook detected),1,1,,0.0
luxuryfindz1,B,Promo / Hype Seller,low,1,1,Offer / Urgency (1),0.0
megmakesithappen,A,Relatable Parent,low,2,2,Story / Personal Experience (1),0.0
pjz0311,A,Relatable Parent,low,2,1,Story / Personal Experience (2),0.0
homewithbianca,A,Relatable Parent,low,1,0,Story / Personal Experience (1),0.0
thatpurplehairteacher,A,Relatable Parent,medium,3,1,Problem / Pain Point (1); Story / Personal Experience (1); Bold / Shocking Claim (1),0.0
sarahs.shop.finds,A,Relatable Parent,low,1,0,Problem / Pain Point (1),0.0
kngslyjpg,C,Show-and-Tell / Reveal,low (default: no hook detected),1,0,,0.0
momneedsacoffee,A,Relatable Parent,low,2,2,Problem / Pain Point (1); Social Proof / Results (1),0.0
kendallholmes17,C,Show-and-Tell / Reveal,low,1,1,Curiosity Gap (1),0.0
heypriiincesss,B,Promo / Hype Seller,medium,20,1,Social Proof / Results (1); Bold / Shocking Claim (1),0.0
pivotlikeyoumeanit,C,Show-and-Tell / Reveal,low (default: no hook detected),1,1,,0.0
remedyyz,C,Show-and-Tell / Reveal,low (default: no hook detected),1,0,,0.0
bargainbr0,B,Promo / Hype Seller,high,3,3,Bold / Shocking Claim (2); Problem / Pain Point (1),0.0
kaylinhw,C,Show-and-Tell / Reveal,low (default: no hook detected),2,1,,0.0
cinthy.glow,C,Show-and-Tell / Reveal,low (default: no hook detected),1,0,,0.0
getitontiktok,A,Relatable Parent,low,2,1,Story / Personal Experience (1),0.0
tiremania,B,Promo / Hype Seller,low,7,4,Bold / Shocking Claim (2); Direct Question (1); Curiosity Gap (1),0.0
ur.skin.therapist,A,Relatable Parent,low,1,1,Story / Personal Experience (1),0.0
thatraygyrl82,A,Relatable Parent,low,1,1,Story / Personal Experience (1),0.0
nikol.perla,C,Show-and-Tell / Reveal,low (default: no hook detected),2,0,,0.0
handydadcooks,C,Show-and-Tell / Reveal,low (default: no hook detected),3,0,,0.0
buddah._magar,C,Show-and-Tell / Reveal,low (default: no hook detected),1,0,,0.0
courtneyyyalexis33,A,Relatable Parent,low,1,1,Problem / Pain Point (1),0.0
yodeimiszinckemor,C,Show-and-Tell / Reveal,low (default: no hook detected),1,0,,0.0
raising2gems,C,Show-and-Tell / Reveal,low,1,1,Curiosity Gap (1),0.0
bigmikefinds,C,Show-and-Tell / Reveal,low (default: no hook detected),1,0,,0.0
chhali__nepal4,C,Show-and-Tell / Reveal,low (default: no hook detected),1,0,,0.0
mariaroa8847,B,Promo / Hype Seller,low,1,0,Social Proof / Results (1),0.0
platinumz.emerald,C,Show-and-Tell / Reveal,low (default: no hook detected),1,0,,0.0
shop_with_sheena,A,Relatable Parent,low,1,1,Direct Question (1),0.0
ctretech,A,Relatable Parent,low,1,1,Direct Question (1),0.0
chinnayefindss_,A,Relatable Parent,low,1,1,Story / Personal Experience (1),0.0
pineappledealz,C,Show-and-Tell / Reveal,low (default: no hook detected),1,0,,0.0
honeyhiccup,A,Relatable Parent,low,2,0,Problem / Pain Point (2),0.0
torresuserrvillaniva27,C,Show-and-Tell / Reveal,low (default: no hook detected),1,0,,0.0
kitchenwitch06,C,Show-and-Tell / Reveal,low (default: no hook detected),1,0,,0.0
alaia_7408,C,Show-and-Tell / Reveal,low (default: no hook detected),1,0,,0.0
etah_iifyoudontlikeme,A,Relatable Parent,low,2,0,Story / Personal Experience (1),0.0
alexaannelis,A,Relatable Parent,medium,4,1,Problem / Pain Point (1),0.0
morethanjustcookies,A,Relatable Parent,low,2,1,Problem / Pain Point (2),0.0
loveniyoodorsainvil,C,Show-and-Tell / Reveal,low (default: no hook detected),1,0,,0.0
dominicanmua_cristalyn7,B,Promo / Hype Seller,medium,3,0,Offer / Urgency (1); Bold / Shocking Claim (1),0.0
yosoyadrianapereira,C,Show-and-Tell / Reveal,low (default: no hook detected),1,0,,0.0
realr3dneck,C,Show-and-Tell / Reveal,low (default: no hook detected),1,0,,0.0
6.of.6,A,Relatable Parent,low,1,0,Direct Question (1),0.0
hopeande,A,Relatable Parent,low,1,0,Story / Personal Experience (1),0.0
aayu_shres,C,Show-and-Tell / Reveal,low (default: no hook detected),1,0,,0.0
serenieeweeniee,C,Show-and-Tell / Reveal,low,1,1,Curiosity Gap (1),0.0
orderandacre,B,Promo / Hype Seller,medium,5,0,Social Proof / Results (1); Problem / Pain Point (1),0.0
notyouraveragegigi86,A,Relatable Parent,low,1,0,Problem / Pain Point (1),0.0
chasing.workoutss,A,Relatable Parent,low,2,1,Story / Personal Experience (1); Bold / Shocking Claim (1),0.0
arcino.rn,A,Relatable Parent,medium,4,0,Problem / Pain Point (3),0.0
femmemystique13,C,Show-and-Tell / Reveal,low (default: no hook detected),2,0,,0.0
solicited_advice,A,Relatable Parent,low,1,1,Direct Question (1),0.0
mompreneuralife,A,Relatable Parent,low,1,1,Direct Question (1),0.0
hailstorm711,C,Show-and-Tell / Reveal,low (default: no hook detected),2,0,,0.0
ajdodge10,C,Show-and-Tell / Reveal,low (default: no hook detected),1,0,,0.0
magsfunk_downrightfox,C,Show-and-Tell / Reveal,low (default: no hook detected),1,0,,0.0
mybougiefarmhouse,A,Relatable Parent,low,1,0,Problem / Pain Point (1),0.0
thekb5collective,A,Relatable Parent,low,1,0,Story / Personal Experience (1),0.0
chabelibp,C,Show-and-Tell / Reveal,low (default: no hook detected),1,0,,0.0
dawnkaty_qualls,A,Relatable Parent,low,2,0,Problem / Pain Point (1); Bold / Shocking Claim (1),0.0
itsmecepria,C,Show-and-Tell / Reveal,low (default: no hook detected),1,0,,0.0
latoxicasoaps,A,Relatable Parent,low,2,1,Direct Question (1),0.0
momerameg,A,Relatable Parent,low,1,0,Problem / Pain Point (1),0.0
lucerox28,C,Show-and-Tell / Reveal,low (default: no hook detected),2,0,,0.0
hey_nakita,B,Promo / Hype Seller,low,2,0,Social Proof / Results (1); Direct Question (1),0.0
destin.hogsed,C,Show-and-Tell / Reveal,low (default: no hook detected),2,0,,0.0
melalebamlu,C,Show-and-Tell / Reveal,low (default: no hook detected),1,0,,0.0
bimbobuys67,C,Show-and-Tell / Reveal,low (default: no hook detected),1,1,,0.0
joseannel_,A,Relatable Parent,low,1,1,Problem / Pain Point (1),0.0
householdanalyst,A,Relatable Parent,low,1,0,Story / Personal Experience (1),0.0
spiceoflikes,C,Show-and-Tell / Reveal,low (default: no hook detected),4,0,,0.0
wendymejia1986,C,Show-and-Tell / Reveal,low (default: no hook detected),1,0,,0.0
rosajimenes221,C,Show-and-Tell / Reveal,low (default: no hook detected),2,0,,0.0
jennyjenadhdcoloring,A,Relatable Parent,low,2,0,Direct Question (1); Problem / Pain Point (1),0.0
sarahlee_gourmandmidwife,A,Relatable Parent,low,1,1,Story / Personal Experience (1),0.0
astringofhope,B,Promo / Hype Seller,low,1,1,Social Proof / Results (1),0.0
andreabadell31,C,Show-and-Tell / Reveal,low (default: no hook detected),1,0,,0.0
marilyavila7,C,Show-and-Tell / Reveal,low (default: no hook detected),2,0,,0.0
decadentdoxiesofk,C,Show-and-Tell / Reveal,low (default: no hook detected),1,0,,0.0
destineydospam,A,Relatable Parent,low,2,1,Story / Personal Experience (1),0.0
sortofawesome,B,Promo / Hype Seller,low,2,0,Offer / Urgency (2),0.0
diamandsboysrus,B,Promo / Hype Seller,low,2,0,Offer / Urgency (1); Problem / Pain Point (1),0.0
sierralynn210,A,Relatable Parent,low,1,0,Problem / Pain Point (1),0.0
lary56324,C,Show-and-Tell / Reveal,low (default: no hook detected),1,0,,0.0
kaylabattles,C,Show-and-Tell / Reveal,low (default: no hook detected),2,2,,0.0
caseyvthatsme,C,Show-and-Tell / Reveal,low (default: no hook detected),1,0,,0.0
reaperofhugs,A,Relatable Parent,low,1,0,Problem / Pain Point (1),0.0
kimberlywellness,B,Promo / Hype Seller,medium,5,0,Social Proof / Results (5),0.0
meagp_,A,Relatable Parent,low,2,1,Direct Question (1),0.0
carolcoutinhougc,A,Relatable Parent,low,1,0,Story / Personal Experience (1),0.0
tutuloveisfree,A,Relatable Parent,medium,3,1,Social Proof / Results (1); Story / Personal Experience (1); Curiosity Gap (1),0.0
chasinghappy2.0,A,Relatable Parent,low,1,1,Story / Personal Experience (1),0.0
nee_edition,B,Promo / Hype Seller,low,1,0,Bold / Shocking Claim (1),0.0
sayli1990,C,Show-and-Tell / Reveal,low (default: no hook detected),1,0,,0.0
lannifresh4,A,Relatable Parent,low,2,0,Problem / Pain Point (1),0.0
myfragrancestory,B,Promo / Hype Seller,low,2,0,Bold / Shocking Claim (1),0.0
latiti4791,C,Show-and-Tell / Reveal,low (default: no hook detected),2,0,,0.0
wooonderwoman,C,Show-and-Tell / Reveal,low (default: no hook detected),1,0,,0.0
locdwithblu,C,Show-and-Tell / Reveal,low (default: no hook detected),1,0,,0.0
justlooking.shop,B,Promo / Hype Seller,low,1,0,Offer / Urgency (1),0.0
nanalovesjesus415,C,Show-and-Tell / Reveal,low (default: no hook detected),1,0,,0.0
devsbodega,B,Promo / Hype Seller,high,4,3,Social Proof / Results (1); Bold / Shocking Claim (1),0.0
autismsavvy,C,Show-and-Tell / Reveal,low (default: no hook detected),1,1,,0.0
www.tiktok19marty,C,Show-and-Tell / Reveal,low (default: no hook detected),1,0,,0.0
kaydie.lyndaker,A,Relatable Parent,low,1,1,Story / Personal Experience (1),0.0
armstrongfam6,B,Promo / Hype Seller,low,2,1,Problem / Pain Point (1); Social Proof / Results (1),0.0
elizabeth.gonzale11,C,Show-and-Tell / Reveal,low (default: no hook detected),1,0,,0.0
la_chini_yeslin,C,Show-and-Tell / Reveal,low (default: no hook detected),1,0,,0.0
fierceangellb,C,Show-and-Tell / Reveal,low (default: no hook detected),1,0,,0.0
sheltonbogarage,A,Relatable Parent,medium,3,2,Direct Question (1),0.0
zorangie__,C,Show-and-Tell / Reveal,low (default: no hook detected),3,0,,0.0
rachelking1234,C,Show-and-Tell / Reveal,low (default: no hook detected),2,0,,0.0
hannah_isabellll,A,Relatable Parent,low,1,1,Direct Question (1),0.0
umapradhan20,C,Show-and-Tell / Reveal,low (default: no hook detected),1,0,,0.0
lukeedwar,C,Show-and-Tell / Reveal,low (default: no hook detected),1,0,,0.0
contentbyclaudia,A,Relatable Parent,low,1,1,Problem / Pain Point (1),0.0
dixya.diaries,C,Show-and-Tell / Reveal,low (default: no hook detected),1,0,,0.0
fomofindzz,B,Promo / Hype Seller,low,1,0,Offer / Urgency (1),0.0
capricornbuys,C,Show-and-Tell / Reveal,low (default: no hook detected),1,0,,0.0
leelabasnet4,C,Show-and-Tell / Reveal,low (default: no hook detected),1,0,,0.0
stealsonyourfyp,B,Promo / Hype Seller,low,1,1,Offer / Urgency (1),0.0
robynlizzy14,B,Promo / Hype Seller,medium,3,0,Social Proof / Results (1),0.0
taradahal81,C,Show-and-Tell / Reveal,low (default: no hook detected),1,1,,0.0
pacoslays_,A,Relatable Parent,low,1,0,Problem / Pain Point (1),0.0
rayyenis21,C,Show-and-Tell / Reveal,low (default: no hook detected),2,0,,0.0
nicolelucashall,C,Show-and-Tell / Reveal,low (default: no hook detected),2,1,,0.0
asheleyspam,C,Show-and-Tell / Reveal,low (default: no hook detected),1,0,,0.0
yourshopgirl_janae,A,Relatable Parent,medium,3,1,Problem / Pain Point (2),0.0
marbelly177,C,Show-and-Tell / Reveal,low (default: no hook detected),1,0,,0.0
angies_johnson,C,Show-and-Tell / Reveal,low (default: no hook detected),1,0,,0.0
el.zaceta,A,Relatable Parent,low,1,0,Direct Question (1),0.0
mamakaitlin7,C,Show-and-Tell / Reveal,low (default: no hook detected),1,0,,0.0
milasdeals,B,Promo / Hype Seller,low,1,0,Offer / Urgency (1),0.0
samjhanathapa557,C,Show-and-Tell / Reveal,low (default: no hook detected),1,0,,0.0
wualki__,C,Show-and-Tell / Reveal,low (default: no hook detected),4,0,,0.0
realtalklouanna,B,Promo / Hype Seller,low,1,1,Bold / Shocking Claim (1),0.0
iamvictoriadoss,A,Relatable Parent,low,3,2,Story / Personal Experience (1); Curiosity Gap (1); Social Proof / Results (1),0.0
sauce.6_,C,Show-and-Tell / Reveal,low (default: no hook detected),1,0,,0.0
sunitamainali143,C,Show-and-Tell / Reveal,low (default: no hook detected),1,0,,0.0
sobita397,C,Show-and-Tell / Reveal,low (default: no hook detected),1,0,,0.0
ashleymariesfinds,A,Relatable Parent,medium,3,1,Problem / Pain Point (1),0.0
killerdeals247,C,Show-and-Tell / Reveal,low (default: no hook detected),2,0,,0.0
justjim2025,C,Show-and-Tell / Reveal,low (default: no hook detected),1,0,,0.0
kaylascheelar,C,Show-and-Tell / Reveal,low (default: no hook detected),1,0,,0.0
gisselabaquedano199,C,Show-and-Tell / Reveal,low (default: no hook detected),4,0,,0.0
damantalahad,C,Show-and-Tell / Reveal,low (default: no hook detected),1,0,,0.0
dawssix,C,Show-and-Tell / Reveal,low (default: no hook detected),1,0,,0.0
mariana.godinez.n,C,Show-and-Tell / Reveal,low (default: no hook detected),1,0,,0.0
sushil_015,C,Show-and-Tell / Reveal,low (default: no hook detected),1,0,,0.0
jesslivingcurvy,A,Relatable Parent,low,1,0,Direct Question (1),0.0
overstimulatedgirlfinds,B,Promo / Hype Seller,low,1,0,Social Proof / Results (1),0.0
yanevaaaa,A,Relatable Parent,low,2,2,Direct Question (1),0.0
jeff_jeudy,C,Show-and-Tell / Reveal,low (default: no hook detected),1,0,,0.0
kerseypooh,C,Show-and-Tell / Reveal,low (default: no hook detected),2,0,,0.0
gfedoruk99,A,Relatable Parent,low,1,0,Story / Personal Experience (1),0.0
caitlin_way,A,Relatable Parent,high,3,3,Story / Personal Experience (1); Problem / Pain Point (1); Social Proof / Results (1),0.0
j0rdan_jdr,B,Promo / Hype Seller,low,2,0,Bold / Shocking Claim (1),0.0
izzyshopsdeals,C,Show-and-Tell / Reveal,low (default: no hook detected),1,0,,0.0
midlife.mom.life,A,Relatable Parent,low,1,1,Direct Question (1),0.0
erika_recomienda,C,Show-and-Tell / Reveal,low (default: no hook detected),1,0,,0.0
rosalihec,A,Relatable Parent,medium,3,0,Story / Personal Experience (1),0.0
marinaeseniia.mikheeva,C,Show-and-Tell / Reveal,low (default: no hook detected),1,1,,0.0
chaos10vezcompany,C,Show-and-Tell / Reveal,low (default: no hook detected),1,1,,0.0
italiano_1016,C,Show-and-Tell / Reveal,low (default: no hook detected),3,0,,0.0
crchecrochet,C,Show-and-Tell / Reveal,low (default: no hook detected),1,0,,0.0
michlmackay,B,Promo / Hype Seller,low,2,1,Social Proof / Results (1); Problem / Pain Point (1),0.0
35gb39,C,Show-and-Tell / Reveal,low (default: no hook detected),1,0,,0.0
mimi.era1,C,Show-and-Tell / Reveal,low (default: no hook detected),1,0,,0.0
gitaktwd,A,Relatable Parent,low,1,1,Problem / Pain Point (1),0.0
alishaa.chavez,C,Show-and-Tell / Reveal,low (default: no hook detected),1,0,,0.0
alaydis.acua.pite,C,Show-and-Tell / Reveal,low (default: no hook detected),1,0,,0.0
oksana.yum,C,Show-and-Tell / Reveal,low (default: no hook detected),1,0,,0.0
yurb.shop,A,Relatable Parent,low,2,2,Problem / Pain Point (1); Direct Question (1),0.0
manna__pb32,C,Show-and-Tell / Reveal,low (default: no hook detected),2,0,,0.0
boombaaaam,A,Relatable Parent,low,1,0,Direct Question (1),0.0
ladominicanprincess,A,Relatable Parent,low,2,2,Story / Personal Experience (1),0.0
veramusing,C,Show-and-Tell / Reveal,low (default: no hook detected),1,0,,0.0
chrishasdeals,A,Relatable Parent,low,1,1,Story / Personal Experience (1),0.0
lindzzc,C,Show-and-Tell / Reveal,low (default: no hook detected),1,0,,0.0
nm_mountaingirl,C,Show-and-Tell / Reveal,low (default: no hook detected),1,0,,0.0
xiomyhernandez82,C,Show-and-Tell / Reveal,low (default: no hook detected),6,0,,0.0
dani.leigh24,A,Relatable Parent,medium,4,1,Problem / Pain Point (1); Story / Personal Experience (1),0.0
rossymara0706,C,Show-and-Tell / Reveal,low (default: no hook detected),6,0,,0.0
shoppeachyfinds,A,Relatable Parent,low,1,1,Story / Personal Experience (1),0.0
lifewithallygranv,B,Promo / Hype Seller,low,2,0,Bold / Shocking Claim (1); Problem / Pain Point (1),0.0
cuquitaquintana2,A,Relatable Parent,low,1,1,Story / Personal Experience (1),0.0
emmagracefull,C,Show-and-Tell / Reveal,low (default: no hook detected),1,0,,0.0
stuffonsale,C,Show-and-Tell / Reveal,low (default: no hook detected),1,0,,0.0
ttshop_with_cissy,B,Promo / Hype Seller,low,2,0,Offer / Urgency (2),0.0
flopez2575,B,Promo / Hype Seller,low,1,1,Bold / Shocking Claim (1),0.0
manman.meetch1,C,Show-and-Tell / Reveal,low (default: no hook detected),2,0,,0.0
yunelisalvarez65,C,Show-and-Tell / Reveal,low (default: no hook detected),1,0,,0.0
tdawgdealz,C,Show-and-Tell / Reveal,low (default: no hook detected),1,0,,0.0
therealchampayned,A,Relatable Parent,low,1,0,Story / Personal Experience (1),0.0
katesawyer87,A,Relatable Parent,low,1,0,Story / Personal Experience (1),0.0
edrees.taeb,C,Show-and-Tell / Reveal,low (default: no hook detected),1,0,,0.0
autismsavvyfinds,B,Promo / Hype Seller,low,1,0,Social Proof / Results (1),0.0
mallikachhetri13,C,Show-and-Tell / Reveal,low (default: no hook detected),1,1,,0.0
spruceitup,A,Relatable Parent,low,2,1,Story / Personal Experience (1),0.0
julia.90s.flip.and.play,A,Relatable Parent,low,2,0,Direct Question (1); Problem / Pain Point (1),0.0
dealswithzach,C,Show-and-Tell / Reveal,low (default: no hook detected),1,0,,0.0
lasvegasconmigo,C,Show-and-Tell / Reveal,low (default: no hook detected),3,0,,0.0
keiara_da_hairsurgeon,A,Relatable Parent,medium,6,1,Problem / Pain Point (1),0.0
brittanymarie.dm,A,Relatable Parent,low,1,1,Problem / Pain Point (1),0.0
sammariechaos,C,Show-and-Tell / Reveal,low (default: no hook detected),1,0,,0.0
mishamish__,A,Relatable Parent,medium,4,1,Story / Personal Experience (2),0.0
allieboo206,A,Relatable Parent,low,1,1,Direct Question (1),0.0
frecklesita27,C,Show-and-Tell / Reveal,low (default: no hook detected),2,0,,0.0
cinthiagracast,A,Relatable Parent,low,1,1,Story / Personal Experience (1),0.0
yesi12y,C,Show-and-Tell / Reveal,low (default: no hook detected),1,0,,0.0
jessieoropeza_,C,Show-and-Tell / Reveal,low (default: no hook detected),1,0,,0.0
ashleighrucker12,B,Promo / Hype Seller,low,1,0,Offer / Urgency (1),0.0
niurkamoda1,C,Show-and-Tell / Reveal,low (default: no hook detected),1,0,,0.0
chelsiemehok,B,Promo / Hype Seller,medium,5,1,Bold / Shocking Claim (3); Curiosity Gap (1),0.0
coliamilly,B,Promo / Hype Seller,low,1,0,Bold / Shocking Claim (1),0.0
wranglingrangels,A,Relatable Parent,medium,5,0,Problem / Pain Point (1),0.0
kilie.jo,B,Promo / Hype Seller,low,1,1,Social Proof / Results (1),0.0
b2cbuild,C,Show-and-Tell / Reveal,low (default: no hook detected),1,0,,0.0
swwannaa,C,Show-and-Tell / Reveal,low (default: no hook detected),1,0,,0.0
voices.thatmatter,C,Show-and-Tell / Reveal,low (default: no hook detected),1,0,,0.0
your.tiktok.reddit,A,Relatable Parent,low,1,0,Story / Personal Experience (1),0.0
euclideancooper,C,Show-and-Tell / Reveal,low (default: no hook detected),2,0,,0.0
shop.findz2025,C,Show-and-Tell / Reveal,low (default: no hook detected),1,0,,0.0
lola05gym,C,Show-and-Tell / Reveal,low (default: no hook detected),1,0,,0.0
shopwithdani_,C,Show-and-Tell / Reveal,low (default: no hook detected),1,0,,0.0
patypaz51,C,Show-and-Tell / Reveal,low (default: no hook detected),1,0,,0.0
lizfoundthat,C,Show-and-Tell / Reveal,low (default: no hook detected),2,0,,0.0
judithquiros22,B,Promo / Hype Seller,low,2,0,Bold / Shocking Claim (1),0.0
danielle.momto3,C,Show-and-Tell / Reveal,low (default: no hook detected),1,0,,0.0
thriftingmamagoose,B,Promo / Hype Seller,low,1,0,Bold / Shocking Claim (1),0.0
drbellarx,A,Relatable Parent,low,1,0,Problem / Pain Point (1),0.0
nayla_life,C,Show-and-Tell / Reveal,low (default: no hook detected),2,0,,0.0
roxyandy,C,Show-and-Tell / Reveal,low (default: no hook detected),1,0,,0.0
chris.coello,A,Relatable Parent,low,1,0,Direct Question (1),0.0
erly314,C,Show-and-Tell / Reveal,low (default: no hook detected),1,0,,0.0
abhipshaarydkl97,A,Relatable Parent,low,1,0,Story / Personal Experience (1),0.0
amandaniccum,C,Show-and-Tell / Reveal,low (default: no hook detected),2,0,,0.0
anuska.karki504,C,Show-and-Tell / Reveal,low (default: no hook detected),1,0,,0.0
dra.arletty,C,Show-and-Tell / Reveal,low (default: no hook detected),2,0,,0.0
familyfindsforyou,B,Promo / Hype Seller,low,2,1,Bold / Shocking Claim (1),0.0
only.funn84,B,Promo / Hype Seller,low,1,1,Social Proof / Results (1),0.0
themodernmama3,A,Relatable Parent,low,1,1,Direct Question (1),0.0
feralbratera,B,Promo / Hype Seller,medium,3,1,Bold / Shocking Claim (1),0.0
paradise_dreams2,C,Show-and-Tell / Reveal,low (default: no hook detected),3,0,,0.0
musicwebbcreatives,B,Promo / Hype Seller,low,1,0,Social Proof / Results (1),0.0
profcarbie,A,Relatable Parent,medium,3,0,Story / Personal Experience (1),0.0
luxadhikari,C,Show-and-Tell / Reveal,low (default: no hook detected),2,0,,0.0
jaydon7667,C,Show-and-Tell / Reveal,low (default: no hook detected),2,0,,0.0
bigmuthafckin_e,A,Relatable Parent,low,2,0,Problem / Pain Point (1); Direct Question (1),0.0
andersonfamilycrew,A,Relatable Parent,low,1,0,Problem / Pain Point (1),0.0
contentwithparents,A,Relatable Parent,low,1,1,Problem / Pain Point (1),0.0
cozychuu,A,Relatable Parent,low,1,0,Story / Personal Experience (1),0.0
nelsareyes2,A,Relatable Parent,low,2,0,Direct Question (1); Offer / Urgency (1),0.0
gayschizotwink,A,Relatable Parent,low,1,1,Story / Personal Experience (1),0.0
alexisolsonfitness,C,Show-and-Tell / Reveal,low (default: no hook detected),2,1,,0.0
mimifizzandglam,C,Show-and-Tell / Reveal,low (default: no hook detected),1,0,,0.0
piggylove_21,C,Show-and-Tell / Reveal,low (default: no hook detected),2,0,,0.0
lourdes.cassandra,C,Show-and-Tell / Reveal,low (default: no hook detected),1,0,,0.0
tts.dad4,A,Relatable Parent,low,1,0,Problem / Pain Point (1),0.0
adhdmom.1926,C,Show-and-Tell / Reveal,low (default: no hook detected),1,0,,0.0
caitlingrayowren,B,Promo / Hype Seller,low,2,2,Bold / Shocking Claim (1),0.0
rachel.makes.home,A,Relatable Parent,low,1,0,Story / Personal Experience (1),0.0
domagoley20,C,Show-and-Tell / Reveal,low (default: no hook detected),1,0,,0.0
tbtiktokhome,A,Relatable Parent,low,1,1,Problem / Pain Point (1),0.0
reapertrucker97,C,Show-and-Tell / Reveal,low (default: no hook detected),1,0,,0.0
beatrizmartinez7851,C,Show-and-Tell / Reveal,low (default: no hook detected),1,0,,0.0
melissa.p1970,C,Show-and-Tell / Reveal,low (default: no hook detected),2,0,,0.0
bia.pupo.cespedes,C,Show-and-Tell / Reveal,low (default: no hook detected),1,0,,0.0
tinaandtedd,A,Relatable Parent,low,1,0,Problem / Pain Point (1),0.0
diane25188,C,Show-and-Tell / Reveal,low (default: no hook detected),2,0,,0.0
trailsandjesus,C,Show-and-Tell / Reveal,low (default: no hook detected),2,0,,0.0
kmarie1388,C,Show-and-Tell / Reveal,low (default: no hook detected),1,0,,0.0
olga.perez2708,A,Relatable Parent,low,2,0,Direct Question (2),0.0
mrsbryan27,C,Show-and-Tell / Reveal,low (default: no hook detected),1,0,,0.0
kristasallaz,A,Relatable Parent,low,1,0,Problem / Pain Point (1),0.0
aligat0_,A,Relatable Parent,low,1,1,Story / Personal Experience (1),0.0
aaisha3001,C,Show-and-Tell / Reveal,low (default: no hook detected),1,0,,0.0
olivasperla,C,Show-and-Tell / Reveal,low (default: no hook detected),1,0,,0.0
chittra.som,A,Relatable Parent,low,2,0,Problem / Pain Point (2),0.0
elysanchez1018,A,Relatable Parent,low,1,0,Problem / Pain Point (1),0.0
momanddadsellstuff,B,Promo / Hype Seller,low,1,0,Offer / Urgency (1),0.0
divine.one333,A,Relatable Parent,low,1,1,Story / Personal Experience (1),0.0
kiwi_tennessee,C,Show-and-Tell / Reveal,low (default: no hook detected),1,0,,0.0
bijaykhadka98,C,Show-and-Tell / Reveal,low (default: no hook detected),1,0,,0.0
jacob.wayne88,A,Relatable Parent,low,1,1,Story / Personal Experience (1),0.0
kusum_happysoul,C,Show-and-Tell / Reveal,low (default: no hook detected),1,0,,0.0
simplyakinsmom,A,Relatable Parent,low,2,0,Story / Personal Experience (1),0.0
jordan.lee.photog,A,Relatable Parent,low,1,0,Story / Personal Experience (1),0.0
itsjustmarinat,A,Relatable Parent,low,2,0,Story / Personal Experience (2),0.0
brwdmoot,C,Show-and-Tell / Reveal,low (default: no hook detected),1,0,,0.0
auntiet79,C,Show-and-Tell / Reveal,low (default: no hook detected),1,0,,0.0
kirsyfer,C,Show-and-Tell / Reveal,low (default: no hook detected),1,0,,0.0
donttellmyhubs,C,Show-and-Tell / Reveal,low (default: no hook detected),1,0,,0.0
luisaduranc95,C,Show-and-Tell / Reveal,low (default: no hook detected),2,0,,0.0
neibyfuenmayor,C,Show-and-Tell / Reveal,low (default: no hook detected),1,0,,0.0
catherinealice0,A,Relatable Parent,low,1,1,Story / Personal Experience (1),0.0
almgenx,C,Show-and-Tell / Reveal,low (default: no hook detected),1,0,,0.0
kat3naaa,C,Show-and-Tell / Reveal,low (default: no hook detected),1,0,,0.0
grechengl,C,Show-and-Tell / Reveal,low (default: no hook detected),2,0,,0.0
casadenaty,C,Show-and-Tell / Reveal,low (default: no hook detected),1,1,,0.0
hannahhelps3,A,Relatable Parent,low,1,1,Problem / Pain Point (1),0.0
therealnimzay,C,Show-and-Tell / Reveal,low (default: no hook detected),1,0,,0.0
adamtokshop,C,Show-and-Tell / Reveal,low (default: no hook detected),2,0,,0.0
nohemulloa,C,Show-and-Tell / Reveal,low (default: no hook detected),3,0,,0.0
4aikovskyii,C,Show-and-Tell / Reveal,low (default: no hook detected),1,1,,0.0
roughlymila,C,Show-and-Tell / Reveal,low,1,1,Curiosity Gap (1),0.0
andreainvegas29,C,Show-and-Tell / Reveal,low (default: no hook detected),1,0,,0.0
jennasmith125,C,Show-and-Tell / Reveal,low (default: no hook detected),1,0,,0.0
amberedwardsdaviss,C,Show-and-Tell / Reveal,low (default: no hook detected),1,1,,0.0
honeysweetsshop,C,Show-and-Tell / Reveal,low (default: no hook detected),2,0,,0.0
gracefulmommy,C,Show-and-Tell / Reveal,low (default: no hook detected),1,1,,0.0
tariqtriesthings,C,Show-and-Tell / Reveal,low (default: no hook detected),2,0,,0.0
martins_breaks,C,Show-and-Tell / Reveal,low (default: no hook detected),2,0,,0.0
maido2348,C,Show-and-Tell / Reveal,low (default: no hook detected),1,0,,0.0
ginamorris0514,A,Relatable Parent,low,1,0,Problem / Pain Point (1),0.0
wildernessoutdoormedia,A,Relatable Parent,low,1,1,Story / Personal Experience (1),0.0
lucystylezz,C,Show-and-Tell / Reveal,low (default: no hook detected),1,0,,0.0
becomin_a_saint,C,Show-and-Tell / Reveal,low (default: no hook detected),1,1,,0.0
kc.bright,A,Relatable Parent,low,1,1,Story / Personal Experience (1),0.0
realdeals_af,C,Show-and-Tell / Reveal,low (default: no hook detected),3,0,,0.0
liagna.activa,A,Relatable Parent,low,1,1,Problem / Pain Point (1),0.0
dailywithbrittny,B,Promo / Hype Seller,low,1,0,Social Proof / Results (1),0.0
tekasworld1,B,Promo / Hype Seller,medium,6,0,Social Proof / Results (2); Problem / Pain Point (1); Bold / Shocking Claim (1),0.0
aklanie,C,Show-and-Tell / Reveal,low (default: no hook detected),1,0,,0.0
barsha_sapkota,C,Show-and-Tell / Reveal,low (default: no hook detected),1,0,,0.0
mky775,C,Show-and-Tell / Reveal,low (default: no hook detected),1,0,,0.0
athome.withjordan,A,Relatable Parent,low,2,1,Problem / Pain Point (1),0.0
xshouserecommends,B,Promo / Hype Seller,low,2,2,Bold / Shocking Claim (2),0.0
chasevibess,C,Show-and-Tell / Reveal,low (default: no hook detected),1,0,,0.0
melissayomarrecomiendan,C,Show-and-Tell / Reveal,low (default: no hook detected),1,0,,0.0
backwoodsbargains,B,Promo / Hype Seller,low,1,1,Bold / Shocking Claim (1),0.0
akashashahi,C,Show-and-Tell / Reveal,low (default: no hook detected),1,0,,0.0
carlybraathen_,C,Show-and-Tell / Reveal,low (default: no hook detected),1,0,,0.0
dudefindz,A,Relatable Parent,low,1,1,Direct Question (1),0.0
mlow083,C,Show-and-Tell / Reveal,low (default: no hook detected),1,0,,0.0
lowcountrycatholic,C,Show-and-Tell / Reveal,low (default: no hook detected),1,0,,0.0
mariapull23,C,Show-and-Tell / Reveal,low (default: no hook detected),1,0,,0.0
tiktokshoptj,A,Relatable Parent,low,1,0,Problem / Pain Point (1),0.0
mardiva_,A,Relatable Parent,low,1,0,Story / Personal Experience (1),0.0
valexia85,C,Show-and-Tell / Reveal,low (default: no hook detected),1,0,,0.0
destri.shaw,C,Show-and-Tell / Reveal,low (default: no hook detected),1,0,,0.0
ismenemyrtil,C,Show-and-Tell / Reveal,low (default: no hook detected),1,0,,0.0
getfitwithnona,B,Promo / Hype Seller,medium,3,0,Bold / Shocking Claim (1),0.0
cathy_lopez79,C,Show-and-Tell / Reveal,low (default: no hook detected),1,0,,0.0
autsfavoritefinds,C,Show-and-Tell / Reveal,low (default: no hook detected),1,0,,0.0
lavi.airin,A,Relatable Parent,low,2,0,Problem / Pain Point (1),0.0
dillydallymama,A,Relatable Parent,medium,3,0,Problem / Pain Point (1),0.0
the.b.essentials,A,Relatable Parent,low,1,0,Problem / Pain Point (1),0.0
kleray.workingmom,A,Relatable Parent,low,1,0,Problem / Pain Point (1),0.0
mommyking001,C,Show-and-Tell / Reveal,low (default: no hook detected),1,0,,0.0
erismar.shop,C,Show-and-Tell / Reveal,low (default: no hook detected),4,0,,0.0
randisael,A,Relatable Parent,medium,11,0,Story / Personal Experience (3); Problem / Pain Point (2),0.0
neeceftm,C,Show-and-Tell / Reveal,low (default: no hook detected),2,0,,0.0
christine_rambles,B,Promo / Hype Seller,low,1,0,Bold / Shocking Claim (1),0.0
childofgracegroup7texas,C,Show-and-Tell / Reveal,low (default: no hook detected),1,0,,0.0
msellie.brand,C,Show-and-Tell / Reveal,low (default: no hook detected),15,0,,0.0
lexiejoannasmith,C,Show-and-Tell / Reveal,low (default: no hook detected),1,0,,0.0
candacereviews,A,Relatable Parent,medium,4,0,Problem / Pain Point (1); Social Proof / Results (1),0.0
comprasconbere,C,Show-and-Tell / Reveal,low (default: no hook detected),2,0,,0.0
discounthubdeals,B,Promo / Hype Seller,low,1,1,Offer / Urgency (1),0.0
erikadesenard,C,Show-and-Tell / Reveal,low (default: no hook detected),10,2,,0.0
tacubapahola23,C,Show-and-Tell / Reveal,low (default: no hook detected),1,0,,0.0
zaacharryyy,C,Show-and-Tell / Reveal,low (default: no hook detected),1,0,,0.0
officialcodyferrell,A,Relatable Parent,medium,15,3,Social Proof / Results (2); Bold / Shocking Claim (2); Direct Question (1),0.0
brittanytaylorttshop,A,Relatable Parent,low,1,1,Problem / Pain Point (1),0.0
alexismomnurselife1,C,Show-and-Tell / Reveal,low (default: no hook detected),1,0,,0.0
kingking58900,C,Show-and-Tell / Reveal,low (default: no hook detected),3,0,,0.0
audaciousday,A,Relatable Parent,low,1,1,Story / Personal Experience (1),0.0
hannahkhoma,A,Relatable Parent,low,1,0,Direct Question (1),0.0
kelsiettshop,A,Relatable Parent,medium,10,0,Problem / Pain Point (1); Story / Personal Experience (1),0.0
chaoticmamamagic,A,Relatable Parent,low,2,0,Problem / Pain Point (2),0.0
alexcozys,B,Promo / Hype Seller,low,2,0,Bold / Shocking Claim (1),0.0
shoptalkdealz,C,Show-and-Tell / Reveal,low (default: no hook detected),1,0,,0.0
reliable.rosalie,A,Relatable Parent,low,2,2,Problem / Pain Point (1); Direct Question (1),0.0
jappers13,B,Promo / Hype Seller,medium,11,2,Bold / Shocking Claim (6); Direct Question (2); Problem / Pain Point (1),0.0
raisingbabyt,C,Show-and-Tell / Reveal,low (default: no hook detected),1,0,,0.0
kamokies21,C,Show-and-Tell / Reveal,low (default: no hook detected),1,1,,0.0
shopwithrell,A,Relatable Parent,medium,7,0,Story / Personal Experience (2),0.0
hope_schwing,A,Relatable Parent,low,1,1,Story / Personal Experience (1),0.0
busymombrittany8,A,Relatable Parent,medium,6,0,Story / Personal Experience (2); Bold / Shocking Claim (2),0.0
koford.finds,C,Show-and-Tell / Reveal,low (default: no hook detected),1,0,,0.0
staciaboi,B,Promo / Hype Seller,medium,5,0,Social Proof / Results (1); Offer / Urgency (1),0.0
a1dealzz1,C,Show-and-Tell / Reveal,low (default: no hook detected),1,0,,0.0
lid97192,C,Show-and-Tell / Reveal,low (default: no hook detected),1,0,,0.0
elvasco2027,C,Show-and-Tell / Reveal,low (default: no hook detected),5,0,,0.0
emilyfrank1,A,Relatable Parent,low,1,0,Story / Personal Experience (1),0.0
reneesdealz,C,Show-and-Tell / Reveal,low (default: no hook detected),2,0,,0.0
tessmarie.01,C,Show-and-Tell / Reveal,low (default: no hook detected),1,0,,0.0
alyssastreet,C,Show-and-Tell / Reveal,low (default: no hook detected),1,0,,0.0
upgrade.edit,B,Promo / Hype Seller,medium,5,0,Offer / Urgency (5),0.0
mags.isa,B,Promo / Hype Seller,low,1,0,Social Proof / Results (1),0.0
cowboykisses7,A,Relatable Parent,medium,6,0,Problem / Pain Point (2),0.0
debbiedoesdeals7,C,Show-and-Tell / Reveal,low (default: no hook detected),1,0,,0.0
partywiththeprathers,B,Promo / Hype Seller,low,1,0,Social Proof / Results (1),0.0
tiktokty321,C,Show-and-Tell / Reveal,low (default: no hook detected),1,0,,0.0
thericoncitoshop,C,Show-and-Tell / Reveal,low (default: no hook detected),1,0,,0.0
intentionallivingmomma,C,Show-and-Tell / Reveal,low (default: no hook detected),1,1,,0.0
timelesswithtiffany,A,Relatable Parent,low,1,0,Direct Question (1),0.0
definitelyjustkevin,C,Show-and-Tell / Reveal,low (default: no hook detected),1,1,,0.0
pocketjules_,B,Promo / Hype Seller,low,1,1,Social Proof / Results (1),0.0
catchinupwithtammy,C,Show-and-Tell / Reveal,low (default: no hook detected),1,0,,0.0
marladaye,C,Show-and-Tell / Reveal,low (default: no hook detected),1,0,,0.0
alexajackson111,C,Show-and-Tell / Reveal,low (default: no hook detected),1,0,,0.0
makaylab2250,C,Show-and-Tell / Reveal,low (default: no hook detected),1,0,,0.0
shreyabista,C,Show-and-Tell / Reveal,low (default: no hook detected),1,0,,0.0
uptownglamgirl,C,Show-and-Tell / Reveal,low (default: no hook detected),1,0,,0.0
shanemar20,C,Show-and-Tell / Reveal,low (default: no hook detected),1,0,,0.0
unboxedtts,C,Show-and-Tell / Reveal,low (default: no hook detected),1,0,,0.0
shopwithmadisonrn,B,Promo / Hype Seller,low,2,0,Offer / Urgency (1),0.0
hiddensteals,B,Promo / Hype Seller,low,1,0,Bold / Shocking Claim (1),0.0
