video_id,creator,date,hook_first_3s,hook_type,gmv,items_sold,views,likes,comments,engagements,engagement_rate_pct
7600875978855927095,alexffinds,2026-01-29,"They said to click it, toothpaste on both sides.",Curiosity / Open Loop,72352.1,814,5604288,8810,107,8917,0.159
7582677693175516446,chloes_cart,2025-12-11,when you can't bring yourself brush your teeth You've,Problem / Pain Point,54321.5,614,4090691,21665,389,22054,0.539
7603690990972538142,schmeglysrevenge,2026-02-06,You'll never use a weed wacker again! Ultimate Brush,Bold Claim / Benefit,42584.7,475,5139536,2083,25,2108,0.041
7623849647164886302,monica_leanne,2026-04-01,Welcome to our dental office. We are checking out,Personal Story / POV,22214.8,268,1239817,415,21,436,0.035
7575329721966218510,honestamandafinds,2025-11-22,30 second all mouth sonic clean I'm gonna introduce,Demo / Product Intro,20882.5,276,564268,710,21,731,0.13
7596916218464980237,maryalyssacarr,2026-01-19,This has changed our bedtime routine for the best.,Social Proof / Testimonial,17484.0,200,954059,1837,57,1894,0.199
7579811602761829645,chryssyvsdream,2025-12-04,Brush Teeth in 20 seconds,Bold Claim / Benefit,17012.2,189,819876,2216,120,2336,0.285
7641271692949490957,flytywalt,2026-05-18,Your toothbrush finally got an upgrade. This is a,Bold Claim / Benefit,16653.7,208,1335968,1641,30,1671,0.125
7616740612645211406,phamsfinds,2026-03-13,This is going to be the last day to,Offer / Deal / Urgency,14194.3,168,427441,4,1,5,0.001
7620178813242101006,jesswalfoster,2026-03-22,Does anybody notice the actual difference here? This one,Question,13147.3,153,297304,434,20,454,0.153
7601938779166788894,kels.oconnor,2026-02-01,Who was gonna tell me that we don't have,Question,11723.5,140,674864,1228,52,1280,0.19
7588796944168832270,s0lana,2025-12-28,I'm gonna hold your hand when I say this.,Curiosity / Open Loop,9986.51,106,344741,1826,68,1894,0.549
7644301369561664798,monica_leanne,2026-05-26,Have you seen how well I use an auto,Question,8966.47,84,223803,234,9,243,0.109
7593683762039377207,moefindsdeals,2026-01-10,Here's how to get this on a triple discount.,Offer / Deal / Urgency,8125.48,94,162815,126,4,130,0.08
7607003081368194318,amitshreemalartstudio,2026-02-15,This will get the job done in 30 seconds.,Bold Claim / Benefit,8066.09,87,697509,652,35,687,0.098
7588800585839676727,momofgirlsandgoals,2025-12-28,"Okay, this isn't just an auto U-shaped toothbrush. This",Bold Claim / Benefit,6905.22,74,168968,104,5,109,0.065
7590029760588303647,notbrannt,2025-12-31,Skies falling and it's a sign And I've never,Other / No Clear Hook,6196.69,65,346727,328,3,331,0.095
7620653890370882829,larrylambert347,2026-03-24,30 seconds with this And she's done ! Click,Demo / Product Intro,5844.04,63,1295241,3380,146,3526,0.272
7615857577154399502,jetskcqzy7m,2026-03-11,Today is the last day of the biggest sale,Offer / Deal / Urgency,5559.8,67,135974,32,2,34,0.025
7593790369280691469,sunnyjayrays,2026-01-10,If you haven't had days where getting up and,Problem / Pain Point,5170.83,59,686393,513,54,567,0.083
7618784873708408077,deweyapproved,2026-03-19,"58,000 bristles. I ditched my electric toothbrush for the",Bold Claim / Benefit,4946.93,55,56763,65,5,70,0.123
7647656804003876109,lilyy_turcotte,2026-06-04,auto brush is SO fire. full mouth toothbrush. whitening,Bold Claim / Benefit,4519.46,49,200322,200,2,202,0.101
7614310325608779038,monica_leanne,2026-03-07,Do you know how many kids I have come,Question,4272.91,48,247289,861,10,871,0.352
7653267050567044366,julias_cozyhome,2026-06-20,Is it a fight to clean your kids teeth,Question,3954.34,46,180138,200,20,220,0.122
7506599644378582314,romebaby,2025-05-20,,No Transcript,3552.77,40,109140,1073,28,1101,1.009
7608025979134446878,lightscamerayorks,2026-02-18,"This is a legit car wash for your teeth,",Bold Claim / Benefit,3426.18,40,151538,12,3,15,0.01
7601654973239168270,cassieaverytts,2026-01-31,"These might be $100, but would you rather spend",Question,3197.06,35,1098405,15849,141,15990,1.456
7581149448588299534,arynf7,2025-12-07,"One, two, three, four! It's not you. It's the",Problem / Pain Point,3071.09,33,88059,75,3,78,0.089
7597664197555670327,damnitsdedric,2026-01-21,Not brushing your teeth for two or three days,Problem / Pain Point,2948.83,32,132379,290,5,295,0.223
7499480212359367966,jeremylancetx,2025-05-01,This is got to be one of the coolest,Bold Claim / Benefit,2772.8,32,51294,176,8,184,0.359
7579363721068219679,chloes_cart,2025-12-02,,No Transcript,2560.63,28,101673,251,6,257,0.253
7600831256904895757,damnitsdedric,2026-01-29,Let this be a cautionary tale if you're thinking,Shock / Warning / Pattern Interrupt,2423.13,25,37909,98,4,102,0.269
7656278994806934798,sarahbelleworkingmomof3,2026-06-28,,No Transcript,2407.07,27,152082,130,6,136,0.089
7618857954929806623,hidden_gems44,2026-03-19,FYI: The full mouth toothbrush is triple discounted rn,Offer / Deal / Urgency,2392.33,27,100843,8,1,9,0.009
7579421195175496990,chloes_cart,2025-12-03,,No Transcript,2350.83,26,59649,205,11,216,0.362
7580611066628017422,robe_finds,2025-12-06,"After eating some cheesets, then eating some candy, then",Personal Story / POV,2298.55,25,541937,1857,95,1952,0.36
7643647736914414861,mrs.sammarie,2026-05-25,I am no longer forcing my child to brush,Social Proof / Testimonial,2276.0,27,58724,176,5,181,0.308
7480974836030819626,townfamilyfinds,2025-03-12,,No Transcript,2192.55,25,48174,335,41,376,0.781
7457691787881221419,arynf7,2025-01-08,this is how we're brushing our teeth in 2025,Demo / Product Intro,2159.31,20,76937,503,112,615,0.799
7667233044008357133,family.royal.us,2026-07-27,Now I'm finally sure every little tooth is clean,Social Proof / Testimonial,2102.52,25,109933,210,10,220,0.2
7652785127398870285,flytywalt,2026-06-18,"This DOES NOT work. This DOES NOT work. Yeah,",Shock / Warning / Pattern Interrupt,2071.4,24,305971,1449,18,1467,0.479
7594175532271488270,protipvault,2026-01-11,,No Transcript,2058.43,22,86948,124,4,128,0.147
7471093171359976747,mother_duckers,2025-02-14,This is the auto brush. It's brushing all her,Demo / Product Intro,1903.5,28,2558347,89752,518,90270,3.528
7480176449899482398,makeupfresh,2025-03-10,,No Transcript,1840.4,21,113705,256,19,275,0.242
7627826026294283533,thenutrideals,2026-04-12,,No Transcript,1717.27,22,33236,1,0,1,0.003
7592776933297933599,realkalimuscle,2026-01-08,It's brilliant too. Brush features a U-shape design with,Bold Claim / Benefit,1614.69,17,140565,355,9,364,0.259
7623041024612371743,demaryfinds,2026-03-30,,No Transcript,1554.42,18,40777,1,0,1,0.002
7625401451501702431,ashley.hudson66,2026-04-05,,No Transcript,1438.27,18,21364,1,0,1,0.005
7600945707419192590,cassieaverytts,2026-01-30,"You gotta keep it in for 30 seconds, okay?",Demo / Product Intro,1430.06,18,303207,6152,16,6168,2.034
7616231055472872717,phamsfinds,2026-03-12,And I'm gonna throw this money. Why you doing,Personal Story / POV,1345.22,14,38615,34,0,34,0.088
7606596322489077006,dogdaddylando,2026-02-14,What did you spend money on this time? My,Question,1341.66,14,20728,94,1,95,0.458
7577125244540931383,kayycookie6,2025-11-26,,No Transcript,1299.53,15,10376,19,2,21,0.202
7594595070003678478,chelseaonthedailyy,2026-01-12,"Alright everyone, let's get quiet y'all. Open up. Y'all",Direct Audience Call-Out,1292.71,15,191836,711,32,743,0.387
7638313168984460574,that_slowwrx,2026-05-10,She will get the job done,Bold Claim / Benefit,1282.67,15,482816,2106,87,2193,0.454
7620926945747897613,phamsfinds,2026-03-24,,No Transcript,1180.7,24,60370,2,1,3,0.005
7476238059588128031,aaronmademebuyit,2025-02-27,"But like, do you see how it's got bristles",Demo / Product Intro,1162.65,19,56765,218,17,235,0.414
7605769695622352142,mrsnykeebaby,2026-02-12,You know those people who think brushing their teeth,Curiosity / Open Loop,1136.52,12,80505,579,12,591,0.734
7618006637734792462,juicydealss,2026-03-16,If u waited until Today u absolutely won because,Offer / Deal / Urgency,1128.55,12,29912,11,0,11,0.037
7650920001611844894,colelectibles,2026-06-13,They say it only takes 30 seconds and she,Curiosity / Open Loop,1073.97,12,104923,239,6,245,0.234
7598604895389846798,damnitsdedric,2026-01-23,"I don't know who needs to hear this, but",Curiosity / Open Loop,1004.93,12,26528,51,3,54,0.204
7468463968395349291,mother_duckers,2025-02-07,,No Transcript,890.0,30,2306188,116373,396,116769,5.063
7626874467804810510,,2026-04-09,Here's how to get this on a triple discount.,Offer / Deal / Urgency,881.54,10,46818,41,3,44,0.094
7638733672576814367,maxesdailygems,2026-05-11,,No Transcript,861.86,11,23661,13,2,15,0.063
7597486444776590605,howgrowsit,2026-01-20,,No Transcript,793.1,7,17339,90,0,90,0.519
7498874229715209502,theunboxologist,2025-04-29,,No Transcript,792.0,8,9089,94,5,99,1.089
7462499075498265898,chelseaonthedailyy,2025-01-21,,No Transcript,788.56,10,29653,24,6,30,0.101
7597888191940529438,anjlipancake,2026-01-21,It made my gums bleed. I'll be trying out,Personal Story / POV,763.32,8,67701,253,27,280,0.414
7591895969109708062,mrsh0222,2026-01-05,"You want your teeth super clean, you want to",Direct Audience Call-Out,752.4,8,19123,29,2,31,0.162
7484283337763360046,brayleediary,2025-03-21,,No Transcript,750.44,9,42307,343,13,356,0.841
7618646064844901663,thatmidlifeglow,2026-03-18,So we just got Reese one of these auto,Personal Story / POV,748.44,8,74500,362,9,371,0.498
7578363303957744927,jen_jazzy2,2025-11-30,,No Transcript,741.19,9,18877,3744,5,3749,19.86
7615397275073809695,kels.oconnor,2026-03-09,"2 minutes at the sink is too long, LMFAO,",Problem / Pain Point,731.88,8,56217,132,3,135,0.24
7534697802270608653,all.too.sam,2025-08-04,,No Transcript,697.72,8,11752,41,1,42,0.357
7655750940628159775,colelectibles,2026-06-26,She finished in 30s!?! She only takes 30 seconds,Bold Claim / Benefit,694.33,8,27594,22,4,26,0.094
7596023537584966926,damnitsdedric,2026-01-16,Let this be your warning sign about getting any,Shock / Warning / Pattern Interrupt,692.17,7,27540,60,7,67,0.243
7617653928447986974,therealthoard93,2026-03-16,,No Transcript,690.09,9,12935,4,0,4,0.031
7618231709020065054,tophealthbuys,2026-03-18,,No Transcript,687.81,8,22298,2,0,2,0.009
7606772837289938206,officialcamm,2026-02-14,Their launch flopped so u can get their autobrush,Offer / Deal / Urgency,669.65,7,33588,21,2,23,0.068
7588168307598003470,naanadonkorarthur,2025-12-26,Hello. Brush your teeth less than 30 seconds. And,Demo / Product Intro,666.08,6,434234,19409,339,19748,4.548
7529427537450044702,1milmonths,2025-07-21,,No Transcript,661.62,7,11908,32,6,38,0.319
7616224959949589790,spongebobprodsz,2026-03-12,,No Transcript,658.42,7,4099,4,0,4,0.098
7620132033846725918,rachazzolini,2026-03-22,"HEAR THAT?! OH, MY GOD. LIKE, LITERALLY SQUEAKY CLEAN.",Shock / Warning / Pattern Interrupt,656.69,7,20339,49,0,49,0.241
7637403024129821982,maxesdailygems,2026-05-08,,No Transcript,649.83,8,33106,0,0,0,0.0
7457945983973002542,twentysomethingtrendyugc,2025-01-09,,No Transcript,648.9,9,13538,33,7,40,0.295
7598310473213283597,sarahashleyt,2026-01-22,,No Transcript,634.33,7,15609,18,1,19,0.122
7598516332069440782,tiffanypaigereviews,2026-01-23,"Alright, other side. It looks like soap. Yeah, but",Demo / Product Intro,629.77,7,249035,4647,39,4686,1.882
7681024991319624974,therealjnic_ole,2026-09-02,I can finally brush all 20 of my teeth.,Social Proof / Testimonial,621.87,11,13366,81,3,84,0.628
7630191326931225887,johnsshop24,2026-04-18,,No Transcript,605.62,9,35641,1,0,1,0.003
7658709143330508045,flytywalt,2026-07-04,"This is a SCAM Yeah, that doesn't work And",Shock / Warning / Pattern Interrupt,605.58,7,67352,49,1,50,0.074
7589335517397912846,kaitilyndecker,2025-12-29,"Call it lazy, call it whatever you want to,",Problem / Pain Point,591.88,9,19103,38,1,39,0.204
7637253434412076319,jannelle1982,2026-05-07,,No Transcript,587.7,8,12789,0,0,0,0.0
7669590542593871134,_bergamont,2026-08-03,9 out of 10 dentists are terrified of this,Shock / Warning / Pattern Interrupt,584.41,7,10322,63,12,75,0.727
7593075468773952798,thekristinekoehnking,2026-01-08,(No dialogue or discernible speech in the provided frames),Other / No Clear Hook,578.1,6,54557,262,25,287,0.526
7485000505513479467,kymbur66,2025-03-23,That's way too big. Okay. And bite down so,Other / No Clear Hook,565.45,8,1827169,18824,73,18897,1.034
7626832952881646878,chloes_cart,2026-04-09,,No Transcript,563.96,6,14247,15,0,15,0.105
7584198876660387127,all.too.sam,2025-12-15,Have you been brushing your teeth wrong all this,Question,550.44,6,14911,28,8,36,0.241
7665591467930307854,autobrush,2026-07-23,,No Transcript,530.4,6,7724,0,0,0,0.0
7626545143432170766,franklin_thebulldog,2026-04-09,,No Transcript,527.88,5,6690,9,2,11,0.164
7623595341450890509,,2026-04-01,,No Transcript,522.15,6,3621,6,0,6,0.166
7650209933065014541,flytywalt,2026-06-11,"This does NOT work Yeah, that doesn't work. And",Shock / Warning / Pattern Interrupt,514.31,6,32149,105,1,106,0.33
7633636900133342478,juicydealss,2026-04-28,TikTok bullied the price down and now the AutoBrush,Offer / Deal / Urgency,486.1,5,14925,25,8,33,0.221
7606787466497887518,johnsshop24,2026-02-14,This is the last day to grab it for,Offer / Deal / Urgency,485.1,5,4620,3,0,3,0.065
7641732716232281358,flytywalt,2026-05-19,,No Transcript,480.15,5,111979,378,18,396,0.354
7604414005045644575,schmeglysrevenge,2026-02-08,Concert Ukulele Solid wood Ukulele High-quality craftsmanship Smooth frets,Other / No Clear Hook,475.2,5,35892,40,2,42,0.117
7483275494016716075,song.lyrics_lipsync,2025-03-18,,No Transcript,461.07,20,21323,177,20,197,0.924
7603271283576507679,peterkim_1,2026-02-05,,No Transcript,449.44,5,12646,28,2,30,0.237
7633874543815298334,coralfindstt,2026-04-28,,No Transcript,447.26,5,19600,5,2,7,0.036
7602319314577902861,s0lana,2026-02-02,,No Transcript,443.32,5,5925,15,2,17,0.287
7624667224132898079,affiliatezshop.us,2026-04-03,,No Transcript,442.27,5,52275,27,1,28,0.054
7679146974171581726,shopwithleslie03,2026-08-28,Si tu hijo odia lavarse los dientes... mira esto,Direct Audience Call-Out,438.39,5,28156,91,15,106,0.376
7581978516435111182,kayycookie6,2025-12-09,This is the only toothbrush you're ever going to,Bold Claim / Benefit,438.0,5,16738,38,1,39,0.233
7656940760683531533,franklin_thebulldog,2026-06-29,"My sister is special needs, she has high-functioning autism",Personal Story / POV,437.65,5,5115,22,4,26,0.508
7474711424586108203,lydiaaulozzi_,2025-02-23,"I got a $90 toothbrush, but hear me out",Personal Story / POV,430.1,2,25424,54,0,54,0.212
7605403875180301598,jessreviewedit,2026-02-11,My sister just called me on FaceTime to show,Personal Story / POV,429.31,5,36865,148,1,149,0.404
7618796592245607693,besties_broadcast,2026-03-19,,No Transcript,420.85,5,8700,13,1,14,0.161
7631743588887530782,shanniesayz,2026-04-23,When a company is rebranding so the Autobrush Sonic,Offer / Deal / Urgency,412.2,5,20502,26,1,27,0.132
7625081102692142350,shopbyelizaa,2026-04-05,,No Transcript,396.0,4,30,1,0,1,3.333
7610922402196901133,maryalyssacarr,2026-02-26,,No Transcript,387.91,3,13111,29,0,29,0.221
7602765269119044895,kels.oconnor,2026-02-03,"Clearly this isn't for everyone, but here's a few",Curiosity / Open Loop,382.26,4,13245,38,5,43,0.325
7589086593386827022,houseofbrit,2025-12-29,Glamorizing everyday things because I'm absolutely sick and tired,Problem / Pain Point,381.93,4,6370,9,0,9,0.141
7596709456059108639,hunterfavela,2026-01-18,"[mouth sounds, chewing, crunching] [sound of wrapper opening] [crunching",Other / No Clear Hook,381.0,4,43052,95,3,98,0.228
7640464764128251167,chris_reviews_it,2026-05-16,The female autobrush. The male autobrush. And there's a,Demo / Product Intro,376.02,3,3494,2,0,2,0.057
7574680076093033783,robe_finds,2025-11-20,,No Transcript,371.25,4,29955,146,27,173,0.578
7612792522963832077,family.royal.us,2026-03-02,I don't like this brush. I don't like this,Shock / Warning / Pattern Interrupt,370.21,4,131513,1302,119,1421,1.081
7663876732839054605,flytywalt,2026-07-18,"This DOES NOT work. Yeah, that's a scam. And",Shock / Warning / Pattern Interrupt,368.48,4,12482,28,1,29,0.232
7634639788175396127,kell04091004,2026-04-30,,No Transcript,366.3,4,4263,15,8,23,0.54
7649880244131810573,tina.livinginher40s,2026-06-10,Your kids teeth deserve better. I'm sorry but your,Direct Audience Call-Out,365.75,4,1818,7,0,7,0.385
7651498496469650701,juicydealss,2026-06-15,I guess the hype died down bc the AutoBrush,Offer / Deal / Urgency,362.09,4,27003,54,6,60,0.222
7626135186702404894,bpsdailydeals,2026-04-07,Apparently if your TikTok account is old enough you,Offer / Deal / Urgency,361.3,4,1711,2,0,2,0.117
7623167818942500127,thatsjustkyler,2026-03-30,,No Transcript,357.34,4,6129,44,1,45,0.734
7632093247434673438,bmoneys.finds,2026-04-23,,No Transcript,356.38,5,7487,3,0,3,0.04
7585835070494084365,melodak53,2025-12-20,,No Transcript,355.77,0,7486,17,4,21,0.281
7625768480087756062,chloes_cart,2026-04-06,,No Transcript,354.84,4,26037,38,3,41,0.157
7625333513105001758,monica_leanne,2026-04-05,Your kids not brushing their teeth!! Conversations I have,Problem / Pain Point,354.31,4,58250,52,0,52,0.089
7598816383949983031,sarai3715,2026-01-24,,No Transcript,353.43,0,2521,1,0,1,0.04
7471627015456623914,mother_duckers,2025-02-15,"This is the Autobrush. If you know, you know.",Curiosity / Open Loop,351.55,7,4619013,151549,858,152407,3.3
7633231723907550494,juicydealss,2026-04-27,,No Transcript,351.04,4,11432,0,0,0,0.0
7506593644749589790,crystalkelli91,2025-05-20,,No Transcript,348.0,4,7393,99,8,107,1.447
7628342511441956110,mr_waylong,2026-04-13,,No Transcript,346.5,4,13831,33,0,33,0.239
7524382823197723959,leonelxandres,2025-07-07,¿Es esto? Esto te cepilla todos los dientes al,Question,346.0,4,19301,336,6,342,1.772
7580822560938495246,emanthei,2025-12-06,,No Transcript,339.22,4,12419,57,0,57,0.459
7622730354436181261,titanthelovable,2026-03-29,,No Transcript,335.25,4,5738,4,0,4,0.07
7592771806415588621,trendingontiktokshop,2026-01-07,"It's not that you're a bad parent, you're just",Problem / Pain Point,321.4,3,12385,26,0,26,0.21
7577841612118609165,bakedbruh10,2025-11-28,,No Transcript,319.32,4,2430,0,0,0,0.0
7574677909625916685,robe_finds,2025-11-20,,No Transcript,309.09,5,21160,50,3,53,0.25
7639143104766905631,jannelle1982,2026-05-12,,No Transcript,301.75,4,6159,3,0,3,0.049
7544154335941299486,emiliaestellahh,2025-08-29,,No Transcript,299.9,3,3074,18,1,19,0.618
7645869389476056333,fabdboutique,2026-05-31,Add a little vibration to your routine. 😉 Shop,Other / No Clear Hook,299.46,2,1861,18,1,19,1.021
7628686074277137695,officialcamm,2026-04-14,,No Transcript,297.99,4,41448,0,0,0,0.0
7588314505117994254,robe_finds,2025-12-26,This is the best tire brush I've ever used,Bold Claim / Benefit,297.0,3,6071,9,0,9,0.148
7610554621001583903,myfamilypov,2026-02-24,,No Transcript,297.0,3,7478,41,3,44,0.588
7612681678800178445,garrardfamily,2026-03-02,You have a kid who hates brushing their teeth,Problem / Pain Point,297.0,3,3759,22,0,22,0.585
7619253046828125471,hidden_gems44,2026-03-20,Sorry if you grabbed the u shaped toothbrush earlier...,Offer / Deal / Urgency,297.0,3,16997,14,0,14,0.082
7634317003934797070,theshoppingpaige,2026-04-29,,No Transcript,297.0,3,1772,8,0,8,0.451
7683209471690083615,monica_leanne,2026-09-08,I step on toes. Hang tight and find out.,Curiosity / Open Loop,297.0,3,1129,6,0,6,0.531
7602738815190453517,outdoornia,2026-02-03,"Believe it or not, my toddler actually loves brushing",Curiosity / Open Loop,291.0,3,4765,13,1,14,0.294
7479956992065375531,townfamilyfinds,2025-03-09,"Honey, I'm gonna be late for our date. What",Personal Story / POV,289.0,4,39248,756,44,800,2.038
7594639003664518413,dancewithmeladie,2026-01-13,"Well, we just discovered the auto brush and in",Personal Story / POV,287.1,3,3774,37,3,40,1.06
7598082528095915278,insidejourneys,2026-01-22,I got this because I struggle with hypermobility and,Personal Story / POV,287.1,3,6949,16,0,16,0.23
7591248340071894285,laceylbailey,2026-01-03,It's in the afternoon and this kid has already,Personal Story / POV,285.49,3,1924611,17510,1718,19228,0.999
7587293787320257806,kayycookie6,2025-12-24,This is the only toothbrush that you're ever gonna,Bold Claim / Benefit,285.12,3,4699,8,0,8,0.17
7589128433968368909,s0lana,2025-12-29,What's really disgusting is the way that you're fighting,Shock / Warning / Pattern Interrupt,285.12,3,6869,33,6,39,0.568
7577170876798356791,autobrush,2025-11-26,,No Transcript,278.38,3,0,0,0,0,0
7607249160185580831,amarieeeeetts,2026-02-16,,No Transcript,278.19,3,3225,13,1,14,0.434
7645023881530526989,steph7187,2026-05-28,,No Transcript,278.0,2,5545,6,0,6,0.108
7605472783618952479,kels.oconnor,2026-02-11,I love anything that makes my life easier. And,Social Proof / Testimonial,277.2,3,4130,9,0,9,0.218
7613879412777438477,rothubdeals,2026-03-05,Last chance you'll get to take advantage of this,Offer / Deal / Urgency,277.2,3,1471,2,0,2,0.136
7603374407226101006,shopalerts,2026-02-05,,No Transcript,277.17,3,14712,6,0,6,0.041
7588286442489597214,tifftiffmcgriffgriff,2025-12-26,It's 2026 for now living in the future. We,Bold Claim / Benefit,277.08,3,3589,10,0,10,0.279
7582307925226491149,jjrose138,2025-12-10,"Like others, I was really skeptical about this little",Personal Story / POV,273.24,3,8301,9,0,9,0.108
7611995265918045454,jessandmialife,2026-02-28,ADA Approved!! DID YOU KNOW IS THE ONLY APPROVED,Bold Claim / Benefit,273.21,3,14260,40,0,40,0.281
7617662181609311518,therealthoard93,2026-03-16,,No Transcript,273.15,3,1406,2,0,2,0.142
7613850719573003550,britney_henderson_,2026-03-05,,No Transcript,270.44,3,5143,18,2,20,0.389
7593796154740051230,kymieann1,2026-01-10,30 seconds is all you have to do is,Bold Claim / Benefit,270.27,3,14528,141,1,142,0.977
7599097385930853646,damnitsdedric,2026-01-25,,No Transcript,268.71,3,6159,9,0,9,0.146
7623098658988248334,joesdeals4u,2026-03-30,,No Transcript,268.02,3,7367,17,2,19,0.258
7473167584465095982,mother_duckers,2025-02-19,,No Transcript,268.0,3,23775,45,4,49,0.206
7688394269668674829,miranda_2566,2026-09-22,You don't need to waste two minutes morning and,Problem / Pain Point,267.52,3,2474,5,0,5,0.202
7617239119969799438,deweyapproved,2026-03-14,What? I feel like this is definitely something you're,Question,267.3,3,29455,20,0,20,0.068
7600814152650689822,britney_henderson_,2026-01-29,,No Transcript,266.77,3,4636,6,2,8,0.173
7611588095594482958,kellieannmycozylife,2026-02-27,"My grandchild is young, and she is at that",Personal Story / POV,265.96,3,4352,19,5,24,0.551
7648733615643249933,thekerijohnsonn,2026-06-07,waterproof automatic toothbrush,Demo / Product Intro,264.33,3,6677,25,1,26,0.389
7669957860155051278,ohsheilafaye,2026-08-03,The dentist has been so impressed every since we,Social Proof / Testimonial,262.84,3,1573,6,0,6,0.381
7604909673120042270,yvonne.balderas,2026-02-09,,No Transcript,262.58,2,5133,54,4,58,1.13
7578950221887966519,kayycookie6,2025-12-01,,No Transcript,262.0,3,9681,7,1,8,0.083
7654626726231723278,flytywalt,2026-06-23,"This DOES NOT work This DOES NOT work Yeah,",Shock / Warning / Pattern Interrupt,257.2,3,35846,110,2,112,0.312
7594122870247132471,life.with.little.ones,2026-01-11,Better brushing is not just for kids they make,Bold Claim / Benefit,254.19,2,9631,29,2,31,0.322
7672189271985442078,biohacking.babe,2026-08-10,He actually told me to stop kissing my baby.,Curiosity / Open Loop,251.96,3,9714,91,0,91,0.937
7613438228078644511,family.royal.us,2026-03-04,Every morning... the same fight over the magic toothbrush,Problem / Pain Point,250.47,3,3995,85,5,90,2.253
7577967534591249694,hezi1212,2025-11-29,,No Transcript,247.04,4,13308,38,1,39,0.293
7670960581142203662,lex800342,2026-08-06,A hygiene routine your kids will ACTUALLY enjoy. At,Bold Claim / Benefit,246.39,3,916,12,0,12,1.31
7597461011012029727,mindsethacked,2026-01-20,,No Transcript,242.2,2,5079,0,0,0,0.0
7671340755666996510,aleesha.thomas,2026-08-07,no more fights with my kids in the mornings,Problem / Pain Point,236.97,3,18119,16,0,16,0.088
7623517944537976077,bestestshopfinds,2026-03-31,,No Transcript,236.18,3,7127,8,0,8,0.112
7637944392698858782,sharelovewithus,2026-05-09,,No Transcript,234.98,2,8861,25,0,25,0.282
7617976081496198431,the.real.hp,2026-03-16,,No Transcript,232.73,3,3221,1,0,1,0.031
7653106572104633631,mckenna.momof3,2026-06-19,This is the only U-shaped toothbrush except by the,Bold Claim / Benefit,231.31,3,4315,7,0,7,0.162
7657077830412455198,regularmomhere,2026-06-30,autobrush KIDS autobrush KIDS Never seen the price this,Offer / Deal / Urgency,228.3,3,3701,6,0,6,0.162
7647307856093416718,dealqueenz10,2026-06-03,,No Transcript,227.03,3,15692,1,0,1,0.006
7598039586245250318,maryalyssacarr,2026-01-22,No more nighttime meltdowns. Best thing that's ever happened,Problem / Pain Point,226.12,2,135397,487,104,591,0.436
7575790355698699550,eunicewilsonduh,2025-11-23,,No Transcript,219.9,3,1224,12,0,12,0.98
7615337406253845774,alexffinds,2026-03-09,,No Transcript,213.2,3,2740,3,0,3,0.109
7583416333476384055,jessicasttshopdeals,2025-12-13,If you've been trying to save money but still,Direct Audience Call-Out,207.95,3,8806,12,0,12,0.136
7602828520548584718,honestamandafinds,2026-02-04,Let me introduce you to a 30-second all-mouth clean,Demo / Product Intro,207.0,2,15823,6,0,6,0.038
7566028949189397815,nancy_cruises,2025-10-27,,No Transcript,199.95,3,3939,74,3,77,1.955
7591610744760847630,kyrasaige,2026-01-04,If you've never had a moment in your life,Direct Audience Call-Out,198.0,2,4901,16,4,20,0.408
7592817478330273054,_jenifer___,2026-01-08,Here's how we're starting. We're trying to do better,Demo / Product Intro,198.0,2,19037,80,7,87,0.457
7594985578261728525,arsy_vartanian,2026-01-14,If you have a little one that just will,Direct Audience Call-Out,198.0,2,2909,36,5,41,1.409
7599021376330075422,kels.oconnor,2026-01-24,Ooh. Supposedly this toothbrush is gonna clean my teeth,Demo / Product Intro,198.0,2,6161,18,1,19,0.308
7607482346954034462,zachmethod,2026-02-16,"Oh yeah, I'm never brushing my teeth again. This",Personal Story / POV,198.0,2,5603,2,0,2,0.036
7610820912954248462,fairfaxandco,2026-02-25,It's like it hugs every single one of your,Bold Claim / Benefit,198.0,2,7986,10,0,10,0.125
7619000238757514527,hidden_gems44,2026-03-19,,No Transcript,198.0,2,1226,2,0,2,0.163
7626130345640889613,d.deals.dude,2026-04-07,If you waited until today you absolutely won because,Offer / Deal / Urgency,198.0,2,1470,2,0,2,0.136
7628710599765151006,thatsjustkyler,2026-04-14,,No Transcript,198.0,2,7975,24,4,28,0.351
7643926023989431566,busy__bre,2026-05-25,,No Transcript,198.0,2,1404,10,3,13,0.926
7671102779301170463,glendab82,2026-08-07,autobrush,Other / No Clear Hook,198.0,2,1133,5,2,7,0.618
7678155402940370206,monica_leanne,2026-08-26,"You've seen how well I use an auto brush,",Demo / Product Intro,198.0,2,1994,13,1,14,0.702
7603039754522873118,papifindss,2026-02-04,Sky fell a star that's a lie in it,Other / No Clear Hook,197.04,2,3145,1,0,1,0.032
7598978239633132814,shopalerts,2026-01-24,Massive discount today on the AutoBrush Sonic Pro if,Offer / Deal / Urgency,193.05,2,15571,0,0,0,0.0
7591953215944477966,kuypernailart,2026-01-05,This is a toothbrush. I've been using it every,Personal Story / POV,193.0,2,7648,47,1,48,0.628
7477270990330809642,christianna.i.l,2025-03-02,,No Transcript,192.75,11,26195,0,0,0,0.0
7666299160177446158,tydyess7,2026-07-25,Check out this new autobrush I got. This is,Demo / Product Intro,190.08,2,916,2,0,2,0.218
7587078601196014903,heyitskelsey_tts,2025-12-23,AutoBrush has several different light settings. over a hundred,Demo / Product Intro,188.1,2,12970,15,1,16,0.123
7595300848272477454,chelseaonthedailyy,2026-01-14,"(No spoken dialogue, only music and ambient sounds)",Other / No Clear Hook,188.1,2,4402,18,1,19,0.432
7603389212641021215,branntski,2026-02-05,You know how we do it West Side You,Other / No Clear Hook,188.1,2,4511,2,0,2,0.044
7603830348539022622,jerryfindss,2026-02-06,This is your sign to buy this mini projector.,Direct Audience Call-Out,188.1,2,5277,2,0,2,0.038
7605024190177004831,david.diy88,2026-02-10,,No Transcript,188.1,2,1662,0,0,0,0.0
7616525821485780255,videoshak,2026-03-13,"Yes, it's a deep cleaning toothbrush. And it was",Demo / Product Intro,188.1,2,4670,12,2,14,0.3
7646604236364565790,rachazzolini,2026-06-02,,No Transcript,188.1,2,6413,67,0,67,1.045
7585321680868756749,qualitydealsss,2025-12-18,Condolences to those who bought the Autobrush Sonic Pro,Offer / Deal / Urgency,188.0,2,1381,1,0,1,0.072
7660591378920901918,shantelllmedrano,2026-07-09,Waterproof automatic toothbrush. Let me introduce you to a,Demo / Product Intro,187.35,2,3404,15,0,15,0.441
7677368304993848590,np.c404,2026-08-23,Automatic toothbrush for this cheap is crazy,Offer / Deal / Urgency,187.11,2,9313,11,1,12,0.129
7626537259411492109,ashley_hinton,2026-04-08,,No Transcript,186.73,3,33572,56,6,62,0.185
7596736542991764766,bouncybenny,2026-01-18,"Thanks the UTM game. From now on, all troubles",Other / No Clear Hook,186.12,2,4194,6,0,6,0.143
7597085182214081822,hunterfavela,2026-01-19,This unboxing is so satisfying to watch. The texture,Demo / Product Intro,186.12,2,23103,40,7,47,0.203
7661187161735171341,ifartsparkleyglitter,2026-07-11,Lazy girl must have. This is the perfect toothbrush,Direct Audience Call-Out,184.93,2,5382,51,1,52,0.966
7531391073373981982,joyfilledbybrittany,2025-07-26,,No Transcript,184.2,2,1913,37,10,47,2.457
7620188884097355039,monica_leanne,2026-03-22,,No Transcript,184.15,2,19850,19,2,21,0.106
7589472295060573454,houseofbrit,2025-12-30,"If you need me, I'll be here brushing my",Personal Story / POV,183.89,2,8977,12,0,12,0.134
7624748595215879438,drachnik,2026-04-04,,No Transcript,183.21,2,8106,82,1,83,1.024
7629912256163237150,thatsjustkyler,2026-04-18,,No Transcript,183.15,2,14498,15,0,15,0.103
7610898407258950925,rcandtechdude,2026-02-25,,No Transcript,183.0,2,1237,1,0,1,0.081
7631040816017886477,sahm.sober.lifestyle,2026-04-21,,No Transcript,183.0,2,1400,16,6,22,1.571
7576832619011149086,jessicasttshopdeals,2025-11-25,,No Transcript,181.74,3,1417,2,0,2,0.141
7597144678827380023,howgrowsit,2026-01-19,,No Transcript,179.0,1,10382,70,3,73,0.703
7632876782412254495,allynsdeals,2026-04-26,,No Transcript,178.68,2,1771,3,0,3,0.169
7635098567656492319,dealvoyager,2026-05-02,,No Transcript,178.32,2,594,0,0,0,0.0
7598609689248615694,kelceywilson,2026-01-23,What? I'm brushing again. Why? Because it feels nice.,Question,178.2,2,2825,15,0,15,0.531
7625400990753213710,amberfindstt,2026-04-05,,No Transcript,178.2,2,994,1,0,1,0.101
7480569217213795627,townfamilyfinds,2025-03-11,So that's the amazing thing about this toothbrush right,Bold Claim / Benefit,178.0,1,5907,7,0,7,0.119
7529611127655877919,sierraxeastonxkids,2025-07-21,Do you need help? No. I don't need help.,Question,178.0,2,136987,8773,99,8872,6.477
7581527133835644173,kayycookie6,2025-12-08,,No Transcript,177.5,2,1778,5,0,5,0.281
7589799567860747533,s0lana,2025-12-30,Over half the population has ginger virus and they,Curiosity / Open Loop,174.24,2,6498,46,0,46,0.708
7597573140922830093,curated.finds.by.morgan,2026-01-20,Inventing my kids to brush their teeth is literally,Problem / Pain Point,174.24,2,3324,16,2,18,0.542
7660160429355732237,csiwakori,2026-07-08,Brushing just got way more fun! The Autobrush Sonic,Bold Claim / Benefit,174.24,2,1643,90,78,168,10.225
7662773247280188686,siacreatesit,2026-07-15,30 seconds to clean and whiten your teeth? yes,Question,174.24,2,2398,5,2,7,0.292
7633159936427478285,,2026-04-26,,No Transcript,173.39,2,11720,19,0,19,0.162
7648673607731776781,taylor__ross,2026-06-07,,No Transcript,173.25,2,1905,6,3,9,0.472
7579363164291075359,chloes_cart,2025-12-02,,No Transcript,173.0,2,15648,22,0,22,0.141
7582789522304322829,brittroseknows,2025-12-12,,No Transcript,172.15,9,4392,17,3,20,0.455
7618278310904220958,kingofscents610,2026-03-17,"Ah man, I'm late. Oh man, I forgot to",Personal Story / POV,171.29,2,9388,32,4,36,0.383
7630987233708838174,shutupandpuppet,2026-04-20,,No Transcript,171.28,2,12087,8,0,8,0.066
7472730887612828970,mother_duckers,2025-02-18,,No Transcript,170.0,2,6490,4,0,4,0.062
7610852143255391519,loriyoung814,2026-02-25,,No Transcript,169.42,2,1949,3,0,3,0.154
7671853468960820494,jonaca85,2026-08-09,"As a mom, this is a huge win. See",Social Proof / Testimonial,169.29,2,7276,14,2,16,0.22
7591665667766553869,deals.stop,2026-01-05,So I just picked up this new toothbrush that,Personal Story / POV,167.51,2,10309,8,0,8,0.078
7628641223875644702,musthavecollective,2026-04-14,,No Transcript,166.84,2,760,0,0,0,0.0
7611352966901009695,bakedfindstoday,2026-02-27,,No Transcript,166.2,2,1763,0,0,0,0.0
7577930372214721847,arynf7,2025-11-29,,No Transcript,163.25,2,2666,6,2,8,0.3
7476154013763800350,aaronmademebuyit,2025-02-27,"Yes, they do have a U-shaped toothbrush for kids",Demo / Product Intro,162.0,2,50933,1580,12,1592,3.126
7657236801089768735,lisam_lifestyle,2026-06-30,Toddler parents THIS is for you If petting your,Direct Audience Call-Out,160.79,2,6808,13,1,14,0.206
7654077498287836446,crystalbrownshop,2026-06-22,On Flash Sale Free Shipping Are you struggling to,Offer / Deal / Urgency,159.19,2,1811,4,2,6,0.331
7639767320855989517,akwi.hildagroup7texas,2026-05-14,,No Transcript,159.0,1,174,4,0,4,2.299
7631318446222920974,wisenewdeals,2026-04-21,,No Transcript,158.68,2,655,1,0,1,0.153
7666703614538304781,autobrush,2026-07-26,,No Transcript,158.4,2,457,0,0,0,0.0
7679164519360302350,lilithmasters,2026-08-28,,No Transcript,158.0,2,911,0,0,0,0.0
7582970418819042590,victoriab_shop,2025-12-12,right now there's a holiday sale going on for,Offer / Deal / Urgency,157.58,2,2496,10,2,12,0.481
7633218683011091726,cassieaverytts,2026-04-26,,No Transcript,157.24,2,5488,33,2,35,0.638
7633145346239122702,amandasmith8711,2026-04-26,,No Transcript,154.98,2,6505,17,2,19,0.292
7676103296687426846,shay..momof3.tiktokshop,2026-08-20,Who has a kid that gets a lot of,Question,153.26,2,1178,2,0,2,0.17
7652450625984138527,notjulessss,2026-06-17,,No Transcript,151.15,2,5281,13,0,13,0.246
7647278666887580958,juicydealss,2026-06-03,,No Transcript,148.5,2,13068,7,0,7,0.054
7627608679319227661,franklin_thebulldog,2026-04-11,,No Transcript,147.19,1,7350,16,0,16,0.218
7649486874452544798,van_carvalhoo,2026-06-09,,No Transcript,146.77,2,140,11,7,18,12.857
7676281154990869774,joeycable2,2026-08-21,,No Transcript,145.19,2,1454,1,0,1,0.069
7654028608524094733,joyintheordinary,2026-06-22,,No Transcript,142.22,2,1584,3,0,3,0.189
7649487928099441934,dara_sahm,2026-06-09,,No Transcript,140.7,2,618,13,5,18,2.913
7653567130805308686,must.haves04,2026-06-20,FUN TOOTHBRUSH STOP FIGHTING YOUR KIDS TO BRUSH THEIR,Problem / Pain Point,139.5,2,30635,17,1,18,0.059
7642557563682311454,thebrittanyreese,2026-05-22,POV: Your morning & bedtime routine just got easier!,Personal Story / POV,138.44,2,1672,11,0,11,0.658
7656909333652901133,drprtiktokshopreview,2026-06-29,We like to match and brush. What's better than,Personal Story / POV,133.2,2,3773,11,0,11,0.292
7564834064201420062,b2theritt2,2025-10-24,,No Transcript,130.5,1,623,3,0,3,0.482
7690797740397317406,suite.petite,2026-09-29,30 seconds instead of 120. if it's wet and,Bold Claim / Benefit,129.69,2,3319,14,0,14,0.422
7691134668661361950,chelsearhane,2026-09-30,I'm starting to realize that the way we've been,Personal Story / POV,129.69,2,1631,4,1,5,0.307
7538428893456551198,theadhdhustle,2025-08-14,,No Transcript,127.0,1,1781,6,1,7,0.393
7679529081024679198,stephaniev23,2026-08-29,POV: You found a toothbrush your kid actually WANTS,Personal Story / POV,126.96,2,1398,6,0,6,0.429
7631211097822973197,neurodivergentwriter,2026-04-21,,No Transcript,121.29,1,3993,18,2,20,0.501
7601557448360561951,chloes_cart,2026-01-31,,No Transcript,120.43,2,8300,67,3,70,0.843
7625664457682865421,amy.marie5432,2026-04-06,,No Transcript,119.78,1,198,9,3,12,6.061
7539710288321400095,chelseynaak,2025-08-17,,No Transcript,114.0,1,2776,12,0,12,0.432
7653875719650462989,sarahbelleworkingmomof3,2026-06-21,Did we just time travel because these prices are,Offer / Deal / Urgency,113.6,2,6789,14,1,15,0.221
7654908064847482142,mombrainboutique,2026-06-24,"making brushing easier, faster, & less stressful for parents.",Bold Claim / Benefit,112.42,2,2347,10,0,10,0.426
7691163172614556959,drtt.lifestyle,2026-09-30,THE LITTLE LUXURY I WILL NEVER REGRET! One of,Social Proof / Testimonial,106.58,3,2707,18,0,18,0.665
7596898365875473678,skittles_sahm,2026-01-19,"IF YOU STRUGGLE toddler's teeth, If you struggle to",Direct Audience Call-Out,104.95,1,2936,14,0,14,0.477
7613881958728273183,loriyoung814,2026-03-05,,No Transcript,104.95,1,1006,3,0,3,0.298
7642797413563993358,flytywalt,2026-05-22,,No Transcript,104.25,1,125600,32,0,32,0.025
7619133775229898014,kaysplaydays,2026-03-20,,No Transcript,103.0,1,986,8,0,8,0.811
7653898919730007327,autobrush,2026-06-24,stop using your toothbrush like this instead use it,Shock / Warning / Pattern Interrupt,101.64,2,42840,55,3,58,0.135
7571485250325368077,townfamilyfinds,2025-11-11,So the amazing thing about this auto brush toothbrush,Bold Claim / Benefit,100.32,1,691,3,0,3,0.434
7691432474437537054,getthesedeals,2026-09-30,Put this in your mouth and it brushes your,Demo / Product Intro,99.01,2,5639,6,0,6,0.106
7482536369818963246,sogladhelovesme,2025-03-16,You might be wondering what's going on right now.,Curiosity / Open Loop,99.0,2,7605,223,9,232,3.051
7534047624580566302,b2theritt2,2025-08-02,,No Transcript,99.0,1,4501,31,2,33,0.733
7585225602211335437,sammylou1029,2025-12-18,,No Transcript,99.0,1,31526,601,27,628,1.992
7588578867690982670,honeybeemomma2010,2025-12-27,,No Transcript,99.0,1,1371,12,12,24,1.751
7590977921007865118,sahm34ndunder,2026-01-03,,No Transcript,99.0,1,59,13,2,15,25.424
7592062704559344926,mendylynn,2026-01-06,,No Transcript,99.0,1,1500,10,9,19,1.267
7592067733764705566,mendylynn,2026-01-06,,No Transcript,99.0,1,47743,92,11,103,0.216
7592360772861218103,loreidysguzman,2026-01-07,,No Transcript,99.0,1,923,5,2,7,0.758
7592366612435569933,mommaaerin,2026-01-07,,No Transcript,99.0,1,8710,11,1,12,0.138
7593396522427960590,petit_chaud21,2026-01-09,,No Transcript,99.0,1,73708,452,16,468,0.635
7593477835491216654,sweetsopples_charm,2026-01-09,I'm so done! All of my old toothbrushes are,Social Proof / Testimonial,99.0,1,4985,8,2,10,0.201
7593553247596547341,kvitctoria,2026-01-10,,No Transcript,99.0,1,2868,0,0,0,0.0
7593776758940290359,life.with.little.ones,2026-01-10,,No Transcript,99.0,1,8082,75,9,84,1.039
7596529721614142775,maracuchaoficial,2026-01-18,,No Transcript,99.0,1,61769,660,8,668,1.081
7598674602721578271,lockedinlegends,2026-01-23,,No Transcript,99.0,1,1935,0,0,0,0.0
7599048704716229919,dealsbybrent,2026-01-24,,No Transcript,99.0,1,3195,11,0,11,0.344
7601288785262873870,damnitsdedric,2026-01-30,,No Transcript,99.0,1,399,2,0,2,0.501
7602418817469287693,nred_23,2026-02-02,,No Transcript,99.0,1,1966,3,0,3,0.153
7602787621944691999,peterkim_1,2026-02-03,,No Transcript,99.0,1,3902,14,1,15,0.384
7603211418434833695,kaylamarie828,2026-02-05,,No Transcript,99.0,1,1535,5,0,5,0.326
7604292789362330911,papifindss,2026-02-08,,No Transcript,99.0,1,3729,5,0,5,0.134
7604913748322635021,cryptxcos,2026-02-09,,No Transcript,99.0,1,3139,16,2,18,0.573
7605023453086764319,david.diy88,2026-02-10,,No Transcript,99.0,1,2999,0,0,0,0.0
7605193021990128926,ckinder3,2026-02-10,,No Transcript,99.0,1,1303,2,0,2,0.153
7605347477503429901,thebenderfam24,2026-02-10,,No Transcript,99.0,1,2252,13,0,13,0.577
7605458683677527326,macrosandmovement,2026-02-11,,No Transcript,99.0,1,8881,0,1,1,0.011
7606162819364506910,householdofotis,2026-02-13,,No Transcript,99.0,1,1064,1,0,1,0.094
7606757186160643342,sixxsavings,2026-02-14,,No Transcript,99.0,1,1302,3,0,3,0.23
7607512169495711006,mads.topfinds,2026-02-16,,No Transcript,99.0,1,1001,1,0,1,0.1
7607674471234702605,lucysalinas3916,2026-02-17,,No Transcript,99.0,1,820,7,0,7,0.854
7608575425647742238,brewingbalances,2026-02-19,,No Transcript,99.0,1,1608,4,0,4,0.249
7609009541660904718,honestlyblonde,2026-02-20,If you've ever wrangled a feral toddler while simultaneously,Direct Audience Call-Out,99.0,1,1492,29,2,31,2.078
7611258954097691918,deniellemeagan,2026-02-26,,No Transcript,99.0,1,998,4,0,4,0.401
7613507649413369119,kaystratt,2026-03-04,,No Transcript,99.0,1,61750,218,7,225,0.364
7614142372296789279,nikkibrooksftw,2026-03-06,,No Transcript,99.0,1,2988,16,3,19,0.636
7614372393678638366,schmeglysrevenge,2026-03-07,,No Transcript,99.0,1,7092,2,0,2,0.028
7614978063616494878,peach.sleep,2026-03-08,,No Transcript,99.0,1,2078,10,0,10,0.481
7615317976123755807,thatmidlifeglow,2026-03-09,,No Transcript,99.0,1,1885,13,0,13,0.69
7615378027773562143,kikiblev,2026-03-09,,No Transcript,99.0,1,1459,8,4,12,0.822
7615429924693806350,joyintheordinary,2026-03-10,,No Transcript,99.0,1,3755,13,1,14,0.373
7616779454186130702,jesswalfoster,2026-03-13,,No Transcript,99.0,1,945,5,0,5,0.529
7617483438148422925,povshopdeals,2026-03-15,,No Transcript,99.0,1,1483,1,0,1,0.067
7617995334349753630,the.real.hp,2026-03-16,,No Transcript,99.0,1,2860,1,0,1,0.035
7618041798782389517,phamsfinds,2026-03-17,,No Transcript,99.0,1,1233,0,0,0,0.0
7618422508928224526,lorii_niicole,2026-03-18,,No Transcript,99.0,1,8686,12,1,13,0.15
7618432215852027149,drachnik,2026-03-18,,No Transcript,99.0,1,14158,334,2,336,2.373
7619038887876283678,icyyrolex,2026-03-19,,No Transcript,99.0,1,2422,4,0,4,0.165
7619097782938373406,david.diy88,2026-03-19,If u waited until today u absolutely won because,Offer / Deal / Urgency,99.0,1,2241,3,0,3,0.134
7619563769236081934,stepiettstips,2026-03-21,,No Transcript,99.0,0,2742,17,1,18,0.656
7619678189454970142,,2026-03-21,,No Transcript,99.0,1,1123,0,0,0,0.0
7620243060143803662,lucymoon17,2026-03-23,,No Transcript,99.0,1,1518,0,0,0,0.0
7620506671063895326,tuxydoh,2026-03-23,,No Transcript,99.0,1,1729,4,0,4,0.231
7621236149947845902,charliapproved86,2026-03-30,,No Transcript,99.0,1,1026,3,1,4,0.39
7621370720467176717,oscoelio,2026-03-26,,No Transcript,99.0,1,1678,3,0,3,0.179
7621370825869888782,oscoelio,2026-03-26,,No Transcript,99.0,1,1765,1,0,1,0.057
7622686825030733070,siacreatesit,2026-03-29,,No Transcript,99.0,1,1210,17,1,18,1.488
7623491904537218318,insanediscounts,2026-03-31,,No Transcript,99.0,1,657,0,0,0,0.0
7624280446771219726,franklin_thebulldog,2026-04-02,,No Transcript,99.0,1,2096,5,0,5,0.239
7626184473964498207,rakedfinds,2026-04-08,,No Transcript,99.0,1,148,0,0,0,0.0
7626540741300325645,franklin_thebulldog,2026-04-08,Special needs Families! calling all special needs parents. My,Direct Audience Call-Out,99.0,1,2529,10,0,10,0.395
7626554340441918734,trosemade,2026-04-09,,No Transcript,99.0,1,629,5,0,5,0.795
7628055121552887071,thatsjustkyler,2026-04-13,,No Transcript,99.0,1,1385,30,0,30,2.166
7628354354155736334,classicufindz,2026-04-13,,No Transcript,99.0,1,6462,2,3,5,0.077
7628368422165957901,austinfendler,2026-04-13,,No Transcript,99.0,1,1149,6,0,6,0.522
7628626246724816159,ambareviews,2026-04-14,my kids dentist is SUPER impressed with how well,Social Proof / Testimonial,99.0,1,1716,13,0,13,0.758
7630623082104900878,janellc2015,2026-04-20,,No Transcript,99.0,1,885,7,4,11,1.243
7630916977804021022,discountsrus,2026-04-20,,No Transcript,99.0,1,1239,2,0,2,0.161
7631010679121562894,karen.2829,2026-04-21,A ver si la hora del cepillado de dientes,Other / No Clear Hook,99.0,1,1884,48,19,67,3.556
7631787776052120863,mindiiir,2026-04-23,autobrush kids this changed everything autobrush autobrush kids autobrush,Social Proof / Testimonial,99.0,1,1188,6,1,7,0.589
7634200499608210701,triceedigital,2026-04-29,,No Transcript,99.0,1,450,1,0,1,0.222
7635072882841799967,johnsshop24,2026-05-01,,No Transcript,99.0,1,3058,0,0,0,0.0
7637989621506395406,derrick.huynh,2026-05-09,,No Transcript,99.0,1,3254,8,1,9,0.277
7638733767082872094,maxesdailygems,2026-05-11,,No Transcript,99.0,1,1264,0,0,0,0.0
7641060987549879565,mavaldez.tx,2026-05-18,,No Transcript,99.0,1,9698,22,3,25,0.258
7642539588866690317,derrick.huynh,2026-05-22,,No Transcript,99.0,1,5309,16,6,22,0.414
7644634805803568397,greysons_goods,2026-05-27,,No Transcript,99.0,1,1361,5,1,6,0.441
7649059869819030798,trenbrevy,2026-06-08,,No Transcript,99.0,1,3743,29,1,30,0.801
7649698680223665421,autobrush,2026-06-10,,No Transcript,99.0,1,62,0,0,0,0.0
7657738738784587039,,2026-07-02,,No Transcript,99.0,1,1463,4,0,4,0.273
7658408297963343118,sarahbelleworkingmomof3,2026-07-03,Wait... this made my life as a toddler mom,Social Proof / Testimonial,99.0,1,2886,7,0,7,0.243
7659571122429611294,foryourlife.oficial,2026-07-07,Muy inteligente el fabricante de este cepillito de dientes.,Bold Claim / Benefit,99.0,1,1183,61,2,63,5.325
7660224953119296781,flytywalt,2026-07-08,"This is a SCAM. This is a SCAM. Yeah,",Shock / Warning / Pattern Interrupt,99.0,1,13572,15,1,16,0.118
7661386558100098334,theacreedit,2026-07-11,Bedtime brushing just got easier! I honestly didn't exactly,Bold Claim / Benefit,99.0,1,1956,3,0,3,0.153
7663564273418767647,ipostitall,2026-07-17,No more struggles with brushing teeth! Introducing the revolutionary,Problem / Pain Point,99.0,1,1715,3,0,3,0.175
7668286549989068062,rkrager1,2026-07-31,Not your normal toothbrush. I thought this was just,Bold Claim / Benefit,99.0,1,1251,4,0,4,0.32
7668553716756237581,tydyess7,2026-07-31,This new autobrush is actually the most thorough and,Bold Claim / Benefit,99.0,1,1517,3,2,5,0.33
7669592134768528671,goosi.ai,2026-08-03,,No Transcript,99.0,1,1307,2,0,2,0.153
7671783869049228558,livsbestfindss,2026-08-08,who else is ordering a f-ck ton of Autobrush,Social Proof / Testimonial,99.0,1,8153,3,0,3,0.037
7673100740893723934,stealfindz,2026-08-12,HUGE SALE THIS IS A STEAL!! Autobrush Sonic Pro,Offer / Deal / Urgency,99.0,1,226,0,0,0,0.0
7680935383542123807,shay..momof3.tiktokshop,2026-09-02,Who else's kids struggle with cavities? Are you ready,Question,99.0,1,1153,3,1,4,0.347
7681303471840054558,shopwithleslie03,2026-09-03,Mi bebé comenzó a lavarse con esos ahora usa,Personal Story / POV,99.0,1,522,6,0,6,1.149
7683970150835571999,portlandboudoir,2026-09-12,Check your coupons. This might be the last day,Offer / Deal / Urgency,99.0,1,1316,0,0,0,0.0
7686142355799428383,joelstiktokshop,2026-09-16,"POV: you're locked in I am a honest, trusting",Personal Story / POV,99.0,1,2937,23,0,23,0.783
7686264443021446431,shopwithchef,2026-09-16,"This toothbrush has 58,000 bristles in it to clean",Bold Claim / Benefit,99.0,1,3277,4,2,6,0.183
7584150267138952478,hezi1212,2025-12-15,,No Transcript,98.68,5,1432,3,0,3,0.209
7647662434387365133,juicydealss,2026-06-04,,No Transcript,98.6,1,3678,5,0,5,0.136
7598899299405057294,nich_williams.jr,2026-01-24,,No Transcript,98.53,1,4501,37,0,37,0.822
7640296197097311501,thoardfindsdaily,2026-05-16,,No Transcript,98.25,1,1273,5,0,5,0.393
7610899114984770846,ycmworld,2026-02-25,,No Transcript,98.01,1,664,4,0,4,0.602
7611591446377893133,duffstiktokfinds,2026-02-27,,No Transcript,98.01,1,1358,3,0,3,0.221
7614357036049992990,karenellieth13,2026-03-07,,No Transcript,98.01,0,2430,14,1,15,0.617
7615278795565567245,brandylgarcia,2026-03-09,,No Transcript,98.01,1,336,5,2,7,2.083
7579904357697604878,jessicasttshopdeals,2025-12-04,,No Transcript,97.85,5,306,0,0,0,0.0
7594496196668919053,dang_it_mike,2026-01-12,,No Transcript,97.5,1,867,7,1,8,0.923
7688740013739117854,perfectglowbytalia,2026-09-23,When your dental hygienist starts asking YOU for tips...,Social Proof / Testimonial,96.03,1,1594,9,0,9,0.565
7673010398370581790,shay..momof3.tiktokshop,2026-08-12,Anyone have a kid with a lot of cavities?,Question,95.97,1,1113,4,1,5,0.449
7603430772791430430,thatsjesslifenow,2026-02-05,,No Transcript,95.31,1,9399,5,0,5,0.053
7485798407592774954,katelynmferguson,2025-03-25,,No Transcript,94.95,1,482,5,4,9,1.867
7494769657464016174,tsmarty11,2025-04-18,,No Transcript,94.95,1,1572,26,2,28,1.781
7625542722346028301,lemon_finds0,2026-04-06,,No Transcript,94.55,1,1013,0,0,0,0.0
7686321924720561439,thecontentfactor,2026-09-17,"Pop it, foam it, and snatch the hell out",Demo / Product Intro,94.55,1,3876,8,2,10,0.258
7482807473389391150,christianna.i.l,2025-03-17,(Sound of brushing teeth) (Person demonstrating brushing) And that's,Other / No Clear Hook,94.05,1,10719,93,0,93,0.868
7599871500480498975,neurornamy,2026-01-27,,No Transcript,94.05,1,6867,71,2,73,1.063
7599943779168029983,blessedandoutnumbered,2026-01-27,,No Transcript,94.05,1,858,2,0,2,0.233
7667271065088822559,hollyfindsthings,2026-07-27,Toddler moms KNOW this struggle 😩😭😂 You're not a,Direct Audience Call-Out,94.05,1,3192,14,2,16,0.501
7671783694100745485,livsbestfindss,2026-08-08,If ur card declines on Autobrush Sonic Bundle then,Offer / Deal / Urgency,94.05,1,4871,1,1,2,0.041
7664571091351801119,rkrager1,2026-07-21,Kids will never be the same thanks to the,Bold Claim / Benefit,94.01,1,1338,3,0,3,0.224
7599859262441016606,blessedandoutnumbered,2026-01-27,,No Transcript,94.0,1,3613,25,3,28,0.775
7606463049041480991,gregmorris84,2026-02-13,Kids Brushing is Now Fun and Easy. My 4-year-old,Bold Claim / Benefit,93.07,1,7385,4,0,4,0.054
7601951345586883853,upliftingminds3,2026-02-01,,No Transcript,91.08,1,9438,121,3,124,1.314
7633633051762806047,juicydealss,2026-04-28,,No Transcript,91.08,1,1672,1,0,1,0.06
7636384767335730446,ktmcooks,2026-05-05,,No Transcript,91.08,1,2275,32,3,35,1.538
7642720502275951886,sixxy234,2026-05-22,,No Transcript,91.08,1,744,2,0,2,0.269
7665944657943219487,sprinkledsweetfinds,2026-07-24,Brush your kiddos teeth with this I kept seeing,Direct Audience Call-Out,91.08,1,1976,3,0,3,0.152
7680387765585906975,shay..momof3.tiktokshop,2026-09-01,Does your kid struggle with lots of cavities? Please,Question,91.08,1,2314,15,2,17,0.735
7687422924554308877,tydyess7,2026-09-20,No plack in my teeth? Shout out to the,Question,91.08,1,836,6,0,6,0.718
7656123666324901133,tina.livinginher40s,2026-06-27,Stop the cavities 3 reasons to throw away your,Shock / Warning / Pattern Interrupt,90.68,1,2686,10,1,11,0.41
7669455379859901726,scout_tennessee,2026-08-02,The toothbrush I know that will get his teeth,Bold Claim / Benefit,90.59,1,1668,3,0,3,0.18
7665526268795948301,autobrush,2026-07-23,,No Transcript,90.44,2,680,0,0,0,0.0
7635001944788028686,franklin_thebulldog,2026-05-01,,No Transcript,90.09,1,4702,11,0,11,0.234
7660952892152565006,arynf7,2026-07-10,pov: I brush my teeth in bed In your,Personal Story / POV,90.03,1,1753,4,1,5,0.285
7633137000429751582,bpsdailydeals,2026-04-26,,No Transcript,89.34,1,5422,6,0,6,0.111
7634520225496501534,buddythedoggy3,2026-04-30,,No Transcript,89.34,1,1215,0,0,0,0.0
7591108363698670879,mybestintentions,2026-01-03,,No Transcript,89.1,1,1634,5,0,5,0.306
7592072690958175518,mendylynn,2026-01-06,,No Transcript,89.1,1,936,9,2,11,1.175
7595389545751874847,ckinder3,2026-01-15,,No Transcript,89.1,1,1218,3,0,3,0.246
7595732477696658718,itsbetterhealth,2026-01-15,,No Transcript,89.1,1,1573,3,0,3,0.191
7596009525208009997,shopalerts,2026-01-16,,No Transcript,89.1,1,1463,3,0,3,0.205
7596513513904950559,grollin81,2026-01-18,"Check out this autobrush, it's double-sided. It comes with",Demo / Product Intro,89.1,1,2877,6,0,6,0.209
7601560997320559903,chloes_cart,2026-01-31,,No Transcript,89.1,1,8113,41,0,41,0.505
7606414327914056973,dogdaddylando,2026-02-13,,No Transcript,89.1,1,1145,7,0,7,0.611
7606431592390626591,antshopz,2026-02-13,,No Transcript,89.1,1,918,2,0,2,0.218
7610663794569776414,unwaveringhaven,2026-02-25,,No Transcript,89.1,1,1674,2,0,2,0.119
7615451286879685902,onedopepawpaw,2026-03-10,,No Transcript,89.1,1,5905,7,0,7,0.119
7616539513975803166,johnsshop24,2026-03-13,,No Transcript,89.1,1,818,0,0,0,0.0
7616762369955351839,buncfinds,2026-03-13,,No Transcript,89.1,1,629,1,0,1,0.159
7617126402604731678,loriyoung814,2026-03-14,You want a good I can't believe how clean,Bold Claim / Benefit,89.1,1,3743,4,0,4,0.107
7617242893765381389,deweyapproved,2026-03-14,We're gonna try to do this with a baby.,Personal Story / POV,89.1,1,7130,48,2,50,0.701
7617535392610340110,ictoa_shops,2026-03-15,,No Transcript,89.1,1,2521,12,0,12,0.476
7618057632456117534,the.real.hp,2026-03-17,,No Transcript,89.1,1,1350,1,0,1,0.074
7619025610660187405,tiktokshopsbestshop,2026-03-19,,No Transcript,89.1,1,578,1,0,1,0.173
7619517980111637790,therealthoard93,2026-03-21,,No Transcript,89.1,1,2311,1,1,2,0.087
7619681243705232670,,2026-03-21,,No Transcript,89.1,1,808,0,0,0,0.0
7620648053254393101,jessriotmedia,2026-03-24,Because now I can brush my teeth hands-free and,Social Proof / Testimonial,89.1,1,966,6,4,10,1.035
7624995918265240845,phamsfinds,2026-04-04,,No Transcript,89.1,1,1885,1,0,1,0.053
7628707196523564301,d.deals.dude,2026-04-14,If you waited until today you absolutely won because,Offer / Deal / Urgency,89.1,1,2303,1,0,1,0.043
7628723635053759775,thatsjustkyler,2026-04-14,,No Transcript,89.1,1,9199,34,2,36,0.391
7629932427753966878,shutupandpuppet,2026-04-18,Is it trash? Or is it treasure? I'll tell,Question,89.1,1,2630,2,1,3,0.114
7631036570539199758,melodygraham912,2026-04-21,,No Transcript,89.1,1,1994,13,3,16,0.802
7635267693259590926,zoetheyogarealtor,2026-05-02,,No Transcript,89.1,1,595,2,0,2,0.336
7636420766237576479,jannelle1982,2026-05-05,,No Transcript,89.1,1,1321,0,0,0,0.0
7637639744163220749,tylertok_reviews,2026-05-08,Parents ??? Would you rather change a diaper or,Question,89.1,1,2717,11,3,14,0.515
7638968479034510622,maurzel,2026-05-12,,No Transcript,89.1,1,1497,3,0,3,0.2
7648674352958803214,ariesfire1971,2026-06-07,,No Transcript,89.1,1,617,4,0,4,0.648
7675494693114744095,shay..momof3.tiktokshop,2026-08-18,Anyone have a kid with a lot of cavities?,Question,89.1,1,288,0,0,0,0.0
7685563982798753055,adrirachelle,2026-09-15,POV: your three toddlers beg to brush their teeth,Personal Story / POV,89.1,1,940,8,0,8,0.851
7633635138923990286,juicydealss,2026-04-28,,No Transcript,89.07,1,9187,1,0,1,0.011
7473165227849354542,motherduckers2,2025-02-19,,No Transcript,89.0,1,14870,89,6,95,0.639
7475891775236836638,aaronmademebuyit,2025-02-27,Take this outdated shit and just toss it. Don't,Shock / Warning / Pattern Interrupt,89.0,1,20760,419,6,425,2.047
7480262146538933550,townfamilyfinds,2025-03-10,Wow! You know how this is your old toothbrush?,Question,89.0,2,51431,1993,89,2082,4.048
7484415558163680555,gjmshopping,2025-03-21,Are you having trouble with your kids brushing their,Question,89.0,1,4530,3,0,3,0.066
7498866323062164782,mel_in_the_moment,2025-04-29,,No Transcript,89.0,1,398,6,0,6,1.508
7502136995964128554,okiemomlife,2025-05-08,,No Transcript,89.0,1,12040,656,14,670,5.565
7504374024470793514,song.lyrics_lipsync,2025-05-14,,No Transcript,89.0,1,613,4,1,5,0.816
7505068339740478766,jennifermills1970,2025-05-16,,No Transcript,89.0,1,653,50,38,88,13.476
7511838491718880558,catieosaurus,2025-06-03,,No Transcript,89.0,1,21771,1387,60,1447,6.646
7529202060319853838,arynf7,2025-07-20,,No Transcript,89.0,1,1034,9,1,10,0.967
7546424910986464526,ktpearson,2025-09-04,,No Transcript,89.0,1,1235,0,0,0,0.0
7550043483151748365,ttshopdeals_07,2025-09-14,,No Transcript,89.0,1,2661,6,0,6,0.225
7568260080626322701,flyforaginger,2025-11-04,,No Transcript,89.0,1,1796,21,0,21,1.169
7569506009446714637,robe_finds,2025-11-07,So this is what we've been using every morning,Personal Story / POV,89.0,1,1549,4,0,4,0.258
7579328802778664223,eunicewilsonduh,2025-12-02,,No Transcript,89.0,1,1485,6,4,10,0.673
7602319915646766391,daddeals517,2026-02-02,,No Transcript,89.0,1,2952,15,1,16,0.542
7625101641959673119,kim_berrrrr,2026-04-05,,No Transcript,89.0,1,1210,0,0,0,0.0
7627169923235679519,autobrush,2026-04-10,,No Transcript,89.0,1,116,0,0,0,0.0
7630564715101539598,shop.w.rob,2026-04-19,,No Transcript,89.0,1,2016,8,1,9,0.446
7639280324731587871,coralfindstt,2026-05-13,,No Transcript,89.0,1,1360,2,0,2,0.147
7639610095197883662,pineapplefinds1,2026-05-14,,No Transcript,89.0,1,1306,0,0,0,0.0
7639715094791720205,brittanyskeans1221,2026-05-14,What ages is this appropriate for? These key little,Question,89.0,1,10223,89,27,116,1.135
7643094811859324190,ttdealspot,2026-05-23,,No Transcript,89.0,1,7187,18,3,21,0.292
7662264618424864014,autobrush,2026-07-14,,No Transcript,89.0,1,133,0,0,0,0.0
7668072843904601358,autobrush,2026-07-29,,No Transcript,89.0,1,74,0,0,0,0.0
7687663409151626509,miranda_2566,2026-09-20,,No Transcript,89.0,1,282,3,0,3,1.064
7580905405610478862,emanthei,2025-12-07,,No Transcript,88.5,1,4075,75,1,76,1.865
7686265545603206430,shopwithchef,2026-09-17,My back molars have always been the hardest teeth,Personal Story / POV,88.35,1,2197,7,2,9,0.41
7686361428579683614,jnrapprovedbuys,2026-09-17,IN YOUR MOUTH. GOT TO ALL THE WAY TO,Other / No Clear Hook,88.35,1,728,1,0,1,0.137
7647518790732844302,shopdealsjr,2026-06-04,,No Transcript,88.25,1,1920,2,0,2,0.104
7655099634615913759,jdleon2022,2026-06-24,Lo más importante para tu limpieza bucal. Aquí les,Other / No Clear Hook,87.49,1,283,1,0,1,0.353
7625059621828381982,affiliatezshop.us,2026-04-05,,No Transcript,87.21,1,2945,3,0,3,0.102
7574683575803448590,robe_finds,2025-11-20,,No Transcript,87.12,1,34425,161,26,187,0.543
7586840152207592759,kayycookie6,2025-12-23,,No Transcript,87.12,1,1492,6,1,7,0.469
7587968939213262111,sunshineandjules,2025-12-26,,No Transcript,87.12,1,2322,7,2,9,0.388
7592641661545499917,the_non_aesthetic_mom,2026-01-07,,No Transcript,87.12,1,1415,0,0,0,0.0
7594487742210247950,ashley.liveseller,2026-01-12,,No Transcript,87.12,1,1565,11,4,15,0.958
7595282535949634871,chelseaonthedailyy,2026-01-14,,No Transcript,87.12,1,13987,40,2,42,0.3
7595662213524884766,trevorsshopfinds,2026-01-15,,No Transcript,87.12,1,3204,8,1,9,0.281
7596885199066107166,ivelisseboricua,2026-01-19,,No Transcript,87.12,1,488,0,0,0,0.0
7612798987225058573,savingwithdeals,2026-03-03,,No Transcript,87.12,1,24398,3,1,4,0.016
7662852080238857486,shayskyler,2026-07-15,POV: I bought the futuristic toothbrush TikTok wouldn't stop,Personal Story / POV,87.12,1,935,0,0,0,0.0
7664570862267370782,rkrager1,2026-07-21,My kid may never get a cavity again thanks,Social Proof / Testimonial,87.12,1,1287,3,0,3,0.233
7670660487394233614,tydyess7,2026-08-05,"You ready for a gentle clean? Yeah, that's the",Question,87.12,1,3725,11,0,11,0.295
7600829709588385054,nicoalianiello,2026-01-29,,No Transcript,87.0,1,11287,81,9,90,0.797
7667984575624138015,theresalynnreid,2026-07-29,Red and blue lights there. The blue is for,Demo / Product Intro,86.53,1,959,3,0,3,0.313
7688022234711002399,ginafoundit,2026-09-21,A toothbrush designed for kids. It's ADA approved and,Demo / Product Intro,86.53,1,931,3,0,3,0.322
7598156828999978271,roxannee0333,2026-01-22,,No Transcript,86.43,1,691,12,0,12,1.737
7460636145999793450,chelseaonthedailyy,2025-01-16,We are not going to the dentist with cavities,Personal Story / POV,86.33,1,104947,308,8,316,0.301
7614533100755881229,whirlwindwhitney,2026-03-07,,No Transcript,86.0,1,886,8,1,9,1.016
7621304370780572958,abbyshop94,2026-03-25,autobrush sonic autobrush sonic autobrush sonic autobrush sonic autobrush,Other / No Clear Hook,86.0,1,1544,11,2,13,0.842
7628652237186780447,musthavecollective,2026-04-14,,No Transcript,85.08,1,386,1,0,1,0.259
7571865071027047693,brittroseknows,2025-11-12,,No Transcript,84.98,2,1420,12,1,13,0.915
7634326237334359326,adrirachelle,2026-04-29,,No Transcript,84.64,1,1165,5,0,5,0.429
7659094803434458398,lisam_lifestyle,2026-07-05,If pinning your child down like this every single,Problem / Pain Point,84.64,1,11257,74,2,76,0.675
7666570924333780238,autobrush,2026-07-25,,No Transcript,84.64,1,740,0,0,0,0.0
7670981534249258271,k9_unit_369,2026-08-06,Did you know we've been brushing our teeth the,Question,84.64,1,1726,6,1,7,0.406
7674839451146734879,alexsharesitall,2026-08-17,"This was not on my list for 2026, but",Personal Story / POV,84.64,1,999,0,0,0,0.0
7569504721505897741,robe_finds,2025-11-06,This is what we've been doing every morning and,Personal Story / POV,84.55,1,1061,1,1,2,0.189
7660654219841555725,2travelingqueers,2026-07-09,,No Transcript,84.51,1,949,0,0,0,0.0
7657956102440619295,monica_leanne,2026-07-02,Let's start with what I don't like. You have,Curiosity / Open Loop,84.24,1,1540,9,1,10,0.649
7589477329353575710,sahm34ndunder,2025-12-30,,No Transcript,84.15,0,123,9,1,10,8.13
7618074106491047181,dealfindsforyoueveryday,2026-03-17,,No Transcript,84.15,1,2760,2,0,2,0.072
7632191008708545805,tatiloveslocs,2026-04-24,,No Transcript,84.15,1,6592,68,5,73,1.107
7649736793645960478,buddythedoggy3,2026-06-10,,No Transcript,84.15,1,232,0,0,0,0.0
7673236571079855373,drkelsichiro,2026-08-12,Parents of kids who HATE brushing 👀. I used,Direct Audience Call-Out,84.15,1,1199,9,1,10,0.834
7673901750696332558,yik_yok_reviews67,2026-08-14,This is the autobrush off of TikTok and they,Demo / Product Intro,84.15,1,2168,5,0,5,0.231
7679849911965224222,shopwithleslie03,2026-08-30,"Pero tienen cerdas de verdad o son de goma,",Question,84.15,1,787,10,4,14,1.779
7484704003138276654,mother_duckers,2025-03-22,,No Transcript,84.0,0,663,4,1,5,0.754
7493355676392082719,brit_bia,2025-04-14,,No Transcript,84.0,1,1750,34,2,36,2.057
7635067500731862302,shopwitjr,2026-05-01,,No Transcript,83.85,1,2560,10,0,10,0.391
7611365971328044301,kenziefordham,2026-02-27,Does an ADA accepted toothbrush before all of you,Question,83.1,1,2134,8,0,8,0.375
7647309892935503118,dealqueenz10,2026-06-03,,No Transcript,83.0,1,2061,1,0,1,0.049
7629402843413351710,funadorableanimals,2026-04-16,,No Transcript,82.41,1,742,0,0,0,0.0
7636273467679067406,tiffanypaigereviews,2026-05-05,,No Transcript,82.22,1,3497,112,3,115,3.289
7631647261121858830,bonniefinding,2026-04-22,,No Transcript,80.41,1,1754,1,0,1,0.057
7688893559403007262,thecontentfactor,2026-09-24,This is what we used to use to brush,Personal Story / POV,80.19,1,1348,3,2,5,0.371
7691154458843122958,miranda_2566,2026-09-30,What if I told you this auto brush tooth,Curiosity / Open Loop,80.19,1,6872,19,0,19,0.276
7690721509035363615,ginafoundit,2026-09-28,How adorable is this Sonic Pro Care toothbrush for,Bold Claim / Benefit,80.18,1,650,5,0,5,0.769
7568983305291320606,texas.queen1,2025-11-04,,No Transcript,79.94,1,54,1,1,2,3.704
7569502505932000525,robe_finds,2025-11-06,I don't know about you but I'm sick and,Problem / Pain Point,79.94,1,1126,4,0,4,0.355
7676936458158099725,sassy_relatable,2026-08-22,never wrestling my 4 year old to brush his,Problem / Pain Point,79.94,1,1393,8,0,8,0.574
7677588691983863054,drkelsichiro,2026-08-24,THE SPOTS YOUR KID IS MISSING. If you have,Curiosity / Open Loop,79.94,1,1452,8,0,8,0.551
7690765921241074975,monica_leanne,2026-09-29,Working in dentistry and I just got home from,Personal Story / POV,79.67,1,1186,4,0,4,0.337
7679133990502059295,shay..momof3.tiktokshop,2026-08-28,DO YOU HAVE A KID THAT GETS A LOT,Question,79.54,1,1127,2,1,3,0.266
7633631295892983054,melodygraham912,2026-04-28,,No Transcript,79.34,1,2434,2,0,2,0.082
7636214407508413726,the_lasthokage_,2026-05-05,,No Transcript,79.2,1,1059,2,0,2,0.189
7643082396723711262,ttdealspot,2026-05-23,,No Transcript,79.2,1,3115,12,0,12,0.385
7677968774380752141,ashterdisaster,2026-08-25,Mornings made easy with the Kids Autobrush Toothbrush,Bold Claim / Benefit,79.15,1,851,20,0,20,2.35
7572396412202274062,leslieanne1026,2025-11-14,,No Transcript,79.1,1,928,14,3,17,1.832
7598292447080287519,faith_health_life,2026-01-22,,No Transcript,79.1,1,1072,2,0,2,0.187
7656303871840587021,discountdropsdaily,2026-06-28,,No Transcript,79.1,1,381,2,0,2,0.525
7508405208062397727,defeateddiva,2025-05-25,,No Transcript,79.0,1,8495,16,0,16,0.188
7512068394846276910,shopwithjessss,2025-06-04,,No Transcript,79.0,1,1217,20,1,21,1.726
7539496196016966943,chelseynaak,2025-08-17,,No Transcript,79.0,1,2337,18,0,18,0.77
7630134002644487454,dealdailyhunter,2026-04-18,,No Transcript,78.62,1,731,0,0,0,0.0
7632782963012275487,shopsmart2809,2026-04-25,,No Transcript,78.62,1,447,0,0,0,0.0
7670347553866616077,becreativetwo,2026-08-05,Being too lazy to brush ur teeth isn't an,Problem / Pain Point,78.3,1,3312,10,3,13,0.393
7634533977017060622,whirlwindwhitney,2026-04-30,,No Transcript,78.19,1,2313,9,0,9,0.389
7652858388564430111,_jadee044,2026-06-18,,No Transcript,77.42,1,825,4,0,4,0.485
7624549536186354974,talon.krebs,2026-04-03,,No Transcript,77.19,1,2185,10,0,10,0.458
7663191062378335501,becreativetwo,2026-07-16,I've been brushing wrong my WHOLE LIFE 😳 Get,Shock / Warning / Pattern Interrupt,77.12,1,2535,6,1,7,0.276
7659278151809355022,itsmandykuhn,2026-07-06,Does that intimidate you? It does me a little,Question,76.6,1,2950,5,2,7,0.237
7649782235771555085,prettyreeljen,2026-06-10,,No Transcript,76.15,1,605,2,0,2,0.331
7656936293552934175,,2026-06-29,,No Transcript,76.15,1,1343,3,0,3,0.223
7621601433380457759,heavensent381,2026-03-26,,No Transcript,76.1,1,1112,1,0,1,0.09
7690974458709806350,shopalerts,2026-09-29,This is a toothbrush. You press the on button,Demo / Product Intro,76.1,1,76,0,0,0,0.0
7632159722203778334,bpsdailydeals,2026-04-24,,No Transcript,76.04,1,4699,2,0,2,0.043
7621663259917110559,chloes_cart,2026-03-26,,No Transcript,75.94,1,6510,23,1,24,0.369
7630532276249578782,loisewang23,2026-04-19,,No Transcript,75.94,1,252,0,0,0,0.0
7632842906927222029,rothubdeals,2026-04-25,,No Transcript,75.94,1,2317,3,0,3,0.129
7628759560613940510,allynsdeals,2026-04-14,,No Transcript,75.74,1,1259,1,0,1,0.079
7671094244060269854,captaincam24,2026-08-07,HOW MANY TIMES CAN YOU SAY YOU EVER HEARD,Question,75.74,1,3852,32,3,35,0.909
7647929992814398734,shanniep_,2026-06-05,,No Transcript,75.65,1,4606,1,0,1,0.022
7650684321501678879,colelectibles,2026-06-13,She does it all. She only needs 30 seconds,Bold Claim / Benefit,75.14,1,9939,16,1,17,0.171
7589865794264173837,samantha_nicolex4,2025-12-31,,No Transcript,75.12,0,2291,11,0,11,0.48
7663169950034431245,emmyjean8725,2026-07-16,"For the moms of sensory kids, these animals are",Direct Audience Call-Out,74.25,1,756,3,0,3,0.397
7604917591949217054,rachazzolini,2026-02-09,,No Transcript,74.12,1,5796,110,2,112,1.932
7583058061087051038,,2025-12-12,Tumble out of bed dizzy in the head Mum,Other / No Clear Hook,74.0,1,1738,7,0,7,0.403
7634151110814469390,bigsavingshop,2026-04-29,,No Transcript,73.86,1,2091,1,0,1,0.048
7658150078074375438,lovelyfindzz,2026-07-03,If ur card declines on this then we need,Offer / Deal / Urgency,73.58,1,7246,20,7,27,0.373
7678477628658978079,shay..momof3.tiktokshop,2026-08-26,Who else's kids struggle with a lot of cavities???,Question,73.55,1,2474,9,0,9,0.364
7674683065775574303,couple.of.locs,2026-08-16,Don't let your kids develop cavities in walk around,Shock / Warning / Pattern Interrupt,73.47,1,296,0,0,0,0.0
7676481583632764191,shay..momof3.tiktokshop,2026-08-21,Kid struggle with cavities? Who else hates to admit,Question,73.47,1,1473,5,1,6,0.407
7676997345141214478,family.royal.us,2026-08-22,Does your child's toothbrush bring this much excitement?,Question,73.47,1,1533,18,1,19,1.239
7631699951596211486,branntski,2026-04-22,,No Transcript,72.37,1,4092,2,0,2,0.049
7676216852841909535,nuri.divine,2026-08-20,Easiest tooth-brushing experience ever!!,Bold Claim / Benefit,71.95,1,4475,34,1,35,0.782
7572230609779690765,youtube6215,2025-11-13,,No Transcript,71.87,1,1331,9,6,15,1.127
7676153912495394062,myvideoguy_sambanks,2026-08-20,THIS IS WHAT I'M PUTTING IN MY KID'S STOCKING,Personal Story / POV,71.86,1,1085,2,0,2,0.184
7595703429201251615,kayleemacomber,2026-01-15,"My 9-year-old's last orthodontist appointment, they told us that",Personal Story / POV,71.53,1,1413,4,0,4,0.283
7654442006558690574,cole_schwartz,2026-06-23,30 Second Brush 😱. Did I just find out,Curiosity / Open Loop,71.53,1,159,3,0,3,1.887
7655080992851496206,athenadean_,2026-06-24,"Hey y'all, so this is the new autobrush U-shaped",Demo / Product Intro,71.53,1,2512,28,2,30,1.194
7667699249580281101,michelletopil,2026-07-28,You have not seen the auto brush yet. I,Curiosity / Open Loop,71.53,1,877,6,0,6,0.684
7634076529575595295,wagsonthewater,2026-04-29,,No Transcript,71.47,1,1100,1,1,2,0.182
7547460081244228878,arynf7,2025-09-07,,No Transcript,71.1,1,855,8,1,9,1.053
7623985553398123789,trosemade,2026-04-02,,No Transcript,70.49,1,45563,105,3,108,0.237
7632151444904283406,lynnmhodgdon123,2026-04-24,,No Transcript,69.9,1,836,2,0,2,0.239
7649602063696973086,nyisha_walton,2026-06-10,,No Transcript,69.15,1,650,7,1,8,1.231
7667106962764483854,tydyess7,2026-07-27,Folks don't even know that the ADA approved this,Curiosity / Open Loop,69.0,1,1046,6,4,10,0.956
7679574102289550623,shay..momof3.tiktokshop,2026-08-29,Kid struggle with a lot of cavities? Who else,Question,68.55,1,1064,5,2,7,0.658
7686365454293601567,cicigiginana,2026-09-17,Too tired for your bedtime routine? Autobrush takes only,Question,68.31,1,1648,18,18,36,2.184
7524686053261724958,dependabledave,2025-07-08,,No Transcript,67.83,1,790,0,0,0,0.0
7630968955468860702,thatsjustkyler,2026-04-20,,No Transcript,67.79,1,3356,6,0,6,0.179
7618345654372420894,loriyoung814,2026-03-17,,No Transcript,67.09,1,1431,4,0,4,0.28
7690380211212406047,cicigiginana,2026-09-28,Brushing feels like one more chore? This U-shaped brush,Question,66.82,1,1712,27,26,53,3.096
7634184491396861198,family.royal.us,2026-04-29,,No Transcript,64.41,1,4303,62,6,68,1.58
7678324069841997070,courtneyandecho,2026-08-26,"As a mom, anything that'll make my life more",Social Proof / Testimonial,64.38,1,870,4,0,4,0.46
7575656347094486327,forgotten.michigan,2025-11-22,,No Transcript,64.0,1,1671,5,1,6,0.359
7569523971155086606,robe_finds,2025-11-10,This is the difference between brushing your teeth for,Demo / Product Intro,63.75,1,1126,4,0,4,0.355
7655583982951615758,notjulessss,2026-06-26,If you want to make teeth brushing so much,Direct Audience Call-Out,63.55,1,2307,5,0,5,0.217
7676636165130161421,sobermakeupmama_paige,2026-08-24,Wait for it!!! Wait for it!!! Wait for it!!!,Curiosity / Open Loop,63.11,1,1438,13,0,13,0.904
7635850727633571085,bennypicks,2026-05-04,Apparently if your TikTok account is old enough you,Offer / Deal / Urgency,60.35,1,3090,1,0,1,0.032
7550838776159849741,kirstennlee,2025-09-16,,No Transcript,59.0,1,1227,27,5,32,2.608
7569511262539795725,robe_finds,2025-11-08,It only took them 90 years to invent the,Curiosity / Open Loop,59.0,1,2917,13,0,13,0.446
7642113770935880991,gicellex,2026-05-20,,No Transcript,59.0,0,2598,0,0,0,0.0
7656987021407259918,dianemont85,2026-06-30,It is so hard for me to get my,Problem / Pain Point,55.81,1,2728,10,0,10,0.367
7668332554822372638,westernwithemily,2026-07-30,Now I know every tiny tooth actually gets brushed.,Social Proof / Testimonial,54.08,1,1450,4,0,4,0.276
7486908812343971115,mother_duckers,2025-03-28,,No Transcript,53.0,5,1679,10,1,11,0.655
7667642627415657741,autobrush,2026-07-28,,No Transcript,52.0,1,744,0,0,0,0.0
7665600122021088542,bigbirdsshop,2026-07-22,,No Transcript,51.26,1,1036,0,0,0,0.0
7688152978477436191,thecontentfactor,2026-09-22,I brush every tooth for a full two minutes.,Personal Story / POV,49.5,1,3047,6,4,10,0.328
7692071771230588190,ericsiebecker,2026-10-02,Oh my gosh I can't believe it brushes your,Shock / Warning / Pattern Interrupt,48.06,1,2814,5,0,5,0.178
7576346197200293175,simplykimnicole,2025-11-24,,No Transcript,48.0,3,898,0,0,0,0.0
7632852507466796319,edainespaola,2026-04-26,,No Transcript,44.572,0,1635,21,3,24,1.468
7593491803731512589,chardeshares,2026-01-09,"If you're a parent, you're gonna wanna listen up.",Direct Audience Call-Out,43.74,2,2533,22,4,26,1.026
7691383683521072397,jt23hoopin,2026-09-30,When your living in the year 3000 cause instead,Bold Claim / Benefit,42.79,1,1381,5,0,5,0.362
7626933383318244622,jthecreativequeen,2026-04-10,,No Transcript,38.0,0,814,19,5,24,2.948
7585250471963561229,sammylou1029,2025-12-18,,No Transcript,37.75,2,19780,263,12,275,1.39
7509480659212193054,binujamaskey,2025-05-28,,No Transcript,36.0,3,1850,15,6,21,1.135
7491882183125208362,twentysomethingtrendyugc,2025-04-11,,No Transcript,35.35,1,49,0,0,0,0.0
7529305104109931807,theteammartin,2025-07-20,,No Transcript,34.95,1,828,9,0,9,1.087
7496270055525666079,its.just_me_sue,2025-04-22,,No Transcript,30.0,2,1063,29,40,69,6.491
7687097950278864159,rkrager1,2026-09-20,I clean one section at a time. I clean,Demo / Product Intro,27.73,1,2387,7,0,7,0.293
7522646259350408461,favv.pisces2,2025-07-03,,No Transcript,21.95,1,553,10,3,13,2.351
7612683283003903262,meganelizabeth90,2026-03-02,,No Transcript,21.79,1,640,9,2,11,1.719
7501699210446671146,stephanieann4420,2025-05-07,,No Transcript,20.95,1,2614,14,2,16,0.612
7504415923403492650,sogladhelovesme,2025-05-14,,No Transcript,20.95,1,1931,11,3,14,0.725
7595564931433450783,mendylynn,2026-01-15,,No Transcript,20.51,1,314,5,0,5,1.592
7482856498515807534,doacapitalism,2025-03-17,,No Transcript,18.7,1,520,4,1,5,0.962
7587601368714644791,capricoquette,2025-12-25,,No Transcript,16.0,1,1639,25,0,25,1.525
7596412834695744798,titamerino0,2026-01-17,,No Transcript,14.74,1,618,9,0,9,1.456
7667642387925142798,autobrush,2026-07-28,,No Transcript,14.4,1,817,0,0,0,0.0
7465851803330972970,happy_imperfectionist,2025-01-30,,No Transcript,0.0,0,2,0,0,0,0.0
7475052564275285291,lydiaaulozzi_,2025-02-24,,No Transcript,0.0,0,1,0,0,0,0.0
7475522307356839214,brookemomoftwo,2025-02-26,,No Transcript,0.0,0,2,0,0,0,0.0
7481248955485981995,townfamilyfinds,2025-03-13,,No Transcript,0.0,0,3,0,0,0,0.0
7485305103117815082,ggran8855,2025-03-24,,No Transcript,0.0,0,2,0,0,0,0.0
7485307313457286443,ggran8855,2025-03-24,,No Transcript,0.0,0,2,0,0,0,0.0
7487056300162010398,brimetz,2025-03-29,,No Transcript,0.0,0,0,0,0,0,0
7487057167376272671,brimetz,2025-03-29,,No Transcript,0.0,0,0,0,0,0,0
7495781568712051998,ababyandabulldog,2025-04-21,,No Transcript,0.0,0,0,0,0,0,0
7498452445526330655,trevinpeterson,2025-04-28,,No Transcript,0.0,0,2,0,0,0,0.0
7499214049574522143,trevinpeterson,2025-04-30,,No Transcript,0.0,0,1,0,0,0,0.0
7499908928663293214,trevinpeterson,2025-05-02,,No Transcript,0.0,0,1,0,0,0,0.0
7502082605245041966,favv.pisces2,2025-05-08,,No Transcript,0.0,0,0,0,0,0,0
7505453064266976554,andeemariee88,2025-05-17,,No Transcript,0.0,0,397,18,2,20,5.038
7505876665747229994,arielabayonne,2025-05-18,,No Transcript,0.0,0,303,2,0,2,0.66
7506199604589907246,arielabayonne,2025-05-19,,No Transcript,0.0,0,144,3,0,3,2.083
7506540951251356974,shopwithjessss,2025-05-20,,No Transcript,0.0,0,14231,188,2,190,1.335
7506586832340077854,crystalkelli91,2025-05-20,,No Transcript,0.0,0,143,0,0,0,0.0
7506599291088080170,romebaby,2025-05-20,,No Transcript,0.0,0,1,0,0,0,0.0
7506924791304146218,andeemariee88,2025-05-21,,No Transcript,0.0,0,448,20,8,28,6.25
7507284121375509806,andeemariee88,2025-05-22,,No Transcript,0.0,0,393,18,5,23,5.852
7507418244307848490,song.lyrics_lipsync,2025-05-22,,No Transcript,0.0,0,657,3,0,3,0.457
7507429405157920046,ieatkranz,2025-05-23,,No Transcript,0.0,0,1313,28,8,36,2.742
7507849949804121386,favv.pisces2,2025-05-24,,No Transcript,0.0,0,389,10,14,24,6.17
7508038797544770847,lynnq673,2025-05-24,,No Transcript,0.0,0,643,10,2,12,1.866
7508574004802899230,lelahineskelley,2025-05-25,,No Transcript,0.0,0,477,6,1,7,1.468
7510784512951946539,romebaby,2025-06-01,,No Transcript,0.0,0,564,9,1,10,1.773
7512255727075904814,,2025-06-04,,No Transcript,0.0,0,640,0,0,0,0.0
7512609517016763690,christianna.i.l,2025-06-05,,No Transcript,0.0,0,617,2,0,2,0.324
7512965730464189726,janetvanness,2025-06-06,,No Transcript,0.0,0,371,9,6,15,4.043
7513971718629690666,unwaveringwatters,2025-06-09,,No Transcript,0.0,0,664,52,5,57,8.584
7513984283342654762,jess.ick.a,2025-06-09,,No Transcript,0.0,0,386,5,0,5,1.295
7514039196990901550,anairamarc,2025-06-09,,No Transcript,0.0,0,537,61,30,91,16.946
7514308243204640031,kymbur66,2025-06-10,,No Transcript,0.0,0,741,9,0,9,1.215
7516889935908048141,arynf7,2025-06-17,,No Transcript,0.0,0,430,3,2,5,1.163
7517470192276901150,maranyelyy,2025-06-19,,No Transcript,0.0,0,749,19,0,19,2.537
7521538906194578718,erin.sahm17,2025-06-30,,No Transcript,0.0,0,821,4,2,6,0.731
7521756133887888654,mother_duckers,2025-06-30,,No Transcript,0.0,0,14,0,0,0,0.0
7521832420140764447,mother_duckers,2025-06-30,,No Transcript,0.0,0,264,2,0,2,0.758
7523265481835400461,arynf7,2025-07-04,,No Transcript,0.0,0,402,3,0,3,0.746
7524030742347730206,xomackenziejo,2025-07-06,,No Transcript,0.0,0,0,0,0,0,0
7524032277781695774,xomackenziejo,2025-07-06,,No Transcript,0.0,0,473,14,3,17,3.594
7524032322480409887,xomackenziejo,2025-07-06,,No Transcript,0.0,0,1784,16,3,19,1.065
7524088193377946911,xomackenziejo,2025-07-06,,No Transcript,0.0,0,504,5,0,5,0.992
7524129688755670303,dependabledave,2025-07-07,,No Transcript,0.0,0,312,1,0,1,0.321
7524129941844233502,dependabledave,2025-07-07,,No Transcript,0.0,0,273,0,0,0,0.0
7524151374850854175,dependabledave,2025-07-06,,No Transcript,0.0,0,230,1,0,1,0.435
7524314202794675487,dependabledave,2025-07-07,,No Transcript,0.0,0,214,0,0,0,0.0
7524314670879034655,dependabledave,2025-07-07,,No Transcript,0.0,0,238,2,0,2,0.84
7524685796910124319,dependabledave,2025-07-08,,No Transcript,0.0,0,298,1,0,1,0.336
7524886973136309559,christianna.i.l,2025-07-08,,No Transcript,0.0,0,0,0,0,0,0
7524887905978961207,christianna.i.l,2025-07-08,,No Transcript,0.0,0,2210,35,4,39,1.765
7524888094995254542,christianna.i.l,2025-07-09,,No Transcript,0.0,0,625,3,0,3,0.48
7524975723778477325,favv.pisces2,2025-07-08,,No Transcript,0.0,0,1,0,0,0,0.0
7525136315453656333,favv.pisces2,2025-07-09,,No Transcript,0.0,0,204,7,0,7,3.431
7525274400048909581,arynf7,2025-07-10,,No Transcript,0.0,0,603,8,5,13,2.156
7525304264604830989,favv.pisces2,2025-07-10,,No Transcript,0.0,0,322,7,0,7,2.174
7525426841696406815,dependabledave,2025-07-10,,No Transcript,0.0,0,280,1,0,1,0.357
7525571312606039327,dependabledave,2025-07-10,,No Transcript,0.0,0,392,3,0,3,0.765
7526221332221136183,song.lyrics_lipsync,2025-07-12,,No Transcript,0.0,0,426,5,0,5,1.174
7526282996941360414,erin.sahm17,2025-07-12,,No Transcript,0.0,0,409,4,0,4,0.978
7526716711932857655,diyaditya.powdyel,2025-07-13,,No Transcript,0.0,0,416,11,5,16,3.846
7527061084423965982,milorvecharles,2025-07-14,,No Transcript,0.0,0,271,1,0,1,0.369
7527074284724866335,milorvecharles,2025-07-14,,No Transcript,0.0,0,195,2,0,2,1.026
7527433061512793374,milorvecharles,2025-07-15,,No Transcript,0.0,0,356,4,1,5,1.404
7527448669713354015,milorvecharles,2025-07-15,,No Transcript,0.0,0,302,3,0,3,0.993
7527503405858802957,diyaditya.powdyel,2025-07-15,,No Transcript,0.0,0,408,25,6,31,7.598
7527739773302181133,diyaditya.powdyel,2025-07-16,,No Transcript,0.0,0,186,19,6,25,13.441
7527787723978034487,raghudamanta,2025-07-16,,No Transcript,0.0,0,396,25,2,27,6.818
7527801246271540510,milorvecharles,2025-07-16,,No Transcript,0.0,0,321,3,0,3,0.935
7527801444586491166,milorvecharles,2025-07-16,,No Transcript,0.0,0,339,0,0,0,0.0
7527802348350049566,milorvecharles,2025-07-16,,No Transcript,0.0,0,389,1,1,2,0.514
7527816307811618079,milorvecharles,2025-07-16,,No Transcript,0.0,0,577,4,0,4,0.693
7527894642835213599,theteammartin,2025-07-16,,No Transcript,0.0,0,748,13,5,18,2.406
7527916103176097055,theteammartin,2025-07-17,,No Transcript,0.0,0,980,5,0,5,0.51
7527917702816501022,theteammartin,2025-07-17,,No Transcript,0.0,0,245,7,1,8,3.265
7528064936958790943,milorvecharles,2025-07-17,,No Transcript,0.0,0,258,3,0,3,1.163
7528095936518573325,diyaditya.powdyel,2025-07-17,,No Transcript,0.0,0,1219,29,6,35,2.871
7528145116985380127,b2theritt2,2025-07-17,,No Transcript,0.0,0,960,13,9,22,2.292
7528157462541667597,raghudamanta,2025-07-17,,No Transcript,0.0,0,504,37,7,44,8.73
7528172567081930015,milorvecharles,2025-07-17,,No Transcript,0.0,0,342,1,0,1,0.292
7528173095526370591,milorvecharles,2025-07-17,,No Transcript,0.0,0,323,2,0,2,0.619
7528453787015597325,maria.gutierrez776,2025-07-18,,No Transcript,0.0,0,578,12,9,21,3.633
7528465482177891615,ashleymarie8571,2025-07-18,,No Transcript,0.0,0,480,12,0,12,2.5
7528534449751919902,theteammartin,2025-07-18,,No Transcript,0.0,0,936,12,4,16,1.709
7528547183436582175,milorvecharles,2025-07-18,,No Transcript,0.0,0,389,2,0,2,0.514
7528555591896206606,koachkerr,2025-07-18,,No Transcript,0.0,0,325,5,1,6,1.846
7528556074484518175,mariauhhhp,2025-07-18,,No Transcript,0.0,0,76,3,0,3,3.947
7528769085992226078,joyfilledbybrittany,2025-07-19,,No Transcript,0.0,0,470,11,1,12,2.553
7528812237343968525,byyinyer,2025-07-19,,No Transcript,0.0,0,159,5,2,7,4.403
7528847375142505742,sahnanak,2025-07-19,,No Transcript,0.0,0,372,39,33,72,19.355
7528880616247545118,dependabledave,2025-07-19,,No Transcript,0.0,0,296,0,0,0,0.0
7528880832803622175,dependabledave,2025-07-19,,No Transcript,0.0,0,309,1,0,1,0.324
7528892897211452702,ashleymarie8571,2025-07-19,,No Transcript,0.0,0,378,11,0,11,2.91
7528897143067692319,shelbykitzmiller,2025-07-19,,No Transcript,0.0,0,904,14,2,16,1.77
7528991973730979103,1milmonths,2025-07-20,,No Transcript,0.0,0,755,9,0,9,1.192
7529166149985111309,diyaditya.powdyel,2025-07-20,,No Transcript,0.0,0,721,19,4,23,3.19
7529231813101751582,ashleymarie8571,2025-07-20,,No Transcript,0.0,0,320,7,0,7,2.188
7529233148782120222,ashleymarie8571,2025-07-20,,No Transcript,0.0,0,391,9,0,9,2.302
7529233971289328926,ashleymarie8571,2025-07-20,,No Transcript,0.0,0,333,7,0,7,2.102
7529290895875869982,theteammartin,2025-07-20,,No Transcript,0.0,0,339,7,0,7,2.065
7529304419863711007,theteammartin,2025-07-20,,No Transcript,0.0,0,296,3,0,3,1.014
7529304749116607775,theteammartin,2025-07-20,,No Transcript,0.0,0,485,6,1,7,1.443
7529340274993122590,dependabledave,2025-07-21,,No Transcript,0.0,0,345,0,0,0,0.0
7529340546062519582,dependabledave,2025-07-21,,No Transcript,0.0,0,494,6,0,6,1.215
7529353695637671223,diyaditya.powdyel,2025-07-21,,No Transcript,0.0,0,374,23,6,29,7.754
7529447950624230669,sahnanak,2025-07-21,,No Transcript,0.0,0,274,35,26,61,22.263
7529506812391984414,b2theritt2,2025-07-21,,No Transcript,0.0,0,732,16,3,19,2.596
7529519380992969998,diyaditya.powdyel,2025-07-21,,No Transcript,0.0,0,351,24,4,28,7.977
7529533113983126797,maria.gutierrez776,2025-07-21,,No Transcript,0.0,0,318,4,1,5,1.572
7529541633398836493,diyaditya.powdyel,2025-07-21,,No Transcript,0.0,0,390,16,4,20,5.128
7529677583630290189,raghudamanta,2025-07-21,,No Transcript,0.0,0,578,57,7,64,11.073
7529677937214377230,diyaditya.powdyel,2025-07-21,,No Transcript,0.0,0,278,34,6,40,14.388
7529790808984128798,theteammartin,2025-07-22,,No Transcript,0.0,0,66,2,0,2,3.03
7529791883132931358,theteammartin,2025-07-21,,No Transcript,0.0,0,315,4,0,4,1.27
7529796276779601183,theteammartin,2025-07-21,,No Transcript,0.0,0,308,5,0,5,1.623
7529796913776971038,theteammartin,2025-07-22,,No Transcript,0.0,0,102,4,0,4,3.922
7529797544096927007,theteammartin,2025-07-22,,No Transcript,0.0,0,353,10,1,11,3.116
7529901252285664542,prajina44,2025-07-22,,No Transcript,0.0,0,1516,75,13,88,5.805
7529903826791386399,ks_shopdeals7,2025-07-22,,No Transcript,0.0,0,55,0,0,0,0.0
7529904362567568671,ks_shopdeals7,2025-07-22,,No Transcript,0.0,0,72,0,0,0,0.0
7529920172216438029,maria.gutierrez776,2025-07-22,,No Transcript,0.0,0,212,5,3,8,3.774
7529949500450852127,dependabledave,2025-07-22,,No Transcript,0.0,0,293,1,0,1,0.341
7529949717803978015,dependabledave,2025-07-22,,No Transcript,0.0,0,292,1,0,1,0.342
7529956553470807327,fade_suss,2025-07-22,,No Transcript,0.0,0,332,3,0,3,0.904
7530051666528308494,koachkerr,2025-07-22,,No Transcript,0.0,0,733,10,2,12,1.637
7530092479190682893,ranju_adh,2025-07-23,,No Transcript,0.0,0,130,21,3,24,18.462
7530407438567099661,diyaditya.powdyel,2025-07-23,,No Transcript,0.0,0,386,24,7,31,8.031
7530489256003816759,mydogsandkids,2025-07-24,,No Transcript,0.0,0,302,0,0,0,0.0
7530639000487365901,diyaditya.powdyel,2025-07-24,,No Transcript,0.0,0,441,16,7,23,5.215
7530684399134772535,arynf7,2025-07-24,,No Transcript,0.0,0,359,5,1,6,1.671
7530793904665283870,fade_suss,2025-07-24,,No Transcript,0.0,0,2171,15,1,16,0.737
7530819986089151757,melisuri14220,2025-07-24,,No Transcript,0.0,0,181,38,38,76,41.989
7530925613981519159,koachkerr,2025-07-24,,No Transcript,0.0,0,401,6,1,7,1.746
7530995617179454733,dependabledave,2025-07-25,,No Transcript,0.0,0,323,0,0,0,0.0
7530996057577213239,dependabledave,2025-07-25,,No Transcript,0.0,0,5,0,0,0,0.0
7530997262101646622,dependabledave,2025-07-25,,No Transcript,0.0,0,294,2,0,2,0.68
7531178880367856909,diyaditya.powdyel,2025-07-26,,No Transcript,0.0,0,390,18,6,24,6.154
7531199494600281358,raghudamanta,2025-07-25,,No Transcript,0.0,0,518,34,2,36,6.95
7531216254615457055,comebackqueenv,2025-07-26,,No Transcript,0.0,0,317,9,5,14,4.416
7531447953127394590,dancingladycyndi,2025-07-26,,No Transcript,0.0,0,591,33,39,72,12.183
7531452915223940382,fade_suss,2025-07-26,,No Transcript,0.0,0,721,9,0,9,1.248
7531483994978798878,tasharaby5,2025-07-26,,No Transcript,0.0,0,367,5,0,5,1.362
7531488338440637726,courtneywilliams.xoxo,2025-07-26,,No Transcript,0.0,0,5939,30,3,33,0.556
7531554222341442829,arynf7,2025-07-26,,No Transcript,0.0,0,186,2,0,2,1.075
7531818664618675511,koachkerr,2025-07-27,,No Transcript,0.0,0,529,7,2,9,1.701
7531921658488343838,shelbykitzmiller,2025-07-28,,No Transcript,0.0,0,533,4,4,8,1.501
7531934722805533965,roxi.flores24,2025-07-28,,No Transcript,0.0,0,316,23,5,28,8.861
7532173262512573710,byyinyer,2025-07-28,,No Transcript,0.0,0,48,3,1,4,8.333
7532183420596653326,byyinyer,2025-07-28,,No Transcript,0.0,0,66,1,1,2,3.03
7532243459000814879,fade_suss,2025-07-28,,No Transcript,0.0,0,473,10,0,10,2.114
7532300103789382967,taylorrcaton,2025-07-29,,No Transcript,0.0,0,2088,21,19,40,1.916
7532343530514074894,melisuri14220,2025-07-29,,No Transcript,0.0,0,100,23,11,34,34.0
7532380471657893151,prajina44,2025-07-29,,No Transcript,0.0,0,1399,57,15,72,5.147
7532524863337008439,melisuri14220,2025-07-29,,No Transcript,0.0,0,98,21,12,33,33.673
7532581289220787511,mariaantoniacabre14,2025-07-29,,No Transcript,0.0,0,1025,64,5,69,6.732
7532628376863952158,lifewithmsharp,2025-07-29,,No Transcript,0.0,0,1033,12,3,15,1.452
7532636464992062751,kyrasaige,2025-07-29,,No Transcript,0.0,0,2398,43,0,43,1.793
7532723499887021326,____mother____,2025-07-29,,No Transcript,0.0,0,128,0,0,0,0.0
7532900137434090807,____mother____,2025-07-30,,No Transcript,0.0,0,247,1,0,1,0.405
7533335805041888525,mariaantoniacabre14,2025-07-31,,No Transcript,0.0,0,767,42,0,42,5.476
7533572893435858207,trishbru,2025-08-01,,No Transcript,0.0,0,89,18,12,30,33.708
7533676130750991671,radhachamlagain,2025-08-01,,No Transcript,0.0,0,292,45,17,62,21.233
7533783921746660621,lillythacker,2025-08-02,,No Transcript,0.0,0,399,10,1,11,2.757
7533789010389519671,lillythacker,2025-08-02,,No Transcript,0.0,0,560,16,0,16,2.857
7533791386391383351,lillythacker,2025-08-01,,No Transcript,0.0,0,604,10,1,11,1.821
7533833456669756702,comebackqueenv,2025-08-02,,No Transcript,0.0,0,341,7,0,7,2.053
7534002892706008350,comebackqueenv,2025-08-02,,No Transcript,0.0,0,206,5,4,9,4.369
7534053897023884574,b2theritt2,2025-08-02,,No Transcript,0.0,0,248,0,0,0,0.0
7534054597350919454,b2theritt2,2025-08-02,,No Transcript,0.0,0,599,11,2,13,2.17
7534198574976945422,ranju_adh,2025-08-03,,No Transcript,0.0,0,311,45,2,47,15.113
7534255442256563486,b2theritt2,2025-08-03,,No Transcript,0.0,0,516,13,2,15,2.907
7534566341555014967,ranju_adh,2025-08-04,,No Transcript,0.0,0,200,43,0,43,21.5
7534822358423457038,mariaantoniacabre14,2025-08-04,,No Transcript,0.0,0,1017,39,5,44,4.326
7534883651247492382,kelkat_,2025-08-04,,No Transcript,0.0,0,595,15,0,15,2.521
7535068349047311671,lillythacker,2025-08-05,,No Transcript,0.0,0,0,0,0,0,0
7535068883879857421,lillythacker,2025-08-05,,No Transcript,0.0,0,503,24,1,25,4.97
7535093543962987807,shelbykitzmiller,2025-08-05,,No Transcript,0.0,0,178,0,0,0,0.0
7535166489872043278,itscharislove,2025-08-05,,No Transcript,0.0,0,11293,202,1,203,1.798
7535206914364280095,shelbykitzmiller,2025-08-05,,No Transcript,0.0,0,63,0,0,0,0.0
7535215914334047519,shelbykitzmiller,2025-08-05,,No Transcript,0.0,0,830,13,0,13,1.566
7535503229354822967,arynf7,2025-08-06,,No Transcript,0.0,0,182,2,2,4,2.198
7535907187009293582,itscharislove,2025-08-07,,No Transcript,0.0,0,1,0,0,0,0.0
7535920119181102350,kyrasaige,2025-08-07,,No Transcript,0.0,0,622,6,0,6,0.965
7535923428809805087,shelbykitzmiller,2025-08-07,,No Transcript,0.0,0,754,10,0,10,1.326
7536293800063405325,ant0neta,2025-08-08,,No Transcript,0.0,0,1708,13,0,13,0.761
7536328503415803149,arynf7,2025-08-08,,No Transcript,0.0,0,394,6,2,8,2.03
7537011315819236638,kyrahlisy,2025-08-10,,No Transcript,0.0,0,449,0,0,0,0.0
7537029916995374367,yadiracuba86,2025-08-10,,No Transcript,0.0,0,51,9,4,13,25.49
7537036754872798495,yadiracuba86,2025-08-10,,No Transcript,0.0,0,68,5,3,8,11.765
7537096969274035511,hipppievibes,2025-08-10,,No Transcript,0.0,0,1500,33,4,37,2.467
7537716793964580126,yadiracuba86,2025-08-12,,No Transcript,0.0,0,0,0,0,0,0
7537858482062544158,yadiracuba86,2025-08-13,,No Transcript,0.0,0,206,8,7,15,7.282
7537994537600355639,hitmeonmycelly,2025-08-13,,No Transcript,0.0,0,756,0,0,0,0.0
7538179544138730765,all.too.sam,2025-08-13,,No Transcript,0.0,0,371,7,2,9,2.426
7538265238865530142,yadiracuba86,2025-08-14,,No Transcript,0.0,0,84,8,5,13,15.476
7538270416180170014,yadiracuba86,2025-08-14,,No Transcript,0.0,0,64,7,5,12,18.75
7538540153866882359,townfamilyfinds,2025-08-14,,No Transcript,0.0,0,2151,21,1,22,1.023
7538963696144452919,townfamilyfinds,2025-08-15,,No Transcript,0.0,0,2013,17,0,17,0.845
7539354880998133022,chelseynaak,2025-08-16,,No Transcript,0.0,0,238,9,0,9,3.782
7539392880587083038,yadiracuba86,2025-08-17,,No Transcript,0.0,0,74,6,4,10,13.514
7539397858374585630,yadiracuba86,2025-08-17,,No Transcript,0.0,0,72,9,3,12,16.667
7539585771649436941,arynf7,2025-08-17,,No Transcript,0.0,0,211,5,2,7,3.318
7539632006381014327,annekoii,2025-08-17,,No Transcript,0.0,0,637,6,1,7,1.099
7539655380025019662,townfamilyfinds,2025-08-17,,No Transcript,0.0,0,2777,13,0,13,0.468
7539676446164274462,kelkat_,2025-08-17,,No Transcript,0.0,0,446,4,0,4,0.897
7539723065496784142,arynf7,2025-08-18,,No Transcript,0.0,0,344,7,1,8,2.326
7539940861744925965,townfamilyfinds,2025-08-18,,No Transcript,0.0,0,991,6,1,7,0.706
7540261985527614733,laurensiracusa_,2025-08-19,,No Transcript,0.0,0,492,4,0,4,0.813
7540394198797700365,kayycookie6,2025-08-19,,No Transcript,0.0,0,350,17,1,18,5.143
7540404951219047694,townfamilyfinds,2025-08-19,,No Transcript,0.0,0,16871,11,0,11,0.065
7540477233060777246,theteammartin,2025-08-20,,No Transcript,0.0,0,195,7,0,7,3.59
7540504517436017951,theteammartin,2025-08-20,,No Transcript,0.0,0,317,5,1,6,1.893
7540766853287693582,kayycookie6,2025-08-20,,No Transcript,0.0,0,534,4,0,4,0.749
7540777827306638647,kayycookie6,2025-08-20,,No Transcript,0.0,0,367,1,0,1,0.272
7540806018477968654,kayycookie6,2025-08-20,,No Transcript,0.0,0,634,3,0,3,0.473
7540848596053232926,yadiracuba86,2025-08-20,,No Transcript,0.0,0,46,0,0,0,0.0
7541021111320874254,kayycookie6,2025-08-21,,No Transcript,0.0,0,311,4,0,4,1.286
7541118382423198990,kayycookie6,2025-08-21,,No Transcript,0.0,0,336,2,0,2,0.595
7541167628199529741,kayycookie6,2025-08-21,,No Transcript,0.0,0,208,0,0,0,0.0
7541561557675822350,arynf7,2025-08-22,,No Transcript,0.0,0,169,6,2,8,4.734
7542300351223926047,chelseynaak,2025-08-24,,No Transcript,0.0,0,161,3,0,3,1.863
7542576355372731679,chelseynaak,2025-08-25,,No Transcript,0.0,0,163,4,0,4,2.454
7542600837890166029,townfamilyfinds,2025-08-25,,No Transcript,0.0,0,13808,76,12,88,0.637
7543036712734264607,dealzfromtiktok,2025-08-26,,No Transcript,0.0,0,331,3,0,3,0.906
7543786030806109453,kayycookie6,2025-08-28,,No Transcript,0.0,0,254,1,0,1,0.394
7543851546048466189,ben.buys,2025-08-29,,No Transcript,0.0,0,837,8,0,8,0.956
7545451438919503159,arynf7,2025-09-02,,No Transcript,0.0,0,269,2,1,3,1.115
7545962121486454047,ttshopdeals_07,2025-09-03,,No Transcript,0.0,0,836,2,0,2,0.239
7545966984962379021,arynf7,2025-09-03,,No Transcript,0.0,0,73,4,1,5,6.849
7547449695438638349,jordantwiss,2025-09-07,,No Transcript,0.0,0,320,4,0,4,1.25
7547463057610509582,arynf7,2025-09-07,,No Transcript,0.0,0,754,13,1,14,1.857
7547871047584861495,ttshopdeals_07,2025-09-08,,No Transcript,0.0,0,460,2,0,2,0.435
7548151712238898487,townfamilyfinds,2025-09-09,,No Transcript,0.0,0,2793,17,0,17,0.609
7548210200348527885,arynf7,2025-09-09,,No Transcript,0.0,0,794,13,3,16,2.015
7548629707315596557,ttshopdeals_07,2025-09-10,,No Transcript,0.0,0,320,2,0,2,0.625
7548850341828119839,ttshopdeals_07,2025-09-11,,No Transcript,0.0,0,342,0,0,0,0.0
7548894817405685006,marissarenee91,2025-09-11,,No Transcript,0.0,0,683,28,12,40,5.857
7548941439904812301,arynf7,2025-09-11,,No Transcript,0.0,0,344,3,1,4,1.163
7549168420906962207,chelseynaak,2025-09-12,,No Transcript,0.0,0,408,2,0,2,0.49
7549321038199360782,arynf7,2025-09-12,,No Transcript,0.0,0,107,0,0,0,0.0
7549583646915644686,arynf7,2025-09-13,,No Transcript,0.0,0,241,4,1,5,2.075
7549641583931510030,ttshopdeals_07,2025-09-13,,No Transcript,0.0,0,859,2,0,2,0.233
7549949490527096077,ben.buys,2025-09-14,,No Transcript,0.0,0,127,0,0,0,0.0
7550046908753005879,ben.buys,2025-09-14,,No Transcript,0.0,0,745,4,0,4,0.537
7550270504435731726,arynf7,2025-09-15,,No Transcript,0.0,0,176,4,1,5,2.841
7550450476043554062,arynf7,2025-09-15,,No Transcript,0.0,0,100,1,0,1,1.0
7550659944693910814,chelseynaak,2025-09-16,,No Transcript,0.0,0,223,8,0,8,3.587
7550857712754511117,arynf7,2025-09-16,,No Transcript,0.0,0,6735,32,1,33,0.49
7553074205307194655,j.a.c.k.3d,2025-09-23,,No Transcript,0.0,0,324,0,0,0,0.0
7553074513697574175,j.a.c.k.3d,2025-09-23,,No Transcript,0.0,0,338,0,0,0,0.0
7553075513040866590,j.a.c.k.3d,2025-09-22,,No Transcript,0.0,0,356,0,0,0,0.0
7553075772634811679,j.a.c.k.3d,2025-09-23,,No Transcript,0.0,0,378,0,0,0,0.0
7553508251833273631,jasminemccallum25,2025-09-24,,No Transcript,0.0,0,883,45,11,56,6.342
7554346917526883597,arynf7,2025-09-26,,No Transcript,0.0,0,262,6,1,7,2.672
7554873475018542349,katysville,2025-09-27,,No Transcript,0.0,0,363,5,0,5,1.377
7555248385037569311,autobrush,2025-09-28,,No Transcript,0.0,0,0,0,0,0,0
7555288496655715598,all.too.sam,2025-09-28,,No Transcript,0.0,0,580,14,5,19,3.276
7556246907660668173,_nunuhawkins,2025-10-01,,No Transcript,0.0,0,384,0,0,0,0.0
7556404327393299725,moreniketyi,2025-10-01,,No Transcript,0.0,0,483,7,2,9,1.863
7557015769494703390,witewee,2025-10-03,,No Transcript,0.0,0,1212,24,7,31,2.558
7557035710914546958,getting.chic.done,2025-10-03,,No Transcript,0.0,0,1184,21,3,24,2.027
7558446125720653086,soy.lachiki,2025-10-07,,No Transcript,0.0,0,425,34,7,41,9.647
7558801127093964063,soy.lachiki,2025-10-08,,No Transcript,0.0,0,1014,23,2,25,2.465
7558881150144498975,b2theritt2,2025-10-08,,No Transcript,0.0,0,5,0,0,0,0.0
7558883077959847199,b2theritt2,2025-10-08,"Your parent, I know how stressful it is trying",Direct Audience Call-Out,0.0,0,15199,11,4,15,0.099
7559190105043324191,soy.lachiki,2025-10-09,,No Transcript,0.0,0,530,17,1,18,3.396
7559224762879200542,chelseycolee,2025-10-09,,No Transcript,0.0,0,545,27,3,30,5.505
7559646900043910414,christinasfaves,2025-10-10,,No Transcript,0.0,0,298,27,22,49,16.443
7560172401657531678,autobrush,2025-10-12,,No Transcript,0.0,0,0,0,0,0,0
7560484937518910733,rachelmadisoncarlisle,2025-10-12,,No Transcript,0.0,0,7512,75,9,84,1.118
7560727647815355662,christinasfaves,2025-10-13,,No Transcript,0.0,0,0,0,0,0,0
7560728952990453047,christinasfaves,2025-10-13,,No Transcript,0.0,0,241,14,15,29,12.033
7561060475883031838,sierraxeastonxkids,2025-10-14,,No Transcript,0.0,0,3200,0,0,0,0.0
7562276008175373582,christinasfaves,2025-10-17,,No Transcript,0.0,0,0,0,0,0,0
7562276405455703351,christinasfaves,2025-10-17,,No Transcript,0.0,0,301,11,16,27,8.97
7562278858754428174,christinasfaves,2025-10-17,,No Transcript,0.0,0,161,17,23,40,24.845
7562792383792925982,theteammartin,2025-10-19,,No Transcript,0.0,0,293,3,0,3,1.024
7562793365335559455,theteammartin,2025-10-19,,No Transcript,0.0,0,1571,8,0,8,0.509
7562876199857425695,lvskinnyva,2025-10-19,,No Transcript,0.0,0,292,1,0,1,0.342
7562974232120921358,christinasfaves,2025-10-19,,No Transcript,0.0,0,230,24,35,59,25.652
7563310307964161335,christinasfaves,2025-10-20,,No Transcript,0.0,0,389,16,27,43,11.054
7563316378766150925,christinasfaves,2025-10-20,,No Transcript,0.0,0,154,28,41,69,44.805
7563386677306182926,emileymcguire,2025-10-20,,No Transcript,0.0,0,7443,24,0,24,0.322
7563483969577094430,theteammartin,2025-10-21,,No Transcript,0.0,0,373,5,2,7,1.877
7563741506444479757,radhikapokwal0,2025-10-21,,No Transcript,0.0,0,755,10,8,18,2.384
7563855808409193742,jackiemandy,2025-10-21,,No Transcript,0.0,0,362,5,2,7,1.934
7563861505523993869,radhikapokwal0,2025-10-22,,No Transcript,0.0,0,917,70,8,78,8.506
7564029387360734495,brit_bia,2025-10-22,,No Transcript,0.0,0,34,2,0,2,5.882
7564193701489036575,b2theritt2,2025-10-22,,No Transcript,0.0,0,68,6,1,7,10.294
7564230567315721502,babyeddie3d,2025-10-23,,No Transcript,0.0,0,157,6,0,6,3.822
7564421541400808717,saraygiron.1,2025-10-23,,No Transcript,0.0,0,62,7,0,7,11.29
7564423108396961037,saraygiron.1,2025-10-23,,No Transcript,0.0,0,101,9,1,10,9.901
7564434115336932663,saraygiron.1,2025-10-23,,No Transcript,0.0,0,81,10,2,12,14.815
7564512606992518455,kylie_1236,2025-10-23,,No Transcript,0.0,0,34,3,1,4,11.765
7564516306502831373,kylie_1236,2025-10-23,,No Transcript,0.0,0,59,2,0,2,3.39
7564572793069767967,anierrein,2025-10-24,,No Transcript,0.0,0,174,7,2,9,5.172
7564603943578291469,meganboymom2,2025-10-24,,No Transcript,0.0,0,344,4,0,4,1.163
7564604876236393742,meganboymom2,2025-10-23,,No Transcript,0.0,0,82,3,0,3,3.659
7564608035356740919,meganboymom2,2025-10-23,,No Transcript,0.0,0,236,4,0,4,1.695
7564631750408801591,babyalahia11,2025-10-24,,No Transcript,0.0,0,126,9,0,9,7.143
7564631917220400439,babyalahia11,2025-10-24,,No Transcript,0.0,0,366,8,1,9,2.459
7564631986606804237,babyalahia11,2025-10-24,,No Transcript,0.0,0,257,13,0,13,5.058
7564790366382132493,saraygiron.1,2025-10-24,,No Transcript,0.0,0,77,6,0,6,7.792
7564844122041765150,baccaro_tts,2025-10-24,,No Transcript,0.0,0,365,2,0,2,0.548
7564857091345730847,tikamagar8543,2025-10-24,,No Transcript,0.0,0,123,18,3,21,17.073
7564861108062850334,baccaro_tts,2025-10-24,,No Transcript,0.0,0,1209,4,0,4,0.331
7564881744181185822,baccaro_tts,2025-10-24,,No Transcript,0.0,0,351,0,0,0,0.0
7564897391451573518,kylie_1236,2025-10-24,,No Transcript,0.0,0,37,3,2,5,13.514
7564899735841049911,fabiannehill,2025-10-24,,No Transcript,0.0,0,109,12,6,18,16.514
7564903060468682014,soy.lachiki,2025-10-24,,No Transcript,0.0,0,240,15,0,15,6.25
7564950486231600439,baccaro_tts,2025-10-25,,No Transcript,0.0,0,569,4,0,4,0.703
7565000690569973023,lvskinnyva,2025-10-25,,No Transcript,0.0,0,1342,18,0,18,1.341
7565222739053727006,joyfilledbybrittany,2025-10-25,,No Transcript,0.0,0,223,5,0,5,2.242
7565247233583516958,soy.lachiki,2025-10-25,,No Transcript,0.0,0,208,9,2,11,5.288
7565292368929361207,whitneyybh,2025-10-25,,No Transcript,0.0,0,483,12,2,14,2.899
7565308000164941069,peteypablo1990,2025-10-25,,No Transcript,0.0,0,86,0,0,0,0.0
7565358332911815950,damarisramosgt,2025-10-26,,No Transcript,0.0,0,72,1,0,1,1.389
7565371045608230157,tarachubzpub,2025-10-26,,No Transcript,0.0,0,65,2,0,2,3.077
7565371246842613006,tarachubzpub,2025-10-26,,No Transcript,0.0,0,63,3,0,3,4.762
7565393356822498573,robe_finds,2025-10-26,,No Transcript,0.0,0,441,5,3,8,1.814
7565591393687686431,autobrush,2025-10-26,,No Transcript,0.0,0,0,0,0,0,0
7565665701143399710,rekhabhujel03,2025-10-26,,No Transcript,0.0,0,342,21,1,22,6.433
7565669741612879134,rekhabhujel03,2025-10-26,,No Transcript,0.0,0,481,28,3,31,6.445
7565732766378118413,babyalahia11,2025-10-27,,No Transcript,0.0,0,132,3,0,3,2.273
7565884955503398175,sierraxeastonxkids,2025-10-27,"(Sound of brushing and children's voices) ""Good job brushing",Other / No Clear Hook,0.0,0,280285,20472,115,20587,7.345
7565921659476086071,christinasfaves,2025-10-27,,No Transcript,0.0,0,589,28,47,75,12.733
7565981583501544734,sally.neopaney04,2025-10-27,,No Transcript,0.0,0,427,39,7,46,10.773
7566040170684845367,robe_finds,2025-10-27,So you wake up and you grab your toothbrush,Personal Story / POV,0.0,0,1590,8,2,10,0.629
7566041553500638519,robe_finds,2025-10-27,,No Transcript,0.0,0,755,4,0,4,0.53
7566047930134662414,damarisramosgt,2025-10-27,,No Transcript,0.0,0,320,2,0,2,0.625
7566082286710525198,tarachubzpub,2025-10-28,,No Transcript,0.0,0,407,2,0,2,0.491
7566082400871009550,damarisramosgt,2025-10-27,,No Transcript,0.0,0,268,1,0,1,0.373
7566084754852859191,damarisramosgt,2025-10-27,,No Transcript,0.0,0,13,0,0,0,0.0
7566088237014387981,damarisramosgt,2025-10-28,,No Transcript,0.0,0,296,1,0,1,0.338
7566090282408660238,damarisramosgt,2025-10-28,,No Transcript,0.0,0,286,1,0,1,0.35
7566256911000112415,sally.neopaney04,2025-10-28,,No Transcript,0.0,0,295,37,3,40,13.559
7566284900215655693,damarisramosgt,2025-10-28,,No Transcript,0.0,0,21,0,0,0,0.0
7566293606642748702,lynnq673_2.0,2025-10-28,,No Transcript,0.0,0,281,1,0,1,0.356
7566316150003371278,tarachubzpub,2025-10-28,,No Transcript,0.0,0,364,3,0,3,0.824
7566316310586494239,gabbysmithco,2025-10-28,,No Transcript,0.0,0,125,3,0,3,2.4
7566419328128617758,geespamz,2025-10-28,,No Transcript,0.0,0,711,5,0,5,0.703
7566485430221294903,damarisramosgt,2025-10-29,,No Transcript,0.0,0,77,0,1,1,1.299
7566487288406985998,damarisramosgt,2025-10-29,,No Transcript,0.0,0,38,1,1,2,5.263
7566766378837904670,soy.lachiki,2025-10-29,,No Transcript,0.0,0,110,8,1,9,8.182
7566916425089125645,arielabayonne,2025-10-29,,No Transcript,0.0,0,11,0,0,0,0.0
7566967102893083935,lvskinnyva,2025-10-30,,No Transcript,0.0,0,474,7,0,7,1.477
7567079970154024206,julissagarmendia,2025-10-30,,No Transcript,0.0,0,261,2,0,2,0.766
7567110657250823437,julissagarmendia,2025-10-30,,No Transcript,0.0,0,185,2,0,2,1.081
7567187912236862733,bmm993,2025-10-31,I DON'T BRUSH MY KIDS TEETH. I don't brush,Curiosity / Open Loop,0.0,0,53959,1334,15,1349,2.5
7567242259519786270,shoppingessentials2.0,2025-10-31,,No Transcript,0.0,0,72,0,0,0,0.0
7567814361683627295,sally.neopaney04,2025-11-01,,No Transcript,0.0,0,543,32,3,35,6.446
7567846007912942878,kelkat_,2025-11-01,,No Transcript,0.0,0,674,3,0,3,0.445
7567853041303555341,kayycookie6,2025-11-01,,No Transcript,0.0,0,527,9,0,9,1.708
7567941681903963423,lovingsoberlife_84,2025-11-02,,No Transcript,0.0,0,353,3,0,3,0.85
7567945828875193631,lovingsoberlife_84,2025-11-01,,No Transcript,0.0,0,3,0,0,0,0.0
7567951258447826231,leslieanne1026,2025-11-02,,No Transcript,0.0,0,424,14,2,16,3.774
7567993620377259319,eli830410,2025-11-02,,No Transcript,0.0,0,61,10,7,17,27.869
7567998971839352078,eli830410,2025-11-02,,No Transcript,0.0,0,88,11,9,20,22.727
7568088417418874125,affiliate_mama_with_deb,2025-11-02,,No Transcript,0.0,0,124,7,4,11,8.871
7568159746407140638,thedoublediscount,2025-11-02,,No Transcript,0.0,0,171,0,0,0,0.0
7568204703612341535,kristkksjo8,2025-11-02,,No Transcript,0.0,0,111,0,0,0,0.0
7568221983805115679,thedoublediscount,2025-11-02,,No Transcript,0.0,0,111,1,0,1,0.901
7568226089420541239,nikkinagle,2025-11-02,,No Transcript,0.0,0,298,4,0,4,1.342
7568234884557212983,nikkinagle,2025-11-02,,No Transcript,0.0,0,289,1,0,1,0.346
7568240148450692407,nikkinagle,2025-11-02,,No Transcript,0.0,0,42,1,0,1,2.381
7568259258559532319,soy.lachiki,2025-11-02,"Ay, el hijo mío siempre tengo yo que estarle",Problem / Pain Point,0.0,0,141,5,0,5,3.546
7568296810301689118,thedoublediscount,2025-11-03,and they come unstuck Fading on and down to,Other / No Clear Hook,0.0,0,128,0,0,0,0.0
7568297432669244685,nikkinagle,2025-11-02,,No Transcript,0.0,0,93,2,0,2,2.151
7568351982461750583,damarisramosgt,2025-11-03,Nunca había sido tan fácil de limpiar tus dientes,Bold Claim / Benefit,0.0,0,300,1,0,1,0.333
7568352561946840333,damarisramosgt,2025-11-03,Desde que me adquirí este cepillito de autobruxe con,Social Proof / Testimonial,0.0,0,59,0,0,0,0.0
7568355395329133838,damarisramosgt,2025-11-03,¿Quieres que la manera de cepillarle los dientecitos a,Question,0.0,0,82,0,0,0,0.0
7568460009110048055,affiliate_mama_with_deb,2025-11-03,,No Transcript,0.0,0,106,2,1,3,2.83
7568550026985622798,julissagarmendia,2025-11-03,Empezar a cuidar tus dientes desde muy temprana edad,Bold Claim / Benefit,0.0,0,215,8,0,8,3.721
7568574978883325198,ladyglowofficial,2025-11-03,,No Transcript,0.0,0,122,4,0,4,3.279
7568693674024979743,lovingsoberlife_84,2025-11-04,Look at how adorable this kid's toothbrush is! It's,Demo / Product Intro,0.0,0,22,0,0,0,0.0
7568703163834944799,shoppingessentials69,2025-11-04,,No Transcript,0.0,0,44,0,0,0,0.0
7568751524570991903,janetmosqueda7,2025-11-04,,No Transcript,0.0,0,584,24,6,30,5.137
7568820524336434445,affiliate_mama_with_deb,2025-11-04,,No Transcript,0.0,0,139,5,2,7,5.036
7568863997454241054,texas.queen1,2025-11-04,,No Transcript,0.0,0,295,3,1,4,1.356
7568896575506828574,shoppingessentials69,2025-11-04,,No Transcript,0.0,0,23,0,0,0,0.0
7568902006413217054,brit_bia,2025-11-04,,No Transcript,0.0,0,645,15,8,23,3.566
7568907158314700063,texas.queen1,2025-11-04,,No Transcript,0.0,0,146,2,1,3,2.055
7568917001343733022,soy.lachiki,2025-11-04,,No Transcript,0.0,0,0,0,0,0,0
7568917672046382367,soy.lachiki,2025-11-04,,No Transcript,0.0,0,46,6,0,6,13.043
7568945742715292942,jxdysa,2025-11-04,,No Transcript,0.0,0,359,16,2,18,5.014
7569037125602004279,orismarfarinas,2025-11-05,,No Transcript,0.0,0,289,5,0,5,1.73
7569062697107557663,shoppingessentials69,2025-11-05,,No Transcript,0.0,0,44,0,0,0,0.0
7569070228399738142,prosperitypathmastery,2025-11-05,,No Transcript,0.0,0,698,0,0,0,0.0
7569223196369505566,lafamiliallanes,2025-11-05,,No Transcript,0.0,0,87,6,1,7,8.046
7569246305109773598,shoppingessentials69,2025-11-05,,No Transcript,0.0,0,36,0,0,0,0.0
7569318382227442957,honestamandafinds,2025-11-07,,No Transcript,0.0,0,306,4,0,4,1.307
7569345882915605774,mariah_uncut,2025-11-05,,No Transcript,0.0,0,56,2,0,2,3.571
7569381562710560031,baileyonabudget,2025-11-05,,No Transcript,0.0,0,22,0,0,0,0.0
7569392339395906829,raisethemhappy,2025-11-05,,No Transcript,0.0,0,133,3,0,3,2.256
7569393108320881975,raisethemhappy,2025-11-05,,No Transcript,0.0,0,232,1,0,1,0.431
7569449707978640654,kamalaneopaney,2025-11-05,,No Transcript,0.0,0,1286,180,119,299,23.25
7569499458040368415,laclaudiaviral,2025-11-05,,No Transcript,0.0,0,37,1,0,1,2.703
7569522478138035470,robe_finds,2025-11-09,It only took him until 2024 and 90 years,Curiosity / Open Loop,0.0,0,740,3,0,3,0.405
7569525594392628494,robe_finds,2025-11-11,"1000 bristles versus 58,000. And the reason this has",Bold Claim / Benefit,0.0,0,732,3,0,3,0.41
7569692443877084446,soy.lachiki,2025-11-06,,No Transcript,0.0,0,64,10,0,10,15.625
7569794148526476575,laclaudiaviral,2025-11-07,,No Transcript,0.0,0,44,2,0,2,4.545
7569796588781063438,lluvializcervantes,2025-11-07,,No Transcript,0.0,0,320,5,0,5,1.562
7569805869102157086,shania101304,2025-11-07,,No Transcript,0.0,0,411,4,1,5,1.217
7569808959796759838,lovingsoberlife_84,2025-11-07,,No Transcript,0.0,0,32,1,0,1,3.125
7569943324375698718,tonya.sachika,2025-11-07,,No Transcript,0.0,0,230,7,11,18,7.826
7569975891506302238,autobrush,2025-11-07,,No Transcript,0.0,0,0,0,0,0,0
7569991083124460855,raisethemhappy,2025-11-07,,No Transcript,0.0,0,218,2,2,4,1.835
7570111191498919181,leslieanne1026,2025-11-07,,No Transcript,0.0,0,337,13,5,18,5.341
7570135521163234615,kamalaneopaney,2025-11-07,,No Transcript,0.0,0,1307,159,108,267,20.428
7570136328596213005,lluvializcervantes,2025-11-07,,No Transcript,0.0,0,331,5,3,8,2.417
7570499974413290807,affiliate_mama_with_deb,2025-11-08,,No Transcript,0.0,0,126,4,4,8,6.349
7570505818328599821,justuskingsstudios,2025-11-08,,No Transcript,0.0,0,57,2,0,2,3.509
7570509004430920974,bellahana20,2025-11-09,,No Transcript,0.0,0,3192,69,41,110,3.446
7570522491328711949,selfmadeandsavvy,2025-11-09,,No Transcript,0.0,0,110,2,1,3,2.727
7570529940148407582,lindzey.jensen,2025-11-09,,No Transcript,0.0,0,155,0,0,0,0.0
7570555184036810014,shoppingessentials69,2025-11-08,,No Transcript,0.0,0,33,1,0,1,3.03
7570788158565059870,torihughes2871,2025-11-09,,No Transcript,0.0,0,351,3,0,3,0.855
7570819110418795807,soy.lachiki,2025-11-09,,No Transcript,0.0,0,105,13,1,14,13.333
7570872943371160845,hilaryyusko,2025-11-09,,No Transcript,0.0,0,336,6,1,7,2.083
7570919549034319134,shoppingessentials69,2025-11-10,,No Transcript,0.0,0,78,0,0,0,0.0
7571122843891600654,ladyglowofficial,2025-11-10,,No Transcript,0.0,0,187,4,0,4,2.139
7571244893880716557,eyeamdreams,2025-11-10,,No Transcript,0.0,0,33,2,0,2,6.061
7571266482080943374,saraygiron.1,2025-11-11,,No Transcript,0.0,0,109,5,0,5,4.587
7571274124035722510,eyeamdreams,2025-11-11,,No Transcript,0.0,0,155,2,0,2,1.29
7571274523488587039,bigsea72,2025-11-11,,No Transcript,0.0,0,29,5,0,5,17.241
7571287376299904269,eli830410,2025-11-11,,No Transcript,0.0,0,54,15,5,20,37.037
7571341567722540301,eyeamdreams,2025-11-11,,No Transcript,0.0,0,47,1,1,2,4.255
7571444774717115661,ladyglowofficial,2025-11-11,,No Transcript,0.0,0,599,4,0,4,0.668
7571447855173356855,hilaryyusko,2025-11-11,,No Transcript,0.0,0,56,1,2,3,5.357
7571530966590672142,kristkksjo8,2025-11-11,,No Transcript,0.0,0,518,3,0,3,0.579
7571548731330350367,nicafamilymezahernandez,2025-11-11,,No Transcript,0.0,0,59,0,0,0,0.0
7571621779337153847,fastbrainwildheart,2025-11-11,,No Transcript,0.0,0,1325,20,5,25,1.887
7571626423715253518,lluviayaritza3,2025-11-11,,No Transcript,0.0,0,305,7,2,9,2.951
7571669191523175735,gypsythewitch,2025-11-11,,No Transcript,0.0,0,47,0,0,0,0.0
7571685147083361566,justviral04,2025-11-11,,No Transcript,0.0,0,188,0,0,0,0.0
7571821634315668767,uzairrashid103,2025-11-12,,No Transcript,0.0,0,187,19,3,22,11.765
7571846656233147661,www.tiktok.comsparklyaut,2025-11-12,,No Transcript,0.0,0,2,0,0,0,0.0
7571848022988950798,www.tiktok.comsparklyaut,2025-11-12,,No Transcript,0.0,0,29,0,0,0,0.0
7571849509437771021,www.tiktok.comsparklyaut,2025-11-12,,No Transcript,0.0,0,33,0,0,0,0.0
7571897530829573406,shoppingessentials69,2025-11-12,,No Transcript,0.0,0,63,0,0,0,0.0
7571954000048770317,x.grxxj,2025-11-12,,No Transcript,0.0,0,170,13,3,16,9.412
7571955904959057182,lindzey.jensen,2025-11-12,,No Transcript,0.0,0,644,0,0,0,0.0
7571988590079511839,lvskinnyva,2025-11-12,,No Transcript,0.0,0,399,1,0,1,0.251
7572003347968888094,lisa_marie_jeep_life,2025-11-13,,No Transcript,0.0,0,545,4,0,4,0.734
7572004224138071327,lisa_marie_jeep_life,2025-11-13,,No Transcript,0.0,0,616,1,0,1,0.162
7572006162489429279,lisa_marie_jeep_life,2025-11-13,,No Transcript,0.0,0,94,0,0,0,0.0
7572028379877231903,bigsea72,2025-11-13,,No Transcript,0.0,0,32,5,0,5,15.625
7572050134343617823,theteammartin,2025-11-13,,No Transcript,0.0,0,710,1,0,1,0.141
7572051034340642079,theteammartin,2025-11-13,,No Transcript,0.0,0,70,2,0,2,2.857
7572270552434462007,lluviayaritza3,2025-11-13,,No Transcript,0.0,0,562,7,3,10,1.779
7572276664349052215,forgotten.michigan,2025-11-13,,No Transcript,0.0,0,35,0,0,0,0.0
7572366728018054431,sabinalamichhane33,2025-11-14,,No Transcript,0.0,0,375,35,6,41,10.933
7572375550203809054,autobrush,2025-11-14,,No Transcript,0.0,0,0,0,0,0,0
7572405684608699662,,2025-11-13,,No Transcript,0.0,0,56,0,0,0,0.0
7572564238212877598,nuriramirez02,2025-11-14,,No Transcript,0.0,0,511,2,0,2,0.391
7572604310857551134,mamabrandee,2025-11-14,,No Transcript,0.0,0,793,1,0,1,0.126
7572606711677193486,d.i.a.n.a.b.r.o.o.k.s,2025-11-14,,No Transcript,0.0,0,44,9,0,9,20.455
7572608766726769951,autobrush,2025-11-14,,No Transcript,0.0,0,0,0,0,0,0
7572678013536554253,jenn.and.the.jamm,2025-11-14,,No Transcript,0.0,0,438,1,0,1,0.228
7572722504247086367,mamabrandee,2025-11-14,,No Transcript,0.0,0,1219,7,0,7,0.574
7572761576269221150,lisbethcastillo12,2025-11-15,,No Transcript,0.0,0,86,16,2,18,20.93
7572763100605091127,,2025-11-15,,No Transcript,0.0,0,284,0,0,0,0.0
7572803205495541022,lindzey.jensen,2025-11-15,,No Transcript,0.0,0,663,3,0,3,0.452
7573147395681193271,robe_finds,2025-11-16,"So you wake up and you grab your toothbrush,",Personal Story / POV,0.0,0,4921,33,2,35,0.711
7573148734251355406,robe_finds,2025-11-16,,No Transcript,0.0,0,839,3,0,3,0.358
7573151716204367159,robe_finds,2025-11-16,,No Transcript,0.0,0,692,3,0,3,0.434
7573154686753082637,robe_finds,2025-11-16,,No Transcript,0.0,0,712,2,0,2,0.281
7573389449325841695,justacouple155,2025-11-16,,No Transcript,0.0,0,455,2,0,2,0.44
7573509879499918647,kimberlyreashelle,2025-11-17,,No Transcript,0.0,0,503,4,0,4,0.795
7573515145603714334,chelseynaak,2025-11-17,,No Transcript,0.0,0,273,4,0,4,1.465
7573658837782170911,gabbysmithco,2025-11-17,,No Transcript,0.0,0,124,5,0,5,4.032
7573749489551379742,ashannbash,2025-11-17,,No Transcript,0.0,0,3514,66,3,69,1.964
7573830499718679839,autobrush,2025-11-17,,No Transcript,0.0,0,0,0,0,0,0
7573848837412949262,orismarfarinas,2025-11-18,,No Transcript,0.0,0,306,10,2,12,3.922
7573871531009330462,lindzey.jensen,2025-11-17,,No Transcript,0.0,0,15,0,0,0,0.0
7573901827297594654,saturnfreyja,2025-11-18,,No Transcript,0.0,0,126,5,0,5,3.968
7573924572743896375,babyalahia11,2025-11-17,,No Transcript,0.0,0,300,8,0,8,2.667
7574109873764420894,baileyonabudget,2025-11-18,,No Transcript,0.0,0,173,1,0,1,0.578
7574327434732948766,janetmosqueda7,2025-11-19,,No Transcript,0.0,0,363,24,3,27,7.438
7574606907873168670,autobrush,2025-11-20,,No Transcript,0.0,0,7,0,0,0,0.0
7574675834527583543,robe_finds,2025-11-20,,No Transcript,0.0,0,13858,39,5,44,0.318
7574837398991932727,lluvializcervantes,2025-11-20,,No Transcript,0.0,0,399,3,0,3,0.752
7574848297295170830,affiliate_mama_with_deb,2025-11-20,,No Transcript,0.0,0,0,0,0,0,0
7574929847521135902,autobrush,2025-11-20,,No Transcript,0.0,0,1,0,0,0,0.0
7574955478090911007,nuriramirez02,2025-11-20,,No Transcript,0.0,0,442,3,0,3,0.679
7574959296409013559,affiliate_mama_with_deb,2025-11-20,,No Transcript,0.0,0,454,3,3,6,1.322
7575262671780465975,affiliate_mama_with_deb,2025-11-21,,No Transcript,0.0,0,684,8,2,10,1.462
7575439175437077774,chronically.kristina,2025-11-21,,No Transcript,0.0,0,1126,0,0,0,0.0
7575647779511438606,damarisramosgt,2025-11-22,,No Transcript,0.0,0,66,0,0,0,0.0
7575723772116847885,lluviayaritza3,2025-11-22,,No Transcript,0.0,0,142,3,0,3,2.113
7575968835703000350,autobrush,2025-11-23,,No Transcript,0.0,0,4,0,0,0,0.0
7576042015016733983,keyonnarose1111,2025-11-23,,No Transcript,0.0,0,443,8,0,8,1.806
7576472421423729951,autobrush,2025-11-25,,No Transcript,0.0,0,18,0,0,0,0.0
7576499391184358687,bigsea72,2025-11-25,,No Transcript,0.0,0,50,2,0,2,4.0
7576512367278705951,lasmartitasmexicanfood,2025-11-24,,No Transcript,0.0,0,369,10,1,11,2.981
7576525952189091103,lasmartitasmexicanfood,2025-11-24,,No Transcript,0.0,0,859,10,2,12,1.397
7576810910417800478,yenismorales58,2025-11-25,,No Transcript,0.0,0,126,3,0,3,2.381
7576862422942633247,witchwithapendulum,2025-11-25,,No Transcript,0.0,0,193,1,1,2,1.036
7576889378161593613,darrellinreallife,2025-11-25,,No Transcript,0.0,0,647,3,0,3,0.464
7576916512053808397,jhounnedupuy1,2025-11-26,,No Transcript,0.0,0,429,6,1,7,1.632
7577124624840854839,jessicasttshopdeals,2025-11-26,,No Transcript,0.0,0,138,0,0,0,0.0
7577166913478905102,autobrush,2025-11-26,,No Transcript,0.0,0,0,0,0,0,0
7577166913478970638,autobrush,2025-11-26,,No Transcript,0.0,0,0,0,0,0,0
7577168674637843725,autobrush,2025-11-26,,No Transcript,0.0,0,0,0,0,0,0
7577168674637860109,autobrush,2025-11-26,,No Transcript,0.0,0,0,0,0,0,0
7577170651497205005,autobrush,2025-11-26,,No Transcript,0.0,0,0,0,0,0,0
7577172452741090574,autobrush,2025-11-26,,No Transcript,0.0,0,0,0,0,0,0
7577172996213705998,autobrush,2025-11-26,,No Transcript,0.0,0,0,0,0,0,0
7577172996213738766,autobrush,2025-11-26,,No Transcript,0.0,0,0,0,0,0,0
7577172996213755150,autobrush,2025-11-26,,No Transcript,0.0,0,0,0,0,0,0
7577172996213820686,autobrush,2025-11-26,,No Transcript,0.0,0,0,0,0,0,0
7577172996213837070,autobrush,2025-11-26,,No Transcript,0.0,0,0,0,0,0,0
7577172996213853454,autobrush,2025-11-26,,No Transcript,0.0,0,0,0,0,0,0
7577173185959841038,autobrush,2025-11-26,,No Transcript,0.0,0,0,0,0,0,0
7577173185959857422,autobrush,2025-11-26,,No Transcript,0.0,0,0,0,0,0,0
7577173233410018573,autobrush,2025-11-26,,No Transcript,0.0,0,0,0,0,0,0
7577174015345724727,autobrush,2025-11-26,,No Transcript,0.0,0,0,0,0,0,0
7577174147894119693,autobrush,2025-11-26,,No Transcript,0.0,0,0,0,0,0,0
7577179046451154206,autobrush,2025-11-26,,No Transcript,0.0,0,2,0,0,0,0.0
7577240821565558047,keilyn_carrion,2025-11-27,,No Transcript,0.0,0,950,22,1,23,2.421
7577446121128217887,terry.bennett42,2025-11-27,,No Transcript,0.0,0,691,5,1,6,0.868
7577516846061063455,autobrush,2025-11-27,,No Transcript,0.0,0,1,0,0,0,0.0
7577519044203662605,jessicasttshopdeals,2025-11-27,,No Transcript,0.0,0,69,0,0,0,0.0
7577607493396827422,keilyn_carrion,2025-11-27,,No Transcript,0.0,0,4,0,0,0,0.0
7577609226097315103,keilyn_carrion,2025-11-27,,No Transcript,0.0,0,1362,0,0,0,0.0
7577838133862075679,witewee,2025-11-28,,No Transcript,0.0,0,475,20,1,21,4.421
7577850927005076766,witewee,2025-11-28,,No Transcript,0.0,0,856,15,2,17,1.986
7577971389517352223,bigsea72,2025-11-29,,No Transcript,0.0,0,318,0,0,0,0.0
7577973127561497887,hezi1212,2025-11-29,,No Transcript,0.0,0,837,10,1,11,1.314
7578011204128492855,christianna.i.l,2025-11-29,,No Transcript,0.0,0,1978,3,0,3,0.152
7578236387913125151,autobrush,2025-11-29,,No Transcript,0.0,0,1,0,0,0,0.0
7578277722984680759,jessicasttshopdeals,2025-11-29,,No Transcript,0.0,0,312,0,0,0,0.0
7578297991010864415,witchwithapendulum,2025-11-29,,No Transcript,0.0,0,19,0,0,0,0.0
7578304838052728094,joseph.2016,2025-11-29,,No Transcript,0.0,0,1982,45,1,46,2.321
7578305476790586654,witchwithapendulum,2025-11-30,,No Transcript,0.0,0,550,1,0,1,0.182
7578337600927190285,christianna.i.l,2025-11-30,,No Transcript,0.0,0,562,2,0,2,0.356
7578343096748969246,magalylicea969,2025-11-30,,No Transcript,0.0,0,309,11,3,14,4.531
7578497057816710430,witchwithapendulum,2025-11-30,,No Transcript,0.0,0,287,0,0,0,0.0
7578596019605179679,horroractressstacyjohnso,2025-11-30,,No Transcript,0.0,0,144,3,0,3,2.083
7578600127405804831,joseph.2016,2025-11-30,,No Transcript,0.0,0,992,53,1,54,5.444
7578662763891821837,jessicasttshopdeals,2025-11-30,,No Transcript,0.0,0,112,0,0,0,0.0
7578688832472698125,kayycookie6,2025-12-01,,No Transcript,0.0,0,389,8,1,9,2.314
7578710819991538999,kayycookie6,2025-12-01,,No Transcript,0.0,0,3630,17,3,20,0.551
7578724240652832013,gisy.keiverenjoy,2025-12-01,,No Transcript,0.0,0,79,3,0,3,3.797
7578731944687488270,jessicasttshopdeals,2025-12-01,,No Transcript,0.0,0,445,0,0,0,0.0
7578856093422538015,lasmartitasmexicanfood,2025-12-01,,No Transcript,0.0,0,135,5,1,6,4.444
7578922572192976158,autobrush,2025-12-01,,No Transcript,0.0,0,1,0,0,0,0.0
7578946665088929054,lizthechaoscoordinator,2025-12-01,,No Transcript,0.0,0,118,5,5,10,8.475
7579057543733939470,jessicasttshopdeals,2025-12-02,,No Transcript,0.0,0,59,1,0,1,1.695
7579085571419655438,jazzeladi,2025-12-02,,No Transcript,0.0,0,86,2,1,3,3.488
7579086017177619767,kayycookie6,2025-12-02,,No Transcript,0.0,0,471,1,0,1,0.212
7579104370340433183,bigsea72,2025-12-02,,No Transcript,0.0,0,590,1,0,1,0.169
7579137573113679134,lizecsedy,2025-12-02,,No Transcript,0.0,0,101,11,1,12,11.881
7579321991446957342,myaesthetic15,2025-12-02,,No Transcript,0.0,0,460,4,3,7,1.522
7579322365172075807,eunicewilsonduh,2025-12-02,,No Transcript,0.0,0,416,2,0,2,0.481
7579326781342092574,eunicewilsonduh,2025-12-02,,No Transcript,0.0,0,218,6,2,8,3.67
7579327791716371742,chloes_cart,2025-12-02,,No Transcript,0.0,0,1238,10,3,13,1.05
7579345742901415198,keilyn_carrion,2025-12-02,,No Transcript,0.0,0,2670,30,1,31,1.161
7579401938228284727,jessicasttshopdeals,2025-12-02,,No Transcript,0.0,0,39,2,0,2,5.128
7579436281168547127,boxmunk,2025-12-03,,No Transcript,0.0,0,636,4,0,4,0.629
7579437125557488927,chloes_cart,2025-12-03,,No Transcript,0.0,0,2283,9,0,9,0.394
7579532849460563213,jhounnedupuy1,2025-12-03,,No Transcript,0.0,0,121,1,1,2,1.653
7579535887617379597,jessicasttshopdeals,2025-12-03,,No Transcript,0.0,0,247,3,0,3,1.215
7579614042357009677,chronically.salty,2025-12-03,,No Transcript,0.0,0,439,1,0,1,0.228
7579693338807356686,simplyher876,2025-12-03,,No Transcript,0.0,0,598,0,0,0,0.0
7579795348110036255,eunicewilsonduh,2025-12-04,,No Transcript,0.0,0,130,3,0,3,2.308
7579803529661910302,sahm34ndunder,2025-12-04,,No Transcript,0.0,0,431,4,0,4,0.928
7579803738097995039,sahm34ndunder,2025-12-04,,No Transcript,0.0,0,127,7,0,7,5.512
7579803877042605342,keilyn_carrion,2025-12-04,,No Transcript,0.0,0,2903,15,0,15,0.517
7579805053523873055,sahm34ndunder,2025-12-04,,No Transcript,0.0,0,61,9,0,9,14.754
7579808773313711391,life.of.lopez,2025-12-04,,No Transcript,0.0,0,136,6,0,6,4.412
7579810935557164318,life.of.lopez,2025-12-04,,No Transcript,0.0,0,161804,34,2,36,0.022
7579827770910313758,sahm34ndunder,2025-12-04,,No Transcript,0.0,0,70,13,2,15,21.429
7579891957149814030,jessicasttshopdeals,2025-12-04,,No Transcript,0.0,0,42,0,0,0,0.0
7579990960084454687,sahm34ndunder,2025-12-04,,No Transcript,0.0,0,96,12,11,23,23.958
7580036882973691166,,2025-12-04,,No Transcript,0.0,0,46,1,0,1,2.174
7580041624932060447,,2025-12-04,,No Transcript,0.0,0,81,1,0,1,1.235
7580041981104049438,,2025-12-04,,No Transcript,0.0,0,63,1,0,1,1.587
7580042622043966750,,2025-12-04,,No Transcript,0.0,0,42,1,0,1,2.381
7580043227638566175,,2025-12-04,,No Transcript,0.0,0,61,2,0,2,3.279
7580043724156144927,,2025-12-04,,No Transcript,0.0,0,82,2,0,2,2.439
7580067906189266206,autobrush,2025-12-04,,No Transcript,0.0,0,1,0,0,0,0.0
7580108718075809038,theallisonveer,2025-12-04,,No Transcript,0.0,0,689,4,0,4,0.581
7580145560271719735,kayycookie6,2025-12-04,,No Transcript,0.0,0,1263,3,0,3,0.238
7580307368303512845,marthasosa789,2025-12-05,,No Transcript,0.0,0,76,7,3,10,13.158
7580317342522002701,marthasosa789,2025-12-05,,No Transcript,0.0,0,59,8,1,9,15.254
7580409521164537118,ladysarahelizabeth,2025-12-05,,No Transcript,0.0,0,335,0,0,0,0.0
7580409781282753823,ladysarahelizabeth,2025-12-05,,No Transcript,0.0,0,363,0,0,0,0.0
7580421065504083214,504ejercicioencasa,2025-12-05,,No Transcript,0.0,0,419,7,0,7,1.671
7580422511452572942,thedrummingchef_33,2025-12-05,,No Transcript,0.0,0,310,12,2,14,4.516
7580423087749877006,thedrummingchef_33,2025-12-05,,No Transcript,0.0,0,104,3,0,3,2.885
7580423806917856567,thedrummingchef_33,2025-12-05,,No Transcript,0.0,0,91,6,0,6,6.593
7580424434490690871,thedrummingchef_33,2025-12-05,,No Transcript,0.0,0,14,0,0,0,0.0
7580470880317230367,,2025-12-05,,No Transcript,0.0,0,30,0,0,0,0.0
7580472317193637150,,2025-12-05,,No Transcript,0.0,0,64,1,0,1,1.562
7580474378912156959,,2025-12-05,,No Transcript,0.0,0,41,2,0,2,4.878
7580490705986997559,mrsgriffin15,2025-12-05,,No Transcript,0.0,0,359,7,2,9,2.507
7580579515022232863,autobrush,2025-12-06,,No Transcript,0.0,0,2,0,0,0,0.0
7580626317071142199,robe_finds,2025-12-06,,No Transcript,0.0,0,12729,47,5,52,0.409
7580705944380755213,thedrummingchef_33,2025-12-06,,No Transcript,0.0,0,277,1,0,1,0.361
7580891871589764383,_yuleisys09_,2025-12-06,,No Transcript,0.0,0,103,5,1,6,5.825
7580898043789200654,glamgallerymockup,2025-12-06,,No Transcript,0.0,0,781,4,4,8,1.024
7580900945274490142,saturnfreyja,2025-12-07,,No Transcript,0.0,0,543,15,4,19,3.499
7580903885028576543,myaesthetic15,2025-12-07,,No Transcript,0.0,0,116,7,6,13,11.207
7580940710661098783,hezi1212,2025-12-07,,No Transcript,0.0,0,483,5,0,5,1.035
7580948352230051127,robe_finds,2025-12-07,,No Transcript,0.0,0,1000,2,0,2,0.2
7580953217748438327,robe_finds,2025-12-07,,No Transcript,0.0,0,5333,11,1,12,0.225
7580957534647848205,mrsgriffin15,2025-12-07,,No Transcript,0.0,0,570,4,2,6,1.053
7581151879682379038,eunicewilsonduh,2025-12-07,,No Transcript,0.0,0,80,6,0,6,7.5
7581159802194152735,samah20013,2025-12-07,,No Transcript,0.0,0,614,7,0,7,1.14
7581173375259708727,bakedbruh10,2025-12-07,,No Transcript,0.0,0,598,2,0,2,0.334
7581190000998501663,victoriab_shop,2025-12-07,,No Transcript,0.0,0,290,6,0,6,2.069
7581196928109530399,ttsaffiliateofficial,2025-12-07,,No Transcript,0.0,0,1583,4,0,4,0.253
7581216051359223071,victoriab_shop,2025-12-07,,No Transcript,0.0,0,772,7,1,8,1.036
7581226455103753503,ttsaffiliateofficial,2025-12-07,,No Transcript,0.0,0,107,2,0,2,1.869
7581270541747653918,autobrush,2025-12-08,,No Transcript,0.0,0,2,0,0,0,0.0
7581347141801577759,,2025-12-08,,No Transcript,0.0,0,75,3,0,3,4.0
7581347854782827806,,2025-12-08,,No Transcript,0.0,0,99,6,0,6,6.061
7581348544188042526,,2025-12-08,,No Transcript,0.0,0,59,4,0,4,6.78
7581354192569355551,ru4you22,2025-12-08,,No Transcript,0.0,0,443,2,0,2,0.451
7581489486970883359,eunicewilsonduh,2025-12-08,,No Transcript,0.0,0,147,8,0,8,5.442
7581562894618299703,brett1227,2025-12-08,,No Transcript,0.0,0,1843,8,0,8,0.434
7581598736934014239,theamandasyoung,2025-12-08,,No Transcript,0.0,0,404,5,2,7,1.733
7581636353054493983,onel9405,2025-12-08,,No Transcript,0.0,0,614,7,0,7,1.14
7581640289270517005,grannysue20,2025-12-08,,No Transcript,0.0,0,651,9,0,9,1.382
7581641678772014349,grannysue20,2025-12-09,,No Transcript,0.0,0,796,10,0,10,1.256
7581644293035593015,grannysue20,2025-12-09,,No Transcript,0.0,0,1022,24,1,25,2.446
7581790533689838879,samah20013,2025-12-09,,No Transcript,0.0,0,517,7,0,7,1.354
7581875462129863966,victoriab_shop,2025-12-09,,No Transcript,0.0,0,70,2,0,2,2.857
7581885604397370655,victoriab_shop,2025-12-09,,No Transcript,0.0,0,864,3,1,4,0.463
7581908620577754423,brittannnyx,2025-12-09,,No Transcript,0.0,0,498,2,0,2,0.402
7581926831150877983,chloes_cart,2025-12-09,,No Transcript,0.0,0,809,9,2,11,1.36
7581941000482983182,shai.raee,2025-12-09,,No Transcript,0.0,0,122,11,3,14,11.475
7581974783819042103,getdealstoday,2025-12-09,,No Transcript,0.0,0,34,0,0,0,0.0
7581977442751941943,getdealstoday,2025-12-09,,No Transcript,0.0,0,2185,3,0,3,0.137
7582036237138103583,autobrush,2025-12-10,,No Transcript,0.0,0,1,0,0,0,0.0
7582091531834723598,leslieanne1026,2025-12-09,,No Transcript,0.0,0,0,0,0,0,0
7582091924639665421,leslieanne1026,2025-12-10,,No Transcript,0.0,0,745,17,12,29,3.893
7582252678894341407,_yuleisys09_,2025-12-10,,No Transcript,0.0,0,50,4,0,4,8.0
7582281517620038926,glamgallerymockup,2025-12-10,"beautiful in the neighborhood, beautiful in the neighborhood beautiful",Other / No Clear Hook,0.0,0,455,5,2,7,1.538
7582311182594297143,glamgallerymockup,2025-12-10,,No Transcript,0.0,0,74,6,6,12,16.216
7582313520151219511,glamgallerymockup,2025-12-10,,No Transcript,0.0,0,214,8,3,11,5.14
7582369315475754253,glamgallerymockup,2025-12-10,,No Transcript,0.0,0,251,9,4,13,5.179
7582606780568587575,andreafz22,2025-12-11,,No Transcript,0.0,0,37,5,1,6,16.216
7582607323084999949,andreafz22,2025-12-11,,No Transcript,0.0,0,45,4,0,4,8.889
7582634297832541454,getdealstoday,2025-12-11,,No Transcript,0.0,0,3994,5,0,5,0.125
7582674862473235742,_yuleisys09_,2025-12-11,,No Transcript,0.0,0,33,4,0,4,12.121
7582689843818302733,andreafz22,2025-12-11,,No Transcript,0.0,0,44,2,0,2,4.545
7582689886310894903,andreafz22,2025-12-11,,No Transcript,0.0,0,47,3,0,3,6.383
7582827128681434398,_yuleisys09_,2025-12-12,,No Transcript,0.0,0,1290,6,1,7,0.543
7582832041369095455,victoriab_shop,2025-12-12,,No Transcript,0.0,0,237,4,0,4,1.688
7582968696654531854,yariperez961203,2025-12-12,,No Transcript,0.0,0,163,8,2,10,6.135
7583061894160715022,yariperez961203,2025-12-12,,No Transcript,0.0,0,1862,6,1,7,0.376
7583062103481765134,yariperez961203,2025-12-12,,No Transcript,0.0,0,80,6,1,7,8.75
7583169610300673311,autobrush,2025-12-13,,No Transcript,0.0,0,1,0,0,0,0.0
7583186328095919373,jessicasttshopdeals,2025-12-13,,No Transcript,0.0,0,65,1,0,1,1.538
7583193652835487007,saturnfreyja,2025-12-13,,No Transcript,0.0,0,221,11,2,13,5.882
7583193801607384350,life.of.lopez,2025-12-12,,No Transcript,0.0,0,86,0,0,0,0.0
7583225225437826335,christina.santiago,2025-12-13,,No Transcript,0.0,0,1271,11,1,12,0.944
7583407030224833822,life.of.lopez,2025-12-13,,No Transcript,0.0,0,0,0,0,0,0
7583408617236253982,life.of.lopez,2025-12-13,My daughter has had such a good experience with,Social Proof / Testimonial,0.0,0,646,7,0,7,1.084
7583446208593579277,eyeamdreams,2025-12-13,,No Transcript,0.0,0,12,0,0,0,0.0
7583482687776623885,sarahfoxygrrrl,2025-12-13,,No Transcript,0.0,0,6846,9,3,12,0.175
7583512509764619534,eyeamdreams,2025-12-14,,No Transcript,0.0,0,292,2,1,3,1.027
7583521665712180510,eunicewilsonduh,2025-12-14,,No Transcript,0.0,0,93,3,0,3,3.226
7583549811157175582,chuvi.guerrero,2025-12-14,,No Transcript,0.0,0,73,9,0,9,12.329
7583551701735460126,myaesthetic15,2025-12-14,,No Transcript,0.0,0,78,7,2,9,11.538
7583555593957281055,leeleesfavfinds,2025-12-14,Brushing battles are officially over. This is the AutoBrush,Bold Claim / Benefit,0.0,0,3466,26,1,27,0.779
7583706206749920567,arynf7,2025-12-14,,No Transcript,0.0,0,547,6,1,7,1.28
7583727184301362462,lisapittaristamm,2025-12-14,,No Transcript,0.0,0,480,1,0,1,0.208
7583746810318048542,pretty.vvs,2025-12-14,,No Transcript,0.0,0,434,7,4,11,2.535
7583881533493169439,hezi1212,2025-12-15,,No Transcript,0.0,0,1435,12,0,12,0.836
7583920773014850846,foxysbaby,2025-12-15,,No Transcript,0.0,0,278,3,1,4,1.439
7583945909726137631,ru4you22,2025-12-15,,No Transcript,0.0,0,314,3,0,3,0.955
7583962469652040991,christina.santiago,2025-12-15,,No Transcript,0.0,0,730,9,1,10,1.37
7584094549035715854,yuny2758,2025-12-15,,No Transcript,0.0,0,404,8,2,10,2.475
7584147820744150302,hezi1212,2025-12-15,,No Transcript,0.0,0,1510,6,0,6,0.397
7584161868877466935,thehomeschoolingrodeomom,2025-12-15,,No Transcript,0.0,0,330,4,1,5,1.515
7584187716179332383,mythiccbish,2025-12-15,Tired of boring brushing? Meet the AutoBrush Sonic Pro,Problem / Pain Point,0.0,0,916,6,4,10,1.092
7584193628176731422,mythiccbish,2025-12-15,Parents are brushing battles that are a nightmare. Make,Problem / Pain Point,0.0,0,71,9,1,10,14.085
7584204078658358559,mythiccbish,2025-12-15,,No Transcript,0.0,0,0,0,0,0,0
7584205959707331871,mythiccbish,2025-12-15,"Hey parents, let's talk toothpaste. If getting your kids",Direct Audience Call-Out,0.0,0,60,8,1,9,15.0
7584215726614007054,rsouarez95,2025-12-15,,No Transcript,0.0,0,180,2,0,2,1.111
7584233619187633439,lizthechaoscoordinator,2025-12-16,,No Transcript,0.0,0,89,2,0,2,2.247
7584263793832676663,jessicasttshopdeals,2025-12-16,,No Transcript,0.0,0,34,0,0,0,0.0
7584305674545368334,kriseyh,2025-12-16,,No Transcript,0.0,0,751,12,2,14,1.864
7584441740929584414,timsinaindu775,2025-12-16,,No Transcript,0.0,0,5,0,0,0,0.0
7584442975187488030,timsinaindu775,2025-12-16,,No Transcript,0.0,0,114,0,0,0,0.0
7584532218769460535,theallisonveer,2025-12-16,,No Transcript,0.0,0,1492,3,0,3,0.201
7584534421823376653,amyjeanwalker,2025-12-16,,No Transcript,0.0,0,4,0,0,0,0.0
7584542799379369271,amyjeanwalker,2025-12-16,,No Transcript,0.0,0,648,6,5,11,1.698
7584609457229794574,haleys1995,2025-12-16,,No Transcript,0.0,0,422,6,0,6,1.422
7584633890040450359,yuny2758,2025-12-17,,No Transcript,0.0,0,602,19,4,23,3.821
7584650874719358263,boxmunk,2025-12-17,,No Transcript,0.0,0,8342,208,2,210,2.517
7584797208940236063,timsinaindu775,2025-12-17,,No Transcript,0.0,0,217,21,5,26,11.982
7584879661159615757,karissaunboxes,2025-12-17,Look at this auto brush I got for my,Demo / Product Intro,0.0,0,454,12,2,14,3.084
7584883073364413709,lilackittyy_,2025-12-17,,No Transcript,0.0,0,730,11,0,11,1.507
7584884993436978463,mamabearreview,2025-12-17,,No Transcript,0.0,0,582,1,0,1,0.172
7584886598412537143,lilackittyy_,2025-12-17,,No Transcript,0.0,0,696,10,1,11,1.58
7584988824573414711,dollys_tok,2025-12-18,Oh my god! It's finally here! I ordered this,Personal Story / POV,0.0,0,3270,233,1,234,7.156
7585021872572599582,crazychickenladytingler1,2025-12-18,"Do you drink coffee, tea, or do you have",Question,0.0,0,1767,19,2,21,1.188
7585056822076198199,mysassysweatpants,2025-12-18,(sound of tape being pulled and ripped) (rustling of,Other / No Clear Hook,0.0,0,1408,2,0,2,0.142
7585085835842800909,jessicasttshopdeals,2025-12-18,,No Transcript,0.0,0,118,0,0,0,0.0
7585225853718580494,heatherkerleylifestyle,2025-12-18,,No Transcript,0.0,0,306,20,2,22,7.19
7585236505925340446,ianlucas39,2025-12-18,,No Transcript,0.0,0,31,0,0,0,0.0
7585244245749943583,blakesand3rs,2025-12-18,,No Transcript,0.0,0,198,0,0,0,0.0
7585302550560263438,mrsgriffin15,2025-12-18,,No Transcript,0.0,0,214,2,0,2,0.935
7585384182675672351,deal_doctor,2025-12-19,,No Transcript,0.0,0,401,0,0,0,0.0
7585521331479792927,dreamcarqueen,2025-12-19,,No Transcript,0.0,0,104,0,0,0,0.0
7585533272688545054,dreamcarqueen,2025-12-19,,No Transcript,0.0,0,1445,38,1,39,2.699
7585857384887766303,brulee223,2025-12-20,,No Transcript,0.0,0,6,0,0,0,0.0
7585860199978732830,brulee223,2025-12-20,,No Transcript,0.0,0,7,0,0,0,0.0
7585967032571628830,bekahhoush,2025-12-20,Have y'all ever heard of the autobrush? I had,Question,0.0,0,3506,6,0,6,0.171
7586249908051561759,misswendy.ashley,2025-12-21,,No Transcript,0.0,0,75,6,0,6,8.0
7586435404610538782,chelseynaak,2025-12-21,"Brush yo teeth! FINALLY, A WAY TO MAKE SURE",Bold Claim / Benefit,0.0,0,2294,9,0,9,0.392
7586469676746575159,glamgallerymockup,2025-12-22,,No Transcript,0.0,0,90,9,3,12,13.333
7586532293146103054,kayycookie6,2025-12-22,The best electric toothbrush the only toothbrush you're ever,Bold Claim / Benefit,0.0,0,1815,4,0,4,0.22
7586717119107042591,victoriab_shop,2025-12-22,Autobrush Sonic Pro Bundle Experience the future of oral,Demo / Product Intro,0.0,0,152,3,0,3,1.974
7586723681645169950,victoriab_shop,2025-12-22,Happy Holidays Autobrush® Sonic Pro Toothbrush Stop brushing like,Shock / Warning / Pattern Interrupt,0.0,0,70,4,1,5,7.143
7586768193188793613,thehomeschoolingrodeomom,2025-12-22,,No Transcript,0.0,0,5600,14,1,15,0.268
7586769739624631566,heyitskelsey_tts,2025-12-22,,No Transcript,0.0,0,633,2,0,2,0.316
7586839481857117470,lifeofnitra,2025-12-22,,No Transcript,0.0,0,79,0,0,0,0.0
7586863202105838862,naanadonkorarthur,2025-12-23,This is an ultrasonic toothbrush. It come with the,Demo / Product Intro,0.0,0,9742,304,23,327,3.357
7586888234211347743,lifeofnitra,2025-12-23,,No Transcript,0.0,0,401,1,0,1,0.249
7587040178577952055,naanadonkorarthur,2025-12-23,"And this is the... toothbrush. And when you do,",Other / No Clear Hook,0.0,0,339187,11509,192,11701,3.45
7587069993834040590,thedrummingchef_33,2025-12-23,,No Transcript,0.0,0,181,1,0,1,0.552
7587263509327646007,houseofbrit,2025-12-24,Wait this thing is insane If you feel like,Bold Claim / Benefit,0.0,0,3874,6,0,6,0.155
7587292126707305758,,2025-12-24,"El kit de cepillado eléctrico, más viral de todo",Social Proof / Testimonial,0.0,0,139,0,0,0,0.0
7587416801101778189,naanadonkorarthur,2025-12-24,This is my electric toothbrush. Put the foam on,Demo / Product Intro,0.0,0,13453,464,31,495,3.679
7587521289577876791,emanthei,2025-12-24,,No Transcript,0.0,0,6630,47,0,47,0.709
7587571201132776718,houseofbrit,2025-12-24,Have you seen these!? Raise your hand if you,Question,0.0,0,1155,4,0,4,0.346
7587844386277395767,thedrummingchef_33,2025-12-25,,No Transcript,0.0,0,58,2,0,2,3.448
7588212340491848990,cocinandoconaileen,2025-12-26,,No Transcript,0.0,0,1446,6,0,6,0.415
7588230960655650079,cocinandoconaileen,2025-12-26,,No Transcript,0.0,0,174,4,0,4,2.299
7588264290306624799,victoriab_shop,2025-12-26,,No Transcript,0.0,0,63,7,0,7,11.111
7588313252598222094,robe_finds,2025-12-26,,No Transcript,0.0,0,3298,6,0,6,0.182
7588315470047005965,robe_finds,2025-12-26,,No Transcript,0.0,0,1630,3,1,4,0.245
7588326890629369118,try_it.first,2025-12-26,,No Transcript,0.0,0,58,0,0,0,0.0
7588353845206486303,life.with.our.rainbows,2025-12-27,,No Transcript,0.0,0,320,7,2,9,2.812
7588369386516303135,victoriab_shop,2025-12-27,Autobrush Autobrush Sonic Pro Bundle Autobrush® Sonic Pro Toothbrush,Other / No Clear Hook,0.0,0,96,5,1,6,6.25
7588390453012204831,christina.santiago,2025-12-27,,No Transcript,0.0,0,1291,12,1,13,1.007
7588398904962501943,capricoquette,2025-12-27,,No Transcript,0.0,0,1081,5,1,6,0.555
7588401664349048078,robe_finds,2025-12-27,"Stop Doing This 👎❌eating then, after, wondering, That's why",Shock / Warning / Pattern Interrupt,0.0,0,1559,2,0,2,0.128
7588562185673100599,brooke.leahann,2025-12-27,,No Transcript,0.0,0,317,9,0,9,2.839
7588605011345591582,try_it.first,2025-12-27,,No Transcript,0.0,0,448,2,1,3,0.67
7588627368852360503,justuskingsstudios,2025-12-27,,No Transcript,0.0,0,775,5,1,6,0.774
7588660395280469303,honeybeemomma2010,2025-12-27,,No Transcript,0.0,0,660,14,20,34,5.152
7588745793683688718,s0lana,2025-12-27,,No Transcript,0.0,0,169,0,0,0,0.0
7588751028317588750,s0lana,2025-12-28,,No Transcript,0.0,0,1012,8,4,12,1.186
7588804044957699383,momofgirlsandgoals,2025-12-28,,No Transcript,0.0,0,1159,1,0,1,0.086
7588844512164728119,robe_finds,2025-12-28,,No Transcript,0.0,0,769,2,0,2,0.26
7588922148081667383,honeybeemomma2010,2025-12-28,,No Transcript,0.0,0,109,16,16,32,29.358
7588939633027763511,chardeshares,2025-12-28,,No Transcript,0.0,0,0,0,0,0,0
7588940915536973111,chardeshares,2025-12-28,,No Transcript,0.0,0,152,3,2,5,3.289
7588941060315958541,chardeshares,2025-12-28,,No Transcript,0.0,0,22,0,0,0,0.0
7588982955335339294,autobrush,2025-12-28,,No Transcript,0.0,0,3,0,0,0,0.0
7588983205437459767,thedrummingchef_33,2025-12-28,,No Transcript,0.0,0,112,3,2,5,4.464
7588997169114369310,shopnslaysahm,2025-12-28,,No Transcript,0.0,0,129,0,0,0,0.0
7588999343068220703,shopnslaysahm,2025-12-28,,No Transcript,0.0,0,173,2,0,2,1.156
7589088315228409143,brooke.leahann,2025-12-29,,No Transcript,0.0,0,665,13,0,13,1.955
7589127459837103374,s0lana,2025-12-28,,No Transcript,0.0,0,0,0,0,0,0
7589252855610101047,wowspalzk,2025-12-29,,No Transcript,0.0,0,1,0,0,0,0.0
7589255839337155854,wowspalzk,2025-12-29,,No Transcript,0.0,0,3,0,0,0,0.0
7589286766398409998,niahh_mo3,2025-12-29,,No Transcript,0.0,0,98,0,0,0,0.0
7589342018019626270,shopnslaysahm,2025-12-29,,No Transcript,0.0,0,79,1,0,1,1.266
7589349238119730463,shopnslaysahm,2025-12-29,,No Transcript,0.0,0,211,2,0,2,0.948
7589382162097425678,thehomeschoolingrodeomom,2025-12-29,,No Transcript,0.0,0,1636,9,0,9,0.55
7589415209626881335,brooke.leahann,2025-12-29,,No Transcript,0.0,0,808,11,1,12,1.485
7589423992226762014,jazzybsway,2025-12-29,,No Transcript,0.0,0,411,6,0,6,1.46
7589479697839426830,niahh_mo3,2025-12-30,,No Transcript,0.0,0,653,3,0,3,0.459
7589496590180683021,shopnslaysahm,2025-12-30,,No Transcript,0.0,0,329,3,0,3,0.912
7589498831490845965,shopnslaysahm,2025-12-30,,No Transcript,0.0,0,131,1,0,1,0.763
7589692474059181343,bpsdailydeals,2025-12-30,,No Transcript,0.0,0,73,0,0,0,0.0
7589835095477980446,sahm34ndunder,2025-12-31,,No Transcript,0.0,0,754,12,3,15,1.989
7589860019147984142,dhungelchampa,2025-12-30,,No Transcript,0.0,0,20,0,0,0,0.0
7589869732971515150,samantha_nicolex4,2025-12-31,,No Transcript,0.0,0,656,1,0,1,0.152
7589873268044139790,theallisonveer,2025-12-31,,No Transcript,0.0,0,5310,27,6,33,0.621
7589945640281459982,chardeshares,2025-12-31,,No Transcript,0.0,0,179,3,2,5,2.793
7590029105760914719,bmoneys.finds,2025-12-31,,No Transcript,0.0,0,48,0,0,0,0.0
7590075603332713759,cocinandoconaileen,2025-12-31,,No Transcript,0.0,0,2009,3,0,3,0.149
7590162027268607263,teaandtruecrimewithbella,2025-12-31,,No Transcript,0.0,0,920,6,0,6,0.652
7590202303630544183,s0lana,2025-12-31,,No Transcript,0.0,0,31,0,0,0,0.0
7590204513886276895,sunshineandjules,2026-01-01,,No Transcript,0.0,0,599,6,0,6,1.002
7590220798057663758,barbarak107,2026-01-01,,No Transcript,0.0,0,406,4,4,8,1.97
7590509194239823118,whatmadisonfound,2026-01-01,,No Transcript,0.0,0,424,3,2,5,1.179
7590527660338498829,houseofbrit,2026-01-01,,No Transcript,0.0,0,2033,3,0,3,0.148
7590644355078081847,s0lana,2026-01-01,,No Transcript,0.0,0,51,0,0,0,0.0
7590910270269099278,robe_finds,2026-01-02,,No Transcript,0.0,0,2460,3,0,3,0.122
7590935607979805983,bekahhoush,2026-01-03,,No Transcript,0.0,0,2641,10,0,10,0.379
7590935698497096973,haleys1995,2026-01-03,,No Transcript,0.0,0,1566,4,0,4,0.255
7590942559308893495,sustainaspell444,2026-01-03,,No Transcript,0.0,0,249,2,2,4,1.606
7590988464380824846,robe_finds,2026-01-03,,No Transcript,0.0,0,243,1,0,1,0.412
7590995887074086174,mariurky,2026-01-03,,No Transcript,0.0,0,257,2,7,9,3.502
7591106182329224478,mybestintentions,2026-01-03,,No Transcript,0.0,0,1850,6,4,10,0.541
7591197803146136845,jaimeeelynnnn,2026-01-03,,No Transcript,0.0,0,8502,7,1,8,0.094
7591277887911644429,robe_finds,2026-01-03,,No Transcript,0.0,0,543,2,0,2,0.368
7591279975504842015,crystalpicard2,2026-01-03,,No Transcript,0.0,0,6,1,0,1,16.667
7591280284746714398,crystalpicard2,2026-01-03,,No Transcript,0.0,0,11,1,0,1,9.091
7591338816196168991,victoriab_shop,2026-01-04,,No Transcript,0.0,0,74,4,1,5,6.757
7591342856359529741,robe_finds,2026-01-04,,No Transcript,0.0,0,424,3,0,3,0.708
7591424060333083917,moefindsdeals,2026-01-04,,No Transcript,0.0,0,44,1,0,1,2.273
7591578098567515447,mariaali114,2026-01-04,,No Transcript,0.0,0,28231,332,8,340,1.204
7591612248540368159,hotshopdeals4u,2026-01-04,This is going to be the last day to,Offer / Deal / Urgency,0.0,0,250,0,0,0,0.0
7591614760571915551,hotshopdeals4u,2026-01-04,,No Transcript,0.0,0,246,1,0,1,0.407
7591640642485374221,whatmadisonfound,2026-01-04,,No Transcript,0.0,0,1037,5,0,5,0.482
7591649607948586295,dhungelchampa,2026-01-04,,No Transcript,0.0,0,3,0,0,0,0.0
7591659293456354573,dhungelchampa,2026-01-04,,No Transcript,0.0,0,0,0,0,0,0
7591663820666408247,dhungelchampa,2026-01-05,,No Transcript,0.0,0,62,14,1,15,24.194
7591687488008113438,jaimelynnmichael,2026-01-05,,No Transcript,0.0,0,3502,14,1,15,0.428
7591742908869496095,mythiccbish,2026-01-05,,No Transcript,0.0,0,16,0,0,0,0.0
7591960108863720718,dang_it_mike,2026-01-05,,No Transcript,0.0,0,328,3,0,3,0.915
7591962913099844877,dang_it_mike,2026-01-05,,No Transcript,0.0,0,379,3,1,4,1.055
7591978569484487967,mendylynn,2026-01-05,,No Transcript,0.0,0,107,5,2,7,6.542
7591981214613900575,mendylynn,2026-01-05,,No Transcript,0.0,0,221,6,2,8,3.62
7592059563407396126,curvetrendz,2026-01-06,,No Transcript,0.0,0,0,0,0,0,0
7592059946947071262,curvetrendz,2026-01-06,,No Transcript,0.0,0,652,1,0,1,0.153
7592061110170225950,naturally_licia,2026-01-06,,No Transcript,0.0,0,130,11,7,18,13.846
7592231254330756383,timsinaindu775,2026-01-06,,No Transcript,0.0,0,102,0,0,0,0.0
7592246194978573582,nikkimichaels8,2026-01-06,,No Transcript,0.0,0,266,7,2,9,3.383
7592270292760792350,jills.tonie.clips,2026-01-06,,No Transcript,0.0,0,628,5,0,5,0.796
7592305141391363342,lawsonpack,2026-01-06,,No Transcript,0.0,0,529,6,0,6,1.134
7592363628276337933,rojiamatya7,2026-01-06,,No Transcript,0.0,0,402,9,3,12,2.985
7592364877990120717,mommaaerin,2026-01-07,,No Transcript,0.0,0,2428,17,8,25,1.03
7592381193530723597,rojiamatya7,2026-01-06,,No Transcript,0.0,0,400,6,2,8,2.0
7592477175207562509,jazzeladi,2026-01-07,,No Transcript,0.0,0,235,2,0,2,0.851
7592585485160156471,heyitsmichelleb,2026-01-07,,No Transcript,0.0,0,634,5,2,7,1.104
7592668081416195341,upliftingminds3,2026-01-07,,No Transcript,0.0,0,166,4,0,4,2.41
7592722193193176351,user8113015712607,2026-01-07,,No Transcript,0.0,0,114,0,0,0,0.0
7592734848087838007,the_non_aesthetic_mom,2026-01-07,POV: Your mouth is nasty Mom coming at ya.,Personal Story / POV,0.0,0,1576,1,0,1,0.063
7592739898256379149,user105745916,2026-01-07,,No Transcript,0.0,0,379,0,0,0,0.0
7592759952481979662,user105745916,2026-01-07,,No Transcript,0.0,0,63,0,0,0,0.0
7592760253133950221,user105745916,2026-01-07,,No Transcript,0.0,0,60,0,0,0,0.0
7592760501285752119,user105745916,2026-01-07,,No Transcript,0.0,0,204,0,0,0,0.0
7592769494049721613,irinameyer504,2026-01-08,,No Transcript,0.0,0,117,3,0,3,2.564
7592785530174131469,pretty.vybz,2026-01-08,,No Transcript,0.0,0,288,4,0,4,1.389
7592792311952674078,palmer0236,2026-01-08,,No Transcript,0.0,0,60,0,0,0,0.0
7592792647249530142,amandasfavoritethings,2026-01-08,,No Transcript,0.0,0,865,2,0,2,0.231
7592792873964145950,palmer0236,2026-01-08,,No Transcript,0.0,0,206,0,0,0,0.0
7592804540664007966,del_is_in_the_house,2026-01-08,,No Transcript,0.0,0,16,2,1,3,18.75
7592829928177929503,jazzybsway,2026-01-08,,No Transcript,0.0,0,71,4,0,4,5.634
7592851249117023543,irinameyer504,2026-01-08,,No Transcript,0.0,0,138,5,0,5,3.623
7592863906717093133,lilackittyy_,2026-01-08,,No Transcript,0.0,0,828,21,13,34,4.106
7592867004177141022,user8113015712607,2026-01-08,,No Transcript,0.0,0,18,0,0,0,0.0
7592932665825725709,aaliy.us,2026-01-08,,No Transcript,0.0,0,15,0,0,0,0.0
7593005514804514061,pandanamonium,2026-01-08,,No Transcript,0.0,0,2202,19,3,22,0.999
7593033085642476855,zoe_molly_,2026-01-08,,No Transcript,0.0,0,22,0,0,0,0.0
7593033320900889870,zoe_molly_,2026-01-08,,No Transcript,0.0,0,78,0,0,0,0.0
7593043927867870495,erinpricesouth,2026-01-08,,No Transcript,0.0,0,209,3,0,3,1.435
7593044875730357534,today1281,2026-01-08,,No Transcript,0.0,0,652,3,0,3,0.46
7593047733607468318,comprasconcarol,2026-01-08,,No Transcript,0.0,0,194,2,0,2,1.031
7593050245517430047,sarahfoxygrrrl,2026-01-08,,No Transcript,0.0,0,49,4,4,8,16.327
7593059610194382094,the_non_aesthetic_mom,2026-01-08,,No Transcript,0.0,0,32,3,0,3,9.375
7593071002767068446,today1281,2026-01-08,,No Transcript,0.0,0,245,5,1,6,2.449
7593074679468838174,mariurky,2026-01-08,,No Transcript,0.0,0,231,4,2,6,2.597
7593098744292330782,egosteelo,2026-01-09,,No Transcript,0.0,0,70,0,0,0,0.0
7593099025864314142,egosteelo,2026-01-09,,No Transcript,0.0,0,65,0,0,0,0.0
7593134141776940302,hechoencuba13,2026-01-08,,No Transcript,0.0,0,23418,318,12,330,1.409
7593167879051267342,the_non_aesthetic_mom,2026-01-09,,No Transcript,0.0,0,48,0,0,0,0.0
7593169782543846669,the_non_aesthetic_mom,2026-01-09,,No Transcript,0.0,0,85,2,1,3,3.529
7593193971468356877,dhungelchampa,2026-01-09,,No Transcript,0.0,0,96,13,1,14,14.583
7593224816413412639,today1281,2026-01-09,,No Transcript,0.0,0,243,2,0,2,0.823
7593277328499805453,haganscustompaint,2026-01-09,,No Transcript,0.0,0,485,0,0,0,0.0
7593324812022320415,mariurky,2026-01-09,,No Transcript,0.0,0,919,13,4,17,1.85
7593331338745335071,dashacoleman,2026-01-09,,No Transcript,0.0,0,63,0,0,0,0.0
7593343554014022943,dashacoleman,2026-01-09,,No Transcript,0.0,0,610,23,5,28,4.59
7593355447365651742,today1281,2026-01-09,,No Transcript,0.0,0,675,9,0,9,1.333
7593380702847028510,comprasconcarol,2026-01-09,,No Transcript,0.0,0,59,2,0,2,3.39
7593402482974362911,today1281,2026-01-09,,No Transcript,0.0,0,520,11,0,11,2.115
7593402861132713271,simplysamrobinson,2026-01-09,,No Transcript,0.0,0,112,7,0,7,6.25
7593421787363380511,mui_life_style,2026-01-09,,No Transcript,0.0,0,49,0,0,0,0.0
7593447940564192543,thekristinekoehnking,2026-01-09,,No Transcript,0.0,0,133,0,0,0,0.0
7593457271804366111,ckinder3,2026-01-10,,No Transcript,0.0,0,317,2,0,2,0.631
7593458015941020958,pressleytravels,2026-01-09,,No Transcript,0.0,0,1536,26,7,33,2.148
7593465436994424078,loreidysguzman,2026-01-09,,No Transcript,0.0,0,258,7,1,8,3.101
7593469562742394142,maryeoficial,2026-01-09,"Mira la belleza, trae música y todo, luz para",Demo / Product Intro,0.0,0,34511,767,5,772,2.237
7593475119280885022,stayhomewithbrandi,2026-01-09,What comes in your Autobrush kit? 3 size options,Question,0.0,0,353,3,1,4,1.133
7593515274846965023,mybestintentions,2026-01-09,I'm sure you've seen teeth whiteners before that have,Curiosity / Open Loop,0.0,0,367,1,0,1,0.272
7593527499590470943,comprasconcarol,2026-01-10,17% OFF SÓLO POR HOY!! descuento doble en la,Offer / Deal / Urgency,0.0,0,134,0,0,0,0.0
7593538878657645854,robertskay8,2026-01-10,,No Transcript,0.0,0,538,4,0,4,0.743
7593539366811716919,elyssasdiary,2026-01-10,Everyone warned me about this... The ones who said,Curiosity / Open Loop,0.0,0,4344,27,0,27,0.622
7593542464418467102,ashlee1423,2026-01-10,,No Transcript,0.0,0,207,5,0,5,2.415
7593545899964402958,withluv.kiki,2026-01-10,,No Transcript,0.0,0,56,0,0,0,0.0
7593559697806970143,socalshopdeals,2026-01-10,,No Transcript,0.0,0,13,1,0,1,7.692
7593559704098327838,socalshopdeals,2026-01-10,,No Transcript,0.0,0,18,0,0,0,0.0
7593559713199983902,socalshopdeals,2026-01-10,,No Transcript,0.0,0,9,0,0,0,0.0
7593559740827962654,socalshopdeals,2026-01-10,,No Transcript,0.0,0,58,0,0,0,0.0
7593568973833161998,improvisefinds,2026-01-10,POV: it's 2026 and they INVENTED fully automatic toothbrushes,Personal Story / POV,0.0,0,779,3,0,3,0.385
7593576004556246303,palmer0236,2026-01-10,"Pick your animal, Pick your flavor. Watch how easy",Demo / Product Intro,0.0,0,668,3,0,3,0.449
7593606357828341023,rurururu0123,2026-01-10,,No Transcript,0.0,0,715,13,1,14,1.958
7593607143031377165,kvitctoria,2026-01-10,,No Transcript,0.0,0,47,0,0,0,0.0
7593609928292568334,cassies_chaos1,2026-01-10,,No Transcript,0.0,0,656,6,6,12,1.829
7593683543054667021,moefindsdeals,2026-01-10,,No Transcript,0.0,0,7,0,0,0,0.0
7593683770151062798,moefindsdeals,2026-01-10,,No Transcript,0.0,0,105,0,0,0,0.0
7593769088686542094,ena.segovia,2026-01-10,,No Transcript,0.0,0,292,8,0,8,2.74
7593777779020221751,kvitctoria,2026-01-10,,No Transcript,0.0,0,509,0,0,0,0.0
7593779248360426783,mariurky,2026-01-10,,No Transcript,0.0,0,74,1,1,2,2.703
7593819993117084942,ingiowetrustttt,2026-01-10,,No Transcript,0.0,0,59,0,0,0,0.0
7593820590868319543,ingiowetrustttt,2026-01-10,,No Transcript,0.0,0,150,0,0,0,0.0
7593820788222889229,ingiowetrustttt,2026-01-10,,No Transcript,0.0,0,4,0,0,0,0.0
7593830129978068254,ailin.rodriguez.diez,2026-01-10,,No Transcript,0.0,0,200,3,0,3,1.5
7593833835649928479,tristfrwxce,2026-01-10,,No Transcript,0.0,0,592,4,0,4,0.676
7593835146739010846,ailin.rodriguez.diez,2026-01-10,,No Transcript,0.0,0,15,2,0,2,13.333
7593859609828265271,petit_chaud21,2026-01-10,,No Transcript,0.0,0,2144,17,4,21,0.979
7593877718400322846,purplefyres,2026-01-11,,No Transcript,0.0,0,166,3,0,3,1.807
7593887510099479822,ingiowetrustttt,2026-01-11,,No Transcript,0.0,0,21,0,0,0,0.0
7593888466249862431,tristfrwxce,2026-01-11,,No Transcript,0.0,0,402,5,8,13,3.234
7593897397520977165,withluv.kiki,2026-01-11,,No Transcript,0.0,0,95,0,0,0,0.0
7593913181467053325,ingiowetrustttt,2026-01-11,,No Transcript,0.0,0,8,0,0,0,0.0
7593924072539573535,travelwithkabulhope1,2026-01-10,,No Transcript,0.0,0,0,0,0,0,0
7593924633531878686,comprasconcarol,2026-01-11,,No Transcript,0.0,0,163,0,0,0,0.0
7593932754492902687,travelwithkabulhope1,2026-01-11,,No Transcript,0.0,0,20,3,0,3,15.0
7593937931975413006,howgrowsit,2026-01-11,,No Transcript,0.0,0,1105,8,0,8,0.724
7593958658279591181,theabanaseries,2026-01-10,,No Transcript,0.0,0,48,0,0,0,0.0
7593970894041533726,ailin.rodriguez.diez,2026-01-11,,No Transcript,0.0,0,90,4,0,4,4.444
7593971366097964319,ailin.rodriguez.diez,2026-01-11,,No Transcript,0.0,0,78,2,0,2,2.564
7593971665621519646,ailin.rodriguez.diez,2026-01-11,,No Transcript,0.0,0,201,2,0,2,0.995
7593972221358394655,ailin.rodriguez.diez,2026-01-11,,No Transcript,0.0,0,317,2,0,2,0.631
7594065101846547767,amznking,2026-01-11,,No Transcript,0.0,0,47,0,0,0,0.0
7594066003215011086,amznking,2026-01-11,,No Transcript,0.0,0,120,1,0,1,0.833
7594092622742834446,jaysfancyfinds,2026-01-11,,No Transcript,0.0,0,190,0,0,0,0.0
7594096225390038302,mariurky,2026-01-11,,No Transcript,0.0,0,249,4,2,6,2.41
7594098625484049678,arynf7,2026-01-11,,No Transcript,0.0,0,983,8,2,10,1.017
7594142746328255799,samantha8535,2026-01-11,,No Transcript,0.0,0,764,2,0,2,0.262
7594162960793210143,sarahfoxygrrrl,2026-01-11,,No Transcript,0.0,0,569,3,3,6,1.054
7594178136879795470,yourboujeebartender,2026-01-11,,No Transcript,0.0,0,554,0,0,0,0.0
7594185177593613581,ingiowetrustttt,2026-01-11,,No Transcript,0.0,0,4,0,0,0,0.0
7594188045197249806,ingiowetrustttt,2026-01-11,,No Transcript,0.0,0,25,0,0,0,0.0
7594188154328894733,ingiowetrustttt,2026-01-11,,No Transcript,0.0,0,428,1,0,1,0.234
7594188212264766733,ingiowetrustttt,2026-01-11,,No Transcript,0.0,0,8,0,0,0,0.0
7594188614251072823,ingiowetrustttt,2026-01-11,,No Transcript,0.0,0,36,0,0,0,0.0
7594188770400881975,ingiowetrustttt,2026-01-11,,No Transcript,0.0,0,5,0,0,0,0.0
7594189011212569911,ingiowetrustttt,2026-01-11,,No Transcript,0.0,0,6,0,0,0,0.0
7594189098093497614,protipvault,2026-01-11,,No Transcript,0.0,0,889,8,0,8,0.9
7594189148181826871,ingiowetrustttt,2026-01-11,,No Transcript,0.0,0,6,0,0,0,0.0
7594189203894848781,ingiowetrustttt,2026-01-11,,No Transcript,0.0,0,2,0,0,0,0.0
7594208843043720478,bapsproduction,2026-01-13,,No Transcript,0.0,0,154,0,0,0,0.0
7594208929819659550,bapsproduction,2026-01-13,,No Transcript,0.0,0,88,0,0,0,0.0
7594209062615633183,bapsproduction,2026-01-13,,No Transcript,0.0,0,763,1,0,1,0.131
7594236691804622093,claudiarafael12,2026-01-11,,No Transcript,0.0,0,655,9,2,11,1.679
7594246013624323341,amznking,2026-01-11,,No Transcript,0.0,0,715,4,0,4,0.559
7594248835464023309,ingiowetrustttt,2026-01-11,,No Transcript,0.0,0,24,0,0,0,0.0
7594253479900663071,,2026-01-11,,No Transcript,0.0,0,10,0,0,0,0.0
7594254739521473822,,2026-01-11,,No Transcript,0.0,0,825,8,0,8,0.97
7594279678005857549,tabbystiktokshop,2026-01-12,,No Transcript,0.0,0,1059,0,0,0,0.0
7594286206272212238,yourboujeebartender,2026-01-12,,No Transcript,0.0,0,2300,22,4,26,1.13
7594298386044521783,howgrowsit,2026-01-12,,No Transcript,0.0,0,2459,12,2,14,0.569
7594299412071910670,petit_chaud21,2026-01-12,,No Transcript,0.0,0,1186,26,1,27,2.277
7594304838956010765,cassies_chaos1,2026-01-12,,No Transcript,0.0,0,3239,32,10,42,1.297
7594340285941943607,shawn_sennett,2026-01-12,,No Transcript,0.0,0,73,2,4,6,8.219
7594344483047623967,shopnslaysahm,2026-01-11,,No Transcript,0.0,0,0,0,0,0,0
7594344602354601246,shopnslaysahm,2026-01-12,,No Transcript,0.0,0,234,0,0,0,0.0
7594417212497136926,jussycloset,2026-01-12,,No Transcript,0.0,0,647,3,0,3,0.464
7594419319614819615,jussycloset,2026-01-12,,No Transcript,0.0,0,82,3,0,3,3.659
7594421965499239711,jussycloset,2026-01-12,,No Transcript,0.0,0,14,0,0,0,0.0
7594425476182068511,jussycloset,2026-01-12,,No Transcript,0.0,0,535,3,0,3,0.561
7594426064336653598,jussycloset,2026-01-12,,No Transcript,0.0,0,316,5,0,5,1.582
7594462690316176653,ashley.liveseller,2026-01-12,,No Transcript,0.0,0,859,7,2,9,1.048
7594479717038705975,arynf7,2026-01-12,,No Transcript,0.0,0,963,5,1,6,0.623
7594485891423325470,mendylynn,2026-01-12,,No Transcript,0.0,0,126,5,0,5,3.968
7594517168532884767,7eela,2026-01-13,,No Transcript,0.0,0,459,8,1,9,1.961
7594531725829573918,babyeddie3d,2026-01-12,,No Transcript,0.0,0,341,8,0,8,2.346
7594548858642844941,k.marshay,2026-01-12,,No Transcript,0.0,0,270,0,0,0,0.0
7594548961701154079,savewithgh,2026-01-12,,No Transcript,0.0,0,74,0,0,0,0.0
7594549131868146975,the_lasthokage_,2026-01-12,,No Transcript,0.0,0,595,2,0,2,0.336
7594550541171150111,savewithgh,2026-01-12,,No Transcript,0.0,0,852,0,0,0,0.0
7594551921243917582,elyssashauls,2026-01-12,,No Transcript,0.0,0,2707,8,0,8,0.296
7594559556093594910,tristfrwxce,2026-01-12,,No Transcript,0.0,0,565,5,3,8,1.416
7594560599036611870,mylifestyle557,2026-01-12,,No Transcript,0.0,0,8995,215,172,387,4.302
7594565660605238559,link_sniper,2026-01-12,,No Transcript,0.0,0,944,0,0,0,0.0
7594566466142342430,link_sniper,2026-01-12,,No Transcript,0.0,0,54,1,0,1,1.852
7594567930264833311,mariurky,2026-01-12,,No Transcript,0.0,0,42,4,4,8,19.048
7594577899932437773,mindy.beee,2026-01-12,,No Transcript,0.0,0,794,3,0,3,0.378
7594583670770453791,the_deal_bender,2026-01-12,,No Transcript,0.0,0,354,0,0,0,0.0
7594583868791901471,the_deal_bender,2026-01-12,,No Transcript,0.0,0,19,0,0,0,0.0
7594583994109316383,the_deal_bender,2026-01-12,,No Transcript,0.0,0,33,0,0,0,0.0
7594587846254611742,mskayladrew,2026-01-12,,No Transcript,0.0,0,3772,27,1,28,0.742
7594593932915395853,bog_wild_mama,2026-01-12,,No Transcript,0.0,0,297,1,3,4,1.347
7594599420595801374,dayaoviedo24,2026-01-12,,No Transcript,0.0,0,2233,9,2,11,0.493
7594605951005494558,ayeyokells,2026-01-12,,No Transcript,0.0,0,69,0,0,0,0.0
7594609496329080095,today1281,2026-01-12,,No Transcript,0.0,0,30,2,0,2,6.667
7594610240927157518,crazimadi,2026-01-13,,No Transcript,0.0,0,735,2,0,2,0.272
7594611977096383774,today1281,2026-01-12,,No Transcript,0.0,0,77,0,0,0,0.0
7594615155972082974,ayeyokells,2026-01-12,,No Transcript,0.0,0,0,0,0,0,0
7594616076139351326,ayeyokells,2026-01-12,,No Transcript,0.0,0,5,0,0,0,0.0
7594618262827076894,itsyagirlk0,2026-01-12,,No Transcript,0.0,0,300,0,0,0,0.0
7594618975200300301,dmv..1973,2026-01-12,,No Transcript,0.0,0,6,0,0,0,0.0
7594619989265583374,dmv..1973,2026-01-12,,No Transcript,0.0,0,10,0,0,0,0.0
7594621052752301367,cdkidwell04,2026-01-12,,No Transcript,0.0,0,425,0,0,0,0.0
7594621711803272461,cdkidwell04,2026-01-12,,No Transcript,0.0,0,12,0,0,0,0.0
7594623277079792909,besties_broadcast,2026-01-12,,No Transcript,0.0,0,250,8,1,9,3.6
7594624469004602679,bestestshopfinds,2026-01-12,,No Transcript,0.0,0,389,2,0,2,0.514
7594630113614941471,german_hbs,2026-01-13,,No Transcript,0.0,0,625,2,0,2,0.32
7594643871880039735,k.marshay,2026-01-13,,No Transcript,0.0,0,4693,92,0,92,1.96
7594644393320107295,the_lasthokage_,2026-01-13,,No Transcript,0.0,0,117,2,0,2,1.709
7594644964760489247,the_lasthokage_,2026-01-13,,No Transcript,0.0,0,18,1,0,1,5.556
7594646595753348383,the_lasthokage_,2026-01-13,,No Transcript,0.0,0,25,2,0,2,8.0
7594647389609233694,the_lasthokage_,2026-01-13,,No Transcript,0.0,0,148,1,0,1,0.676
7594648018507320607,ayeyokells,2026-01-13,,No Transcript,0.0,0,416,9,2,11,2.644
7594669572792372493,suravibhandari,2026-01-13,,No Transcript,0.0,0,1073,32,1,33,3.075
7594682652599258398,wallyofertas,2026-01-13,,No Transcript,0.0,0,52,3,0,3,5.769
7594682809696914719,wallyofertas,2026-01-13,,No Transcript,0.0,0,157,1,0,1,0.637
7594682944082496798,wallyofertas,2026-01-13,,No Transcript,0.0,0,72,2,0,2,2.778
7594683022092324151,withluv.kiki,2026-01-13,,No Transcript,0.0,0,69,1,0,1,1.449
7594683043839888671,wallyofertas,2026-01-13,,No Transcript,0.0,0,315,3,0,3,0.952
7594690415052197133,hannahsahm,2026-01-13,,No Transcript,0.0,0,1849,10,0,10,0.541
7594739877929913631,the_lasthokage_,2026-01-13,,No Transcript,0.0,0,208,5,0,5,2.404
7594740608204426527,the_lasthokage_,2026-01-13,,No Transcript,0.0,0,60,1,0,1,1.667
7594741493751975198,the_lasthokage_,2026-01-13,,No Transcript,0.0,0,48,1,0,1,2.083
7594748191946362126,cassies_chaos1,2026-01-13,,No Transcript,0.0,0,399,6,2,8,2.005
7594748438709865741,withluv.kiki,2026-01-13,,No Transcript,0.0,0,27,1,0,1,3.704
7594788193149390110,jussycloset,2026-01-13,,No Transcript,0.0,0,889,10,0,10,1.125
7594840511148526903,hannahsahm,2026-01-13,,No Transcript,0.0,0,502,3,1,4,0.797
7594867371970448695,mayaabhattaraiii,2026-01-13,,No Transcript,0.0,0,715,21,2,23,3.217
7594911732422806814,mylife_withkids,2026-01-13,,No Transcript,0.0,0,718,5,0,5,0.696
7594912183822208269,allthingsaniyah,2026-01-13,,No Transcript,0.0,0,7324,161,7,168,2.294
7594927787358686494,westernwhistle,2026-01-13,,No Transcript,0.0,0,24,5,0,5,20.833
7594936223714626846,bmoneys.finds,2026-01-13,,No Transcript,0.0,0,257,0,0,0,0.0
7594936504431037727,bpsdailydeals,2026-01-13,,No Transcript,0.0,0,102,2,0,2,1.961
7594936622701972767,mylife_withkids,2026-01-13,,No Transcript,0.0,0,512,6,0,6,1.172
7594937241131027743,notbrannt,2026-01-13,,No Transcript,0.0,0,140,0,0,0,0.0
7594957449082244366,method.deals,2026-01-13,,No Transcript,0.0,0,437,6,0,6,1.373
7594957816931126542,ariannacristinac,2026-01-13,,No Transcript,0.0,0,774,10,0,10,1.292
7594964808076692766,today1281,2026-01-13,,No Transcript,0.0,0,65,8,0,8,12.308
7594971968860966158,bestestshopfinds,2026-01-13,,No Transcript,0.0,0,9,0,0,0,0.0
7594973357720784142,bestestshopfinds,2026-01-13,,No Transcript,0.0,0,7,0,0,0,0.0
7594974100666289438,stealz_deals_daily,2026-01-13,,No Transcript,0.0,0,181,0,0,0,0.0
7594975448472309022,stealz_deals_daily,2026-01-13,,No Transcript,0.0,0,126,0,0,0,0.0
7594977327537278238,stealz_deals_daily,2026-01-13,,No Transcript,0.0,0,30,0,0,0,0.0
7594982548615286071,arsy_vartanian,2026-01-14,,No Transcript,0.0,0,525,7,2,9,1.714
7594985770188836126,kirstenspagesandpackages,2026-01-13,,No Transcript,0.0,0,32,2,0,2,6.25
7594986953540455710,kirstenspagesandpackages,2026-01-13,,No Transcript,0.0,0,106,1,0,1,0.943
7594989038281461006,rothubdeals,2026-01-13,,No Transcript,0.0,0,70,0,0,0,0.0
7594992412846591287,howgrowsit,2026-01-13,,No Transcript,0.0,0,935,7,0,7,0.749
7595018243794849038,wealthbuildingrockstar,2026-01-14,,No Transcript,0.0,0,72,0,0,0,0.0
7595018936643636535,wealthbuildingrockstar,2026-01-14,,No Transcript,0.0,0,53,1,0,1,1.887
7595022211270855949,jocelynjhosy,2026-01-14,,No Transcript,0.0,0,157,2,1,3,1.911
7595023300024143135,radhikanepal59,2026-01-14,,No Transcript,0.0,0,70,4,1,5,7.143
7595026381696797983,mackenziehoudek03,2026-01-14,,No Transcript,0.0,0,81,5,1,6,7.407
7595029498786073911,ena.segovia,2026-01-14,,No Transcript,0.0,0,325,9,0,9,2.769
7595030117064215838,yojana_canales11,2026-01-14,,No Transcript,0.0,0,120,6,4,10,8.333
7595030911276633374,savewithgh,2026-01-14,,No Transcript,0.0,0,474,0,0,0,0.0
7595031972305440031,savewithgh,2026-01-14,,No Transcript,0.0,0,24,0,0,0,0.0
7595038555148176695,k.marshay,2026-01-14,,No Transcript,0.0,0,8244,157,1,158,1.917
7595044208658894094,roostandroots,2026-01-14,,No Transcript,0.0,0,629,3,2,5,0.795
7595049163033775391,turbolaylamaggie,2026-01-13,,No Transcript,0.0,0,4,0,0,0,0.0
7595053550196067614,yadavikafle,2026-01-14,,No Transcript,0.0,0,644,12,0,12,1.863
7595061398078623006,kim_berrrrr,2026-01-14,,No Transcript,0.0,0,11,0,0,0,0.0
7595085180231093535,formidablyfrugal,2026-01-14,,No Transcript,0.0,0,35,3,0,3,8.571
7595086012720614711,rayelena0392,2026-01-14,,No Transcript,0.0,0,131,4,1,5,3.817
7595087309213650189,thesolarauthority,2026-01-14,,No Transcript,0.0,0,416,5,1,6,1.442
7595095297957580062,get_it_redd,2026-01-14,,No Transcript,0.0,0,194,5,0,5,2.577
7595096168154090807,formid.vibes,2026-01-14,,No Transcript,0.0,0,589,18,0,18,3.056
7595105229285117214,today1281,2026-01-14,,No Transcript,0.0,0,72,5,0,5,6.944
7595145123395161374,jussycloset,2026-01-14,,No Transcript,0.0,0,753,6,0,6,0.797
7595146205219343647,jussycloset,2026-01-14,,No Transcript,0.0,0,596,7,0,7,1.174
7595163141705665847,leelsadh,2026-01-14,,No Transcript,0.0,0,1313,22,0,22,1.676
7595204610806025486,jeniferwong,2026-01-14,,No Transcript,0.0,0,0,0,0,0,0
7595209450647031070,ckinder3,2026-01-14,,No Transcript,0.0,0,105,0,0,0,0.0
7595219688498547999,robertskay8,2026-01-14,,No Transcript,0.0,0,108,2,0,2,1.852
7595255843826830622,jason_norcross,2026-01-14,,No Transcript,0.0,0,2098,20,1,21,1.001
7595256020952272159,notbrannt,2026-01-14,,No Transcript,0.0,0,134,0,0,0,0.0
7595256283486375198,notbrannt,2026-01-14,,No Transcript,0.0,0,105,0,0,0,0.0
7595260622015696158,mylife_withkids,2026-01-14,,No Transcript,0.0,0,1742,22,1,23,1.32
7595270299499646263,ariannacristinac,2026-01-14,,No Transcript,0.0,0,756,12,0,12,1.587
7595275797791886623,bpsdailydeals,2026-01-14,,No Transcript,0.0,0,239,1,0,1,0.418
7595276851040242958,valerietaylorshop,2026-01-14,,No Transcript,0.0,0,156,1,0,1,0.641
7595289150102719774,turbolaylamaggie,2026-01-14,,No Transcript,0.0,0,9,0,0,0,0.0
7595302979733949710,daniellerenee8288,2026-01-14,,No Transcript,0.0,0,478,7,0,7,1.464
7595308013389499679,kayleemacomber,2026-01-14,,No Transcript,0.0,0,1277,3,2,5,0.392
7595318530325630222,valerietaylorshop,2026-01-14,,No Transcript,0.0,0,346,0,0,0,0.0
7595326593979944223,jamiefindsfun,2026-01-14,,No Transcript,0.0,0,842,7,6,13,1.544
7595336900848749855,get_it_redd,2026-01-14,,No Transcript,0.0,0,316,5,0,5,1.582
7595351538894179639,vee.faves,2026-01-14,,No Transcript,0.0,0,201,3,2,5,2.488
7595368737126124813,robe_finds,2026-01-14,,No Transcript,0.0,0,741,4,1,5,0.675
7595371776763350327,robe_finds,2026-01-15,,No Transcript,0.0,0,501,5,1,6,1.198
7595376603044072734,jacqueleigh09,2026-01-15,,No Transcript,0.0,0,70,7,2,9,12.857
7595387363145043231,ckinder3,2026-01-15,,No Transcript,0.0,0,703,2,0,2,0.284
7595391205744086302,queenlashay91,2026-01-15,,No Transcript,0.0,0,994,5,0,5,0.503
7595405997695307039,thatmidlifeglow,2026-01-15,,No Transcript,0.0,0,519,9,0,9,1.734
7595407207135448351,ckinder3,2026-01-15,,No Transcript,0.0,0,237,0,0,0,0.0
7595408718817217805,s0lana,2026-01-15,,No Transcript,0.0,0,285,2,0,2,0.702
7595422021350165773,k.marshay,2026-01-15,,No Transcript,0.0,0,21186,355,2,357,1.685
7595426173178383629,holisticdeals4u,2026-01-15,,No Transcript,0.0,0,147,3,0,3,2.041
7595431804597849358,withluv.kiki,2026-01-15,,No Transcript,0.0,0,18,1,0,1,5.556
7595444751264992567,myperspective789,2026-01-14,,No Transcript,0.0,0,1090,0,0,0,0.0
7595456565902183710,turtlelicious1850,2026-01-15,,No Transcript,0.0,0,34,1,0,1,2.941
7595459923694112055,ashley.liveseller,2026-01-15,,No Transcript,0.0,0,1153,15,2,17,1.474
7595475811835055390,today1281,2026-01-15,,No Transcript,0.0,0,46,7,0,7,15.217
7595541638567529759,quye.us,2026-01-15,,No Transcript,0.0,0,251,0,0,0,0.0
7595588339118427447,muddyboots_reviews,2026-01-15,,No Transcript,0.0,0,1654,18,1,19,1.149
7595596225899007246,yenisetbori,2026-01-15,,No Transcript,0.0,0,86,15,1,16,18.605
7595598526713793806,yenisetbori,2026-01-15,,No Transcript,0.0,0,341,18,2,20,5.865
7595605483226975518,yojana_canales11,2026-01-15,,No Transcript,0.0,0,69,3,0,3,4.348
7595619589799546125,roostandroots,2026-01-15,,No Transcript,0.0,0,607,3,0,3,0.494
7595619673878662413,all.too.sam,2026-01-15,,No Transcript,0.0,0,516,7,1,8,1.55
7595619938014989581,dancewithmeladie,2026-01-15,,No Transcript,0.0,0,1045,17,3,20,1.914
7595637265460710669,myperspective789,2026-01-15,,No Transcript,0.0,0,1742,2,0,2,0.115
7595652483968404766,kristinleigh976,2026-01-15,,No Transcript,0.0,0,563,11,9,20,3.552
7595652616403569934,laxmiupreti08,2026-01-15,,No Transcript,0.0,0,336,34,2,36,10.714
7595666906049154335,trevorsshopfinds,2026-01-15,,No Transcript,0.0,0,153,2,0,2,1.307
7595670406435032350,amandasfavoritethings,2026-01-15,,No Transcript,0.0,0,1167,3,0,3,0.257
7595671140891331870,amandasfavoritethings,2026-01-16,,No Transcript,0.0,0,1225,5,0,5,0.408
7595676244855885087,today1281,2026-01-15,,No Transcript,0.0,0,115,4,0,4,3.478
7595689694843784503,bassman5316,2026-01-15,,No Transcript,0.0,0,1902,4,0,4,0.21
7595704771789557006,mamas1finds,2026-01-15,,No Transcript,0.0,0,11,0,0,0,0.0
7595704901452303671,mamas1finds,2026-01-15,,No Transcript,0.0,0,32,0,0,0,0.0
7595729019669138743,_jechelle_,2026-01-15,,No Transcript,0.0,0,349,8,0,8,2.292
7595753750191476023,mindy.beee,2026-01-16,,No Transcript,0.0,0,843,9,0,9,1.068
7595759480109878541,arynf7,2026-01-16,,No Transcript,0.0,0,2042,20,1,21,1.028
7595763117804522783,gisselecreations,2026-01-16,,No Transcript,0.0,0,314,3,2,5,1.592
7595765401452121358,besties_broadcast,2026-01-16,,No Transcript,0.0,0,1281,13,0,13,1.015
7595779869494070559,elducho.thrift,2026-01-16,,No Transcript,0.0,0,777,9,1,10,1.287
7595784586714565902,bog_wild_mama,2026-01-16,,No Transcript,0.0,0,238,2,0,2,0.84
7595791871289347341,charnetteb,2026-01-16,,No Transcript,0.0,0,995,6,2,8,0.804
7595807910291131678,lovechaos85,2026-01-15,,No Transcript,0.0,0,0,0,0,0,0
7595808442959416590,jessttsaffiliatetips,2026-01-16,,No Transcript,0.0,0,131,2,0,2,1.527
7595808977435331871,lovechaos85,2026-01-15,,No Transcript,0.0,0,0,0,0,0,0
7595809082183896350,lovechaos85,2026-01-15,,No Transcript,0.0,0,0,0,0,0,0
7595813797181328670,lovechaos85,2026-01-16,,No Transcript,0.0,0,0,0,0,0,0
7595813927074696479,lovechaos85,2026-01-16,,No Transcript,0.0,0,0,0,0,0,0
7595832097294519566,betterbybrian,2026-01-16,,No Transcript,0.0,0,849,2,0,2,0.236
7595832689819667725,betterbybrian,2026-01-16,,No Transcript,0.0,0,475,2,0,2,0.421
7595873229747670303,thedealdojo,2026-01-16,,No Transcript,0.0,0,208,1,0,1,0.481
7595881177114840350,susenneroct,2026-01-16,,No Transcript,0.0,0,283,1,0,1,0.353
7595892831034559758,no.crumbs.wasted,2026-01-16,,No Transcript,0.0,0,2028,29,1,30,1.479
7595958161496984863,yojana_canales11,2026-01-16,,No Transcript,0.0,0,66,0,0,0,0.0
7595963286441544990,big__muva,2026-01-16,,No Transcript,0.0,0,220,3,0,3,1.364
7595963286743436575,lovechaos85,2026-01-16,,No Transcript,0.0,0,639,4,3,7,1.095
7595967099743391007,lockedinlegends,2026-01-16,,No Transcript,0.0,0,298,0,0,0,0.0
7595967638870822175,lockedinlegends,2026-01-16,,No Transcript,0.0,0,1091,0,0,0,0.0
7595969767647890718,lockedinlegends,2026-01-16,,No Transcript,0.0,0,62,0,0,0,0.0
7595970647063317790,lockedinlegends,2026-01-16,,No Transcript,0.0,0,137,0,0,0,0.0
7595977299439144247,tts.tx.anni,2026-01-18,,No Transcript,0.0,0,1462,12,0,12,0.821
7595986390232452383,notbrannt,2026-01-16,,No Transcript,0.0,0,121,0,0,0,0.0
7595987017306049823,bmoneys.finds,2026-01-16,,No Transcript,0.0,0,42,0,0,0,0.0
7596023132436188429,damnitsdedric,2026-01-16,,No Transcript,0.0,0,554,3,0,3,0.542
7596023419146161463,damnitsdedric,2026-01-16,,No Transcript,0.0,0,707,1,0,1,0.141
7596030415563934990,naturalmax_jose2,2026-01-16,,No Transcript,0.0,0,631,3,0,3,0.475
7596038788724444446,kiaralatina_,2026-01-16,,No Transcript,0.0,0,725,8,0,8,1.103
7596039120829386015,mylifestyle557,2026-01-16,,No Transcript,0.0,0,817,135,113,248,30.355
7596039608220044557,jocoy_farms,2026-01-16,,No Transcript,0.0,0,98,0,0,0,0.0
7596045909725596958,the_lasthokage_,2026-01-16,,No Transcript,0.0,0,1077,4,0,4,0.371
7596056463416593677,kaylynt89,2026-01-16,,No Transcript,0.0,0,591,6,0,6,1.015
7596066769190554911,jessicajw7,2026-01-16,,No Transcript,0.0,0,1260,11,2,13,1.032
7596067792013544734,today1281,2026-01-16,,No Transcript,0.0,0,740,0,0,0,0.0
7596079825815604510,aleshajove,2026-01-16,,No Transcript,0.0,0,440,6,0,6,1.364
7596081046769224974,dpujol1985,2026-01-17,,No Transcript,0.0,0,211,4,0,4,1.896
7596082605464751390,kiaralatina_,2026-01-16,,No Transcript,0.0,0,602,11,0,11,1.827
7596094624557583630,nobodybutlayy,2026-01-16,,No Transcript,0.0,0,343,0,0,0,0.0
7596095495810927903,adenaneemstha,2026-01-16,,No Transcript,0.0,0,160,15,2,17,10.625
7596096837845601566,robertskay8,2026-01-16,,No Transcript,0.0,0,2262,9,2,11,0.486
7596107540908313911,kory_yanet,2026-01-16,,No Transcript,0.0,0,251,4,0,4,1.594
7596108780731977015,shopalerts,2026-01-16,,No Transcript,0.0,0,389,2,0,2,0.514
7596113261486017823,pennyrae9,2026-01-16,,No Transcript,0.0,0,3,0,0,0,0.0
7596113472266571039,pennyrae9,2026-01-17,,No Transcript,0.0,0,9,0,0,0,0.0
7596113791075536158,pennyrae9,2026-01-17,,No Transcript,0.0,0,148,2,1,3,2.027
7596114112472517918,pennyrae9,2026-01-17,,No Transcript,0.0,0,178,1,0,1,0.562
7596114783108107551,pennyrae9,2026-01-17,,No Transcript,0.0,0,135,3,1,4,2.963
7596116941983501581,brooke.leahann,2026-01-17,,No Transcript,0.0,0,527,11,2,13,2.467
7596132156464811319,arynf7,2026-01-17,,No Transcript,0.0,0,719,5,3,8,1.113
7596136067548433695,paxton27xxx,2026-01-17,,No Transcript,0.0,0,332,11,0,11,3.313
7596147362888731934,savewithgh,2026-01-17,,No Transcript,0.0,0,81,1,0,1,1.235
7596179571330796855,unicornwafflezz,2026-01-17,,No Transcript,0.0,0,23,0,0,0,0.0
7596197896022789431,darilh.com,2026-01-17,,No Transcript,0.0,0,1763,49,3,52,2.95
7596202091866000670,rizzdeals,2026-01-17,,No Transcript,0.0,0,599,2,0,2,0.334
7596208683932060959,the_lasthokage_,2026-01-17,,No Transcript,0.0,0,232,1,0,1,0.431
7596209080927096095,the_lasthokage_,2026-01-17,,No Transcript,0.0,0,98,0,0,0,0.0
7596209605265345823,the_lasthokage_,2026-01-17,,No Transcript,0.0,0,155,4,0,4,2.581
7596214807980821790,hunterfavela,2026-01-17,,No Transcript,0.0,0,3363,20,1,21,0.624
7596244593289563422,jussycloset,2026-01-17,,No Transcript,0.0,0,1572,9,0,9,0.573
7596244898425081119,jussycloset,2026-01-17,,No Transcript,0.0,0,245,2,0,2,0.816
7596246859325115679,fireshoppin,2026-01-17,,No Transcript,0.0,0,92,1,0,1,1.087
7596247045455858974,fireshoppin,2026-01-17,,No Transcript,0.0,0,497,0,0,0,0.0
7596247421613591838,fireshoppin,2026-01-17,,No Transcript,0.0,0,1279,1,0,1,0.078
7596257265296919838,jussycloset,2026-01-17,,No Transcript,0.0,0,797,9,0,9,1.129
7596316265614937357,christinefavorites,2026-01-17,,No Transcript,0.0,0,1656,12,0,12,0.725
7596321900570234126,christinelouisev,2026-01-17,,No Transcript,0.0,0,1716,9,0,9,0.524
7596348177905618189,jocoy_farms,2026-01-17,,No Transcript,0.0,0,919,7,12,19,2.067
7596355110037425439,hunterfavela,2026-01-17,,No Transcript,0.0,0,485,0,0,0,0.0
7596364513763527950,shopalerts,2026-01-17,,No Transcript,0.0,0,100,0,0,0,0.0
7596365082309807373,damnitsdedric,2026-01-17,,No Transcript,0.0,0,134,1,0,1,0.746
7596367202777845006,damnitsdedric,2026-01-17,,No Transcript,0.0,0,634,6,0,6,0.946
7596367285330152717,damnitsdedric,2026-01-17,,No Transcript,0.0,0,609,1,0,1,0.164
7596368588630510861,cedarandchic,2026-01-17,,No Transcript,0.0,0,361,7,0,7,1.939
7596380796638792974,skbrand_ceo,2026-01-17,,No Transcript,0.0,0,283,8,6,14,4.947
7596392274783702303,sabie_bb,2026-01-17,,No Transcript,0.0,0,418,1,0,1,0.239
7596394900132809997,bpsdailydeals,2026-01-17,,No Transcript,0.0,0,169,2,0,2,1.183
7596395268527017246,sabie_bb,2026-01-17,,No Transcript,0.0,0,182,0,0,0,0.0
7596401594569166110,7eela,2026-01-20,,No Transcript,0.0,0,14543,84,12,96,0.66
7596408968273022239,pennyrae9,2026-01-17,,No Transcript,0.0,0,28,2,1,3,10.714
7596410622284238135,christinelouisev,2026-01-17,,No Transcript,0.0,0,282,3,0,3,1.064
7596411554032127245,christinefavorites,2026-01-17,,No Transcript,0.0,0,672,2,0,2,0.298
7596418895485963551,turtlelicious1850,2026-01-17,,No Transcript,0.0,0,165,1,0,1,0.606
7596418965065174327,wayoutmercantile,2026-01-17,,No Transcript,0.0,0,26,0,0,0,0.0
7596421102553894157,wayoutmercantile,2026-01-17,,No Transcript,0.0,0,214,0,0,0,0.0
7596421114109119774,gioleon123,2026-01-17,,No Transcript,0.0,0,818,2,0,2,0.244
7596428343562603831,justbuckss,2026-01-17,,No Transcript,0.0,0,1163,24,0,24,2.064
7596434916506701070,notbrannt,2026-01-17,,No Transcript,0.0,0,138,0,0,0,0.0
7596443024188575006,pnwdad206,2026-01-17,Let me change the way you brush your teeth.,Bold Claim / Benefit,0.0,0,3074,10,0,10,0.325
7596465256449248542,best.finds._7,2026-01-17,,No Transcript,0.0,0,1228,6,0,6,0.489
7596467098671484174,alekashop_,2026-01-17,,No Transcript,0.0,0,10,0,0,0,0.0
7596469417433779470,alekashop_,2026-01-17,,No Transcript,0.0,0,10,1,0,1,10.0
7596471298704870670,alekashop_,2026-01-17,,No Transcript,0.0,0,13,1,0,1,7.692
7596475324813135118,method.deals,2026-01-17,,No Transcript,0.0,0,405,6,1,7,1.728
7596481209178361119,hunterfavela,2026-01-17,,No Transcript,0.0,0,3640,12,0,12,0.33
7596504888629120270,jocelynjhosy,2026-01-17,,No Transcript,0.0,0,0,0,0,0,0
7596505086516366606,jocelynjhosy,2026-01-18,,No Transcript,0.0,0,157,3,3,6,3.822
7596520241040002317,howgrowsit,2026-01-18,,No Transcript,0.0,0,2069,5,0,5,0.242
7596521916668726541,kateshopss,2026-01-18,,No Transcript,0.0,0,715,12,0,12,1.678
7596531276249681165,shawn_sennett,2026-01-18,,No Transcript,0.0,0,610,1,0,1,0.164
7596533109932182814,mendylynn,2026-01-18,,No Transcript,0.0,0,157,6,0,6,3.822
7596540166945180983,canna_king,2026-01-18,,No Transcript,0.0,0,170,2,0,2,1.176
7596542531362458935,canna_king,2026-01-18,,No Transcript,0.0,0,226,0,0,0,0.0
7596543370168765727,srijanaliam,2026-01-18,,No Transcript,0.0,0,107,8,0,8,7.477
7596549965946637599,wackytimes0,2026-01-18,Why not be for everybody but if you're a,Direct Audience Call-Out,0.0,0,2087,16,4,20,0.958
7596558716741209374,martynfitness,2026-01-18,,No Transcript,0.0,0,271,2,0,2,0.738
7596558839302851871,martynfitness,2026-01-18,,No Transcript,0.0,0,123,0,0,0,0.0
7596673831712853303,christinefavorites,2026-01-18,,No Transcript,0.0,0,3023,18,0,18,0.595
7596674250421914893,christinefavorites,2026-01-18,,No Transcript,0.0,0,852,6,0,6,0.704
7596675729715219726,christinelouisev,2026-01-18,,No Transcript,0.0,0,497,3,0,3,0.604
7596707823157857549,wayoutmercantile,2026-01-18,,No Transcript,0.0,0,65,0,0,0,0.0
7596718123676372254,roxannee0333,2026-01-18,,No Transcript,0.0,0,369,10,0,10,2.71
7596722742523710775,skbrand_ceo,2026-01-18,,No Transcript,0.0,0,220,6,4,10,4.545
7596724732481785101,shopalerts,2026-01-18,,No Transcript,0.0,0,63,0,0,0,0.0
7596731745286786318,charnetteb,2026-01-18,,No Transcript,0.0,0,731,8,0,8,1.094
7596732149168917774,dipya96,2026-01-18,,No Transcript,0.0,0,150,21,6,27,18.0
7596750345712192823,kingsdeals,2026-01-18,,No Transcript,0.0,0,194,0,0,0,0.0
7596754616956587278,kingsdeals,2026-01-18,,No Transcript,0.0,0,59,0,0,0,0.0
7596757501446491423,martynfitness,2026-01-18,,No Transcript,0.0,0,435,0,0,0,0.0
7596757562029116703,martynfitness,2026-01-18,,No Transcript,0.0,0,43,0,0,0,0.0
7596761515970039095,bassman5316,2026-01-18,,No Transcript,0.0,0,71,1,0,1,1.408
7596793882470272287,bmoneys.finds,2026-01-18,,No Transcript,0.0,0,95,0,0,0,0.0
7596811954358930719,lovechaos85,2026-01-18,,No Transcript,0.0,0,502,4,3,7,1.394
7596818251133291831,rothubdeals,2026-01-18,,No Transcript,0.0,0,136,0,1,1,0.735
7596818674451778830,all.too.sam,2026-01-18,,No Transcript,0.0,0,333,11,5,16,4.805
7596820156018347295,tedamaesue,2026-01-18,,No Transcript,0.0,0,99,1,0,1,1.01
7596821426607312159,tedamaesue,2026-01-18,,No Transcript,0.0,0,77,1,0,1,1.299
7596821714982423838,bpsdailydeals,2026-01-18,,No Transcript,0.0,0,39,0,0,0,0.0
7596824749330779406,arthurfindz,2026-01-18,,No Transcript,0.0,0,181,0,0,0,0.0
7596825358016498999,chelseajanegreen,2026-01-18,,No Transcript,0.0,0,1483,5,0,5,0.337
7596839530557082935,kory_yanet,2026-01-18,,No Transcript,0.0,0,403,6,0,6,1.489
7596855061259554079,mybestintentions,2026-01-18,,No Transcript,0.0,0,442,4,0,4,0.905
7596866292494191902,mendylynn,2026-01-19,,No Transcript,0.0,0,37,3,0,3,8.108
7596866701644336414,mendylynn,2026-01-19,,No Transcript,0.0,0,53,4,0,4,7.547
7596867140196617503,mendylynn,2026-01-19,,No Transcript,0.0,0,47,4,2,6,12.766
7596867576756522271,mendylynn,2026-01-19,,No Transcript,0.0,0,47,4,1,5,10.638
7596869878422818079,mendylynn,2026-01-19,,No Transcript,0.0,0,66,7,0,7,10.606
7596883652416458015,ivelisseboricua,2026-01-19,,No Transcript,0.0,0,637,1,0,1,0.157
7596884567739452727,skbrand_ceo,2026-01-18,,No Transcript,0.0,0,74,0,0,0,0.0
7596889651227495694,charnetteb,2026-01-19,,No Transcript,0.0,0,1011,8,0,8,0.791
7596914825515535647,comebackjan2,2026-01-18,,No Transcript,0.0,0,317,0,0,0,0.0
7596924459861216567,chekylad,2026-01-19,,No Transcript,0.0,0,141,1,0,1,0.709
7596941193636777247,jasssherica,2026-01-19,,No Transcript,0.0,0,2586,65,2,67,2.591
7596954085572513038,igotitontiktokshop,2026-01-19,,No Transcript,0.0,0,57,1,2,3,5.263
7596965330694507807,unicornwafflezz,2026-01-19,,No Transcript,0.0,0,39,0,0,0,0.0
7596993552471575863,jocoy_farms,2026-01-20,,No Transcript,0.0,0,754,1,2,3,0.398
7596996242979228942,jocoy_farms,2026-01-20,,No Transcript,0.0,0,537,1,0,1,0.186
7597045758377921823,katiegirl777,2026-01-19,,No Transcript,0.0,0,608,11,6,17,2.796
7597057730221853982,rkrager1,2026-01-19,,No Transcript,0.0,0,489,2,0,2,0.409
7597057918004940063,rkrager1,2026-01-19,,No Transcript,0.0,0,19,1,0,1,5.263
7597058454418738462,rkrager1,2026-01-19,,No Transcript,0.0,0,36,2,0,2,5.556
7597058556730297630,rkrager1,2026-01-19,,No Transcript,0.0,0,45,2,0,2,4.444
7597059834692832542,rkrager1,2026-01-19,,No Transcript,0.0,0,32,1,0,1,3.125
7597063989524237581,kaylynreve,2026-01-19,,No Transcript,0.0,0,519,0,0,0,0.0
7597068105835138359,kateshopss,2026-01-19,,No Transcript,0.0,0,27905,275,7,282,1.011
7597068454503386381,kaylynreve,2026-01-19,,No Transcript,0.0,0,6347,48,4,52,0.819
7597074077999746334,ckinder3,2026-01-19,,No Transcript,0.0,0,234,1,0,1,0.427
7597087005725527309,holisticdeals4u,2026-01-19,,No Transcript,0.0,0,78,1,0,1,1.282
7597092868452257079,myperspective789,2026-01-19,,No Transcript,0.0,0,15,0,0,0,0.0
7597094483720686878,mrsh0222,2026-01-19,,No Transcript,0.0,0,634,3,0,3,0.473
7597107767278619934,stroller_pug,2026-01-19,,No Transcript,0.0,0,172,0,0,0,0.0
7597107853526191390,lovechaos85,2026-01-19,,No Transcript,0.0,0,178,1,2,3,1.685
7597118905974328606,lovechaos85,2026-01-19,,No Transcript,0.0,0,154,3,1,4,2.597
7597120750071418142,lovechaos85,2026-01-19,,No Transcript,0.0,0,157,4,3,7,4.459
7597122965045513503,lovechaos85,2026-01-19,,No Transcript,0.0,0,132,5,2,7,5.303
7597124518351555870,lovechaos85,2026-01-19,,No Transcript,0.0,0,536,4,1,5,0.933
7597127049584594207,herline.badeau,2026-01-19,,No Transcript,0.0,0,73,3,2,5,6.849
7597127308985568543,herline.badeau,2026-01-19,,No Transcript,0.0,0,83,0,0,0,0.0
7597128021199392031,herline.badeau,2026-01-19,,No Transcript,0.0,0,52,1,0,1,1.923
7597129835869195551,herline.badeau,2026-01-19,,No Transcript,0.0,0,88,3,4,7,7.955
7597136583288032526,mom35glowfind,2026-01-19,,No Transcript,0.0,0,9,0,0,0,0.0
7597138504325303566,mom35glowfind,2026-01-19,,No Transcript,0.0,0,19,0,0,0,0.0
7597139470261013774,mom35glowfind,2026-01-19,,No Transcript,0.0,0,16,0,0,0,0.0
7597156254041034039,blogaboutitall,2026-01-19,,No Transcript,0.0,0,736,8,4,12,1.63
7597163878069325087,gioleon123,2026-01-19,,No Transcript,0.0,0,770,2,0,2,0.26
7597169387241540894,herline.badeau,2026-01-19,,No Transcript,0.0,0,46,1,0,1,2.174
7597169787826982174,herline.badeau,2026-01-19,,No Transcript,0.0,0,40,0,0,0,0.0
7597172402396679479,damnitsdedric,2026-01-19,,No Transcript,0.0,0,334,2,0,2,0.599
7597173806007880974,damnitsdedric,2026-01-19,,No Transcript,0.0,0,186,1,0,1,0.538
7597173957703290126,damnitsdedric,2026-01-19,,No Transcript,0.0,0,517,1,0,1,0.193
7597185459868929293,wayoutmercantile,2026-01-19,,No Transcript,0.0,0,171,0,0,0,0.0
7597186175232773390,wayoutmercantile,2026-01-19,,No Transcript,0.0,0,9,0,0,0,0.0
7597192534120598814,kasenscorner,2026-01-19,,No Transcript,0.0,0,238,3,0,3,1.261
7597195442262199565,her.ancient.identity,2026-01-19,,No Transcript,0.0,0,11,1,0,1,9.091
7597195638819867918,her.ancient.identity,2026-01-19,,No Transcript,0.0,0,19,1,0,1,5.263
7597195884627053837,her.ancient.identity,2026-01-19,,No Transcript,0.0,0,314,0,0,0,0.0
7597196211036114231,her.ancient.identity,2026-01-19,,No Transcript,0.0,0,170,1,0,1,0.588
7597212409782111543,chelseajanegreen,2026-01-19,,No Transcript,0.0,0,180,4,3,7,3.889
7597214213135764767,bpsdailydeals,2026-01-19,,No Transcript,0.0,0,106,1,0,1,0.943
7597215124910263582,notbrannt,2026-01-19,,No Transcript,0.0,0,192,0,0,0,0.0
7597221242671844639,sheluvslink,2026-01-19,,No Transcript,0.0,0,7105,68,0,68,0.957
7597226437707418910,fruitfinds,2026-01-19,,No Transcript,0.0,0,2,0,0,0,0.0
7597226772102417695,fruitfinds,2026-01-20,,No Transcript,0.0,0,6,0,0,0,0.0
7597227100893891870,fruitfinds,2026-01-20,,No Transcript,0.0,0,215,0,0,0,0.0
7597227387150978335,fruitfinds,2026-01-19,,No Transcript,0.0,0,28,0,0,0,0.0
7597228834093583629,chelseajanegreen,2026-01-20,,No Transcript,0.0,0,1042,3,0,3,0.288
7597229215385177399,maryalyssacarr,2026-01-20,,No Transcript,0.0,0,1552,15,2,17,1.095
7597232451244592414,bouncybenny,2026-01-20,,No Transcript,0.0,0,667,6,0,6,0.9
7597233843191483679,pennyrae9,2026-01-20,,No Transcript,0.0,0,594,1,0,1,0.168
7597234984822361375,mrbirdiebook,2026-01-20,,No Transcript,0.0,0,826,12,24,36,4.358
7597245580280089886,mindsethacked,2026-01-20,,No Transcript,0.0,0,517,0,0,0,0.0
7597258625190595870,savewithgh,2026-01-20,,No Transcript,0.0,0,680,0,2,2,0.294
7597273692883799309,h.anner,2026-01-20,,No Transcript,0.0,0,1008,9,0,9,0.893
7597277088835538231,h.anner,2026-01-20,,No Transcript,0.0,0,806,7,0,7,0.868
7597283433798257933,enanita.504,2026-01-20,,No Transcript,0.0,0,1605,13,3,16,0.997
7597284676385934606,bees_of_three,2026-01-20,,No Transcript,0.0,0,1052,11,0,11,1.046
7597300902420040974,artsyindigo,2026-01-20,,No Transcript,0.0,0,1541,5,0,5,0.324
7597308329534278943,bmoneys.finds,2026-01-20,,No Transcript,0.0,0,78,0,0,0,0.0
7597308945887186206,notbrannt,2026-01-20,,No Transcript,0.0,0,117,0,0,0,0.0
7597329561050795278,shoedad23,2026-01-20,,No Transcript,0.0,0,2503,3,0,3,0.12
7597442839320038687,hunterfavela,2026-01-20,,No Transcript,0.0,0,2246,8,0,8,0.356
7597446053742333215,mrbirdiebook,2026-01-20,,No Transcript,0.0,0,218,13,18,31,14.22
7597460381732195598,wayoutmercantile,2026-01-20,,No Transcript,0.0,0,230,0,0,0,0.0
7597462187304635662,wayoutmercantile,2026-01-20,,No Transcript,0.0,0,6,0,0,0,0.0
7597488570005212429,laceylbailey,2026-01-20,,No Transcript,0.0,0,2694,8,0,8,0.297
7597488992220646686,deal_doctor,2026-01-20,,No Transcript,0.0,0,145,1,0,1,0.69
7597498058271706398,busyboymomamanda,2026-01-20,,No Transcript,0.0,0,2544,25,9,34,1.336
7597499082503998750,darilh.com,2026-01-20,,No Transcript,0.0,0,2274,10,2,12,0.528
7597501547399908639,missestandme,2026-01-20,,No Transcript,0.0,0,11723,4,3,7,0.06
7597502476673158430,darilh.com,2026-01-20,,No Transcript,0.0,0,2928,50,2,52,1.776
7597506300192247070,missestandme,2026-01-20,,No Transcript,0.0,0,1603,6,0,6,0.374
7597508402675191071,darilh.com,2026-01-20,,No Transcript,0.0,0,2619,29,2,31,1.184
7597508781756402975,missestandme,2026-01-20,,No Transcript,0.0,0,7088,4,0,4,0.056
7597511956655885581,mom35glowfind,2026-01-20,,No Transcript,0.0,0,1,0,0,0,0.0
7597512242183064863,missestandme,2026-01-20,,No Transcript,0.0,0,454,7,0,7,1.542
7597517883358448927,prettygoodlife,2026-01-20,,No Transcript,0.0,0,1640,6,0,6,0.366
7597524875422485791,faithshopfinds,2026-01-20,,No Transcript,0.0,0,1218,10,0,10,0.821
7597526386466721055,turbolaylamaggie,2026-01-20,,No Transcript,0.0,0,220,0,0,0,0.0
7597533959957777677,the_reluctant_foreman,2026-01-21,,No Transcript,0.0,0,3776,38,6,44,1.165
7597539598801046814,lovelauren96,2026-01-20,,No Transcript,0.0,0,1544,32,1,33,2.137
7597553539119861022,_jenifer___,2026-01-20,,No Transcript,0.0,0,7308,25,2,27,0.369
7597560717927075086,ana.elizabeth.r,2026-01-20,,No Transcript,0.0,0,952,2,0,2,0.21
7597561378152516895,ambertexasmama,2026-01-20,,No Transcript,0.0,0,665,5,4,9,1.353
7597569318817254687,trevorsshopfinds,2026-01-20,,No Transcript,0.0,0,589,1,0,1,0.17
7597576262680317239,aliciam622,2026-01-20,,No Transcript,0.0,0,11953,50,1,51,0.427
7597579678936878366,gsfavoritefinds,2026-01-21,,No Transcript,0.0,0,138,2,0,2,1.449
7597580803261861151,adhdbrainn,2026-01-20,,No Transcript,0.0,0,993,9,0,9,0.906
7597581574829280542,adhdbrainn,2026-01-20,,No Transcript,0.0,0,57,2,0,2,3.509
7597586150177492254,zairap24,2026-01-20,,No Transcript,0.0,0,0,0,0,0,0
7597586606962347295,kyliejhughes,2026-01-20,,No Transcript,0.0,0,967,22,5,27,2.792
7597586642370710815,zairap24,2026-01-20,,No Transcript,0.0,0,270,10,5,15,5.556
7597590815338204429,happy_tiktokfinds,2026-01-21,,No Transcript,0.0,0,2129,4,0,4,0.188
7597600109513182478,maryalyssacarr,2026-01-21,,No Transcript,0.0,0,11683,118,0,118,1.01
7597602825882881311,missestandme,2026-01-21,,No Transcript,0.0,0,10313,37,0,37,0.359
7597609799634799903,zairap24,2026-01-21,,No Transcript,0.0,0,286,16,3,19,6.643
7597613031991840055,maryalyssacarr,2026-01-21,,No Transcript,0.0,0,1359,11,0,11,0.809
7597627370299870494,broken.on.purpose,2026-01-21,,No Transcript,0.0,0,559,6,0,6,1.073
7597630086380178701,h.anner,2026-01-21,,No Transcript,0.0,0,447,4,0,4,0.895
7597640090893995294,amberamote,2026-01-21,,No Transcript,0.0,0,1196,17,4,21,1.756
7597644266004843807,simple.seshh,2026-01-21,,No Transcript,0.0,0,1193,7,0,7,0.587
7597650472421379359,simple.seshh,2026-01-21,,No Transcript,0.0,0,1654,9,0,9,0.544
7597653840795634958,momofgirlsandgoals,2026-01-21,,No Transcript,0.0,0,138,1,0,1,0.725
7597659696480144653,damnitsdedric,2026-01-21,,No Transcript,0.0,0,520,3,0,3,0.577
7597663093925121310,serpentdeals,2026-01-21,,No Transcript,0.0,0,18,0,0,0,0.0
7597663845393485087,serpentdeals,2026-01-21,,No Transcript,0.0,0,5,0,0,0,0.0
7597666533308992798,serpentdeals,2026-01-21,,No Transcript,0.0,0,27,0,0,0,0.0
7597670637510970654,luxuriousforever,2026-01-21,,No Transcript,0.0,0,559,11,2,13,2.326
7597672276514917662,ckinder3,2026-01-21,,No Transcript,0.0,0,396,0,0,0,0.0
7597676284847607070,arabspeechie,2026-01-21,,No Transcript,0.0,0,3401,12,2,14,0.412
7597679144889109791,missestandme,2026-01-21,,No Transcript,0.0,0,922,3,0,3,0.325
7597766996821921079,wayoutmercantile,2026-01-21,,No Transcript,0.0,0,116,0,0,0,0.0
7597807001682349342,lovelauren96,2026-01-21,My son loves his toothbrush and I do too,Social Proof / Testimonial,0.0,0,1851,31,2,33,1.783
7597827562718416158,chrissyhebert6,2026-01-21,,No Transcript,0.0,0,769,6,0,6,0.78
7597834245343546679,ambers.shoppingdeals,2026-01-21,,No Transcript,0.0,0,1595,7,0,7,0.439
7597838366394043703,notbrannt,2026-01-21,,No Transcript,0.0,0,56,1,0,1,1.786
7597850766388284685,bmoneys.finds,2026-01-21,,No Transcript,0.0,0,32,0,0,0,0.0
7597854353982049567,shainabytheshore,2026-01-21,,No Transcript,0.0,0,1390,11,0,11,0.791
7597863971651161375,zairap24,2026-01-21,,No Transcript,0.0,0,239,7,2,9,3.766
7597873551349173534,ayzanay,2026-01-21,,No Transcript,0.0,0,1397,21,0,21,1.503
7597878565840964894,trevors_closet,2026-01-21,,No Transcript,0.0,0,87,1,0,1,1.149
7597881917656091959,gabylmus0,2026-01-21,,No Transcript,0.0,0,902,8,1,9,0.998
7597882423715695885,businesswithjaque,2026-01-21,,No Transcript,0.0,0,580,2,0,2,0.345
7597882518800436494,businesswithjaque,2026-01-21,,No Transcript,0.0,0,323,3,0,3,0.929
7597882630255807758,businesswithjaque,2026-01-21,,No Transcript,0.0,0,295,5,1,6,2.034
7597886098865507597,mclovinpartyof8,2026-01-21,,No Transcript,0.0,0,256,16,2,18,7.031
7597903466375187767,nobodybutlayy,2026-01-21,,No Transcript,0.0,0,529,2,0,2,0.378
7597927057800154423,arynf7,2026-01-21,,No Transcript,0.0,0,820,13,2,15,1.829
7597929802019933453,shopdealsbyquis,2026-01-21,,No Transcript,0.0,0,2542,16,0,16,0.629
7597931952464792887,chemicalcleanedmeme,2026-01-21,,No Transcript,0.0,0,121,2,0,2,1.653
7597934762593914125,k.marshay,2026-01-21,,No Transcript,0.0,0,2582,16,1,17,0.658
7597962264418831646,serpentdeals,2026-01-21,,No Transcript,0.0,0,26,0,0,0,0.0
7597963169440582925,mclovinpartyof8,2026-01-21,,No Transcript,0.0,0,249,6,0,6,2.41
7597965212989361422,ana.buys,2026-01-21,,No Transcript,0.0,0,758,10,0,10,1.319
7597966686859382029,mclovinpartyof8,2026-01-21,,No Transcript,0.0,0,5360,77,10,87,1.623
7597977043275500830,dirtyducks2,2026-01-22,,No Transcript,0.0,0,927,6,1,7,0.755
7597979324527938846,thekristinekoehnking,2026-01-22,,No Transcript,0.0,0,584,0,0,0,0.0
7597981019777568014,ana_mateo_shop,2026-01-22,,No Transcript,0.0,0,164,5,0,5,3.049
7597981974975876365,cheyennestewart86,2026-01-22,,No Transcript,0.0,0,267,11,0,11,4.12
7597983856880405815,gretchen7472,2026-01-22,,No Transcript,0.0,0,549,8,1,9,1.639
7597984802062535967,hunterfavela,2026-01-22,,No Transcript,0.0,0,6584,30,4,34,0.516
7597997345355156791,wayoutmercantile,2026-01-22,,No Transcript,0.0,0,18,0,0,0,0.0
7598003622256889119,jacqueleigh09,2026-01-22,,No Transcript,0.0,0,219,3,0,3,1.37
7598008043095313694,serpentdeals,2026-01-22,,No Transcript,0.0,0,12,0,0,0,0.0
7598024884912000286,liena_tiktokshop,2026-01-22,,No Transcript,0.0,0,472,10,0,10,2.119
7598038157644401950,kels.oconnor,2026-01-22,"If this works, it's genius. This might be one",Curiosity / Open Loop,0.0,0,547,1,0,1,0.183
7598042918888148255,travis.shops,2026-01-22,The Auto Brush Pro! Brushing feels like a chore.,Problem / Pain Point,0.0,0,1765,5,1,6,0.34
7598043973403413790,toritriesit,2026-01-22,So; my Mouth is small (it's a genetic thing,Personal Story / POV,0.0,0,546,10,0,10,1.832
7598044314299649310,toritriesit,2026-01-22,"(No dialogue in this video, only on-screen text and",Other / No Clear Hook,0.0,0,873,3,0,3,0.344
7598047893559233822,legendarylootfinds,2026-01-22,75% OFF 🔥 ⏳ CHECK COUPONS 75% OFF today,Offer / Deal / Urgency,0.0,0,20,0,0,0,0.0
7598062085003676941,h.anner,2026-01-22,"THE BRUSH, THE KIDS AUTO BRUSH, AND TOOTHPASTE HAVE",Demo / Product Intro,0.0,0,203,4,0,4,1.97
7598067306287090975,travis.shops,2026-01-22,Kids Autobrush Sonic opening music It has a charging,Demo / Product Intro,0.0,0,1352,5,0,5,0.37
7598081028246244638,the_lasthokage_,2026-01-22,Get the best brush experience in under 1 minute,Bold Claim / Benefit,0.0,0,39,3,0,3,7.692
7598081838887882015,the_lasthokage_,2026-01-22,"AUTO BRUSH 58,000 bristles that brush your teeth in",Bold Claim / Benefit,0.0,0,46,3,0,3,6.522
7598118406365154615,kendaa28,2026-01-22,,No Transcript,0.0,0,356,9,0,9,2.528
7598158181042228494,wayoutmercantile,2026-01-22,,No Transcript,0.0,0,103,0,0,0,0.0
7598159765298040078,katekoko83,2026-01-22,,No Transcript,0.0,0,158,0,0,0,0.0
7598160529437248781,katekoko83,2026-01-22,,No Transcript,0.0,0,183,3,9,12,6.557
7598177623767797005,damnitsdedric,2026-01-22,,No Transcript,0.0,0,778,6,0,6,0.771
7598178501086268685,damnitsdedric,2026-01-22,,No Transcript,0.0,0,1069,5,3,8,0.748
7598178613275544845,damnitsdedric,2026-01-22,,No Transcript,0.0,0,912,8,0,8,0.877
7598179978072608030,hunterfavela,2026-01-22,,No Transcript,0.0,0,3117,4,0,4,0.128
7598198304014421262,curated.finds.by.morgan,2026-01-22,,No Transcript,0.0,0,2320,4,0,4,0.172
7598203087920188703,rafi_jane,2026-01-22,,No Transcript,0.0,0,705,7,2,9,1.277
7598207507709857038,the_homesteading_nurse,2026-01-22,If brushing your kid's teeth is a daily battle...,Direct Audience Call-Out,0.0,0,546,4,0,4,0.733
7598214368047729950,,2026-01-22,,No Transcript,0.0,0,954,2,0,2,0.21
7598214448293154078,,2026-01-22,,No Transcript,0.0,0,915,1,0,1,0.109
7598214539745840414,,2026-01-22,,No Transcript,0.0,0,542,2,0,2,0.369
7598214567742786846,,2026-01-22,,No Transcript,0.0,0,853,2,0,2,0.234
7598232683050781966,nikki_kk19,2026-01-22,,No Transcript,0.0,0,1064,16,0,16,1.504
7598233738258042125,sunnyjayrays,2026-01-22,It's not only lazy it's extremely efficient. You're not,Bold Claim / Benefit,0.0,0,3115,22,3,25,0.803
7598243242685091127,20twentyfive,2026-01-22,,No Transcript,0.0,0,2097,12,0,12,0.572
7598254198538521869,busybredesigns,2026-01-22,So if you have a child that struggles with,Direct Audience Call-Out,0.0,0,572,0,0,0,0.0
7598265618651008311,chelsey..phillips,2026-01-22,,No Transcript,0.0,0,314,3,0,3,0.955
7598279266425441591,diamond.joey.z,2026-01-22,,No Transcript,0.0,0,240,1,0,1,0.417
7598287386472140087,britt_fit_,2026-01-22,,No Transcript,0.0,0,175,1,0,1,0.571
7598293315137604894,mfsupply,2026-01-22,,No Transcript,0.0,0,945,6,0,6,0.635
7598304094687644941,laxmiupreti08,2026-01-22,,No Transcript,0.0,0,309,5,2,7,2.265
7598308563538201887,robertomguillen,2026-01-22,,No Transcript,0.0,0,1474,45,1,46,3.121
7598321988486090014,lynette_riosher,2026-01-22,,No Transcript,0.0,0,5203,15,0,15,0.288
7598328732985675063,myperspective789,2026-01-22,,No Transcript,0.0,0,10186,1,0,1,0.01
7598338955624402189,panda.momma4,2026-01-24,She loves her new auto toothbrush,Social Proof / Testimonial,0.0,0,2544,3,0,3,0.118
7598354555641842999,diamond.joey.z,2026-01-23,,No Transcript,0.0,0,39,1,0,1,2.564
7598354982072519991,diamond.joey.z,2026-01-23,,No Transcript,0.0,0,26,2,0,2,7.692
7598355530607775031,diamond.joey.z,2026-01-23,,No Transcript,0.0,0,84,1,0,1,1.19
7598355985589210382,diamond.joey.z,2026-01-23,,No Transcript,0.0,0,50,2,0,2,4.0
7598363627678190878,quantumcode0,2026-01-22,,No Transcript,0.0,0,389,0,0,0,0.0
7598371811268611342,dipya96,2026-01-23,Hello guys Autobrush® Sonic Pro Kids Bundle - ADA,Other / No Clear Hook,0.0,0,2516,18,5,23,0.914
7598375945497480479,xravenskyex,2026-01-23,,No Transcript,0.0,0,457,3,2,5,1.094
7598376345583750413,lucysalinas3916,2026-01-23,,No Transcript,0.0,0,1221,1,0,1,0.082
7598377395761974558,savewithgh,2026-01-23,,No Transcript,0.0,0,194,0,0,0,0.0
7598378246975114527,kbizzle_143,2026-01-23,,No Transcript,0.0,0,180,5,2,7,3.889
7598384321552010527,mayameri_4,2026-01-23,,No Transcript,0.0,0,3504,42,0,42,1.199
7598384462417628429,lucysalinas3916,2026-01-23,,No Transcript,0.0,0,238,1,0,1,0.42
7598389500305280311,fantasticdealz,2026-01-23,,No Transcript,0.0,0,83,0,0,0,0.0
7598389650650074398,serpentdeals,2026-01-23,,No Transcript,0.0,0,30,0,0,0,0.0
7598391080790265119,comebackjan2,2026-01-23,,No Transcript,0.0,0,1246,0,0,0,0.0
7598393808170093854,esmat_bk,2026-01-23,,No Transcript,0.0,0,27624,404,9,413,1.495
7598397238133476622,smile__more,2026-01-23,,No Transcript,0.0,0,596,0,0,0,0.0
7598397692909210911,timjr1983,2026-01-23,,No Transcript,0.0,0,701,3,0,3,0.428
7598399381926137119,jacqueleigh09,2026-01-23,And I finally came. I requested a sample of,Personal Story / POV,0.0,0,1070,1,0,1,0.093
7598401441279135006,deal_doctor,2026-01-23,,No Transcript,0.0,0,404,2,0,2,0.495
7598402984782990647,arthurfindz,2026-01-23,,No Transcript,0.0,0,1618,4,0,4,0.247
7598407990764408119,january15tthh,2026-01-23,,No Transcript,0.0,0,1107,2,0,2,0.181
7598417405311749390,sarai3715,2026-01-23,,No Transcript,0.0,0,266,13,0,13,4.887
7598418034834803981,trejojr88,2026-01-23,,No Transcript,0.0,0,927,14,0,14,1.51
7598420194448510263,itsjustthetruthh_,2026-01-23,,No Transcript,0.0,0,62,0,0,0,0.0
7598421760962202894,itsjustthetruthh_,2026-01-23,,No Transcript,0.0,0,43,0,0,0,0.0
7598429916052344094,kbizzle_143,2026-01-23,,No Transcript,0.0,0,181,5,0,5,2.762
7598431263048895774,north.idaho.made,2026-01-23,,No Transcript,0.0,0,10692,5,2,7,0.065
7598432790987787550,snaggeddealss,2026-01-23,,No Transcript,0.0,0,64,0,0,0,0.0
7598433054738156831,snaggeddealss,2026-01-23,,No Transcript,0.0,0,47,0,0,0,0.0
7598433308858453278,snaggeddealss,2026-01-23,,No Transcript,0.0,0,39,0,0,0,0.0
7598433632012864799,snaggeddealss,2026-01-23,,No Transcript,0.0,0,95,0,0,0,0.0
7598440029551070494,serpentdeals,2026-01-23,,No Transcript,0.0,0,53,0,0,0,0.0
7598446785559792910,jussycloset,2026-01-23,,No Transcript,0.0,0,1930,17,1,18,0.933
7598447843447295245,jussycloset,2026-01-23,,No Transcript,0.0,0,3078,27,0,27,0.877
7598450300638252343,businesswithjaque,2026-01-23,,No Transcript,0.0,0,227,8,0,8,3.524
7598457612761369886,north.idaho.made,2026-01-23,,No Transcript,0.0,0,173,2,0,2,1.156
7598463994084478239,findsfortwo,2026-01-23,,No Transcript,0.0,0,708,4,0,4,0.565
7598523955376327949,gingermomchronicles,2026-01-23,,No Transcript,0.0,0,120,0,0,0,0.0
7598539275499556110,therealfoodstalker,2026-01-23,,No Transcript,0.0,0,8402,64,1,65,0.774
7598563960568270135,blogaboutitall,2026-01-23,,No Transcript,0.0,0,29914,136,10,146,0.488
7598569559511010590,grumpy_siren,2026-01-23,,No Transcript,0.0,0,4011,8,0,8,0.199
7598574643473157390,shopdealsbyquis,2026-01-23,,No Transcript,0.0,0,943,8,0,8,0.848
7598576235811294477,sunshinelyn_,2026-01-23,,No Transcript,0.0,0,1953,19,0,19,0.973
7598577228737170718,hunterfavela,2026-01-23,,No Transcript,0.0,0,255,0,0,0,0.0
7598590263006694687,kels.oconnor,2026-01-23,,No Transcript,0.0,0,453,1,3,4,0.883
7598595607170682143,notbrannt,2026-01-23,,No Transcript,0.0,0,27,0,0,0,0.0
7598595620944743711,notbrannt,2026-01-23,,No Transcript,0.0,0,135,2,0,2,1.481
7598596104409582879,bpsdailydeals,2026-01-23,,No Transcript,0.0,0,40,0,0,0,0.0
7598604722764860727,damnitsdedric,2026-01-23,,No Transcript,0.0,0,126,2,0,2,1.587
7598604974406356279,damnitsdedric,2026-01-23,,No Transcript,0.0,0,555,2,0,2,0.36
7598615408257617165,talkaboutdrew,2026-01-23,,No Transcript,0.0,0,179,1,1,2,1.117
7598617975238806839,samantha8535,2026-01-23,,No Transcript,0.0,0,554,2,0,2,0.361
7598620386506411294,,2026-01-23,,No Transcript,0.0,0,1120,0,0,0,0.0
7598620509403614495,,2026-01-23,,No Transcript,0.0,0,1522,1,0,1,0.066
7598620553985002783,,2026-01-23,,No Transcript,0.0,0,767,0,0,0,0.0
7598620639741742367,,2026-01-23,,No Transcript,0.0,0,461,0,0,0,0.0
7598637687259663647,cole_schwartz,2026-01-23,,No Transcript,0.0,0,543,2,0,2,0.368
7598670071765978399,_i_am_gotti,2026-01-23,,No Transcript,0.0,0,5292,49,8,57,1.077
7598672924832271646,mindsethacked,2026-01-23,,No Transcript,0.0,0,113,0,0,0,0.0
7598674752504450335,lockedinlegends,2026-01-23,,No Transcript,0.0,0,335,0,0,0,0.0
7598674859585015071,lockedinlegends,2026-01-23,,No Transcript,0.0,0,273,0,0,0,0.0
7598679072629198110,ailypublis,2026-01-23,,No Transcript,0.0,0,49,8,1,9,18.367
7598683678851501326,wayoutmercantile,2026-01-23,,No Transcript,0.0,0,805,1,0,1,0.124
7598687438646562078,lowandadavis2,2026-01-23,,No Transcript,0.0,0,2635,6,0,6,0.228
7598690222246874399,debramckee6,2026-01-23,,No Transcript,0.0,0,591,5,2,7,1.184
7598720541419244813,natalieseanie13,2026-01-24,,No Transcript,0.0,0,214,7,4,11,5.14
7598736843596762382,kaseyas0920,2026-01-24,,No Transcript,0.0,0,64,2,0,2,3.125
7598744258501283103,infinite.balance,2026-01-24,,No Transcript,0.0,0,284,3,2,5,1.761
7598761303259221279,iiamglizz,2026-01-24,,No Transcript,0.0,0,3661,17,0,17,0.464
7598762614897921335,misssnat,2026-01-24,,No Transcript,0.0,0,3464,3,0,3,0.087
7598764822380940574,unicornwafflezz,2026-01-24,,No Transcript,0.0,0,50,1,0,1,2.0
7598765671312395551,jacqueleigh09,2026-01-24,,No Transcript,0.0,0,1240,1,0,1,0.081
7598777041747479839,householdofotis,2026-01-24,,No Transcript,0.0,0,1843,3,0,3,0.163
7598781667523824927,householdofotis,2026-01-24,,No Transcript,0.0,0,2305,4,0,4,0.174
7598782475531193631,mayimbathecreator,2026-01-24,,No Transcript,0.0,0,3541,41,2,43,1.214
7598790160318336287,amandadavis877,2026-01-24,,No Transcript,0.0,0,580,3,1,4,0.69
7598795396156083511,lifewithlisadawn,2026-01-24,,No Transcript,0.0,0,4263,10,6,16,0.375
7598823880362413342,north.idaho.made,2026-01-24,"This actually has 58,000 of them. They're different vibration",Demo / Product Intro,0.0,0,505,5,1,6,1.188
7598882903799434509,katekoko83,2026-01-24,,No Transcript,0.0,0,143,5,1,6,4.196
7598906321387162935,dailydoseofnia,2026-01-24,,No Transcript,0.0,0,6,0,0,0,0.0
7598927692200758541,suzytheshihtzu1,2026-01-24,,No Transcript,0.0,0,1072,8,4,12,1.119
7598934633618754847,margotover40finds,2026-01-24,,No Transcript,0.0,0,216,15,8,23,10.648
7598982386608655629,jackiie_guzman,2026-01-24,,No Transcript,0.0,0,1784,12,0,12,0.673
7598984582922276127,hunterfavela,2026-01-24,,No Transcript,0.0,0,576,4,0,4,0.694
7598985632278400311,mrs.harlemgrown,2026-01-24,,No Transcript,0.0,0,1059,8,5,13,1.228
7598990966049099039,faith_health_life,2026-01-24,,No Transcript,0.0,0,116,3,1,4,3.448
7598994759763381534,faith_health_life,2026-01-25,,No Transcript,0.0,0,65,1,0,1,1.538
7598999676615937293,skbrand_ceo,2026-01-24,,No Transcript,0.0,0,710,6,7,13,1.831
7599000966842649911,evachapmann,2026-01-24,,No Transcript,0.0,0,1666,8,1,9,0.54
7599009144414227742,lisaslife55,2026-01-24,,No Transcript,0.0,0,3298,6,2,8,0.243
7599021097639480607,chrissyhebert6,2026-01-24,,No Transcript,0.0,0,720,6,0,6,0.833
7599027848187251998,jordynbayston,2026-01-24,,No Transcript,0.0,0,840,33,3,36,4.286
7599034750858185997,therecipeeguy,2026-01-24,,No Transcript,0.0,0,1792,9,1,10,0.558
7599040296248167735,amber32386,2026-01-24,,No Transcript,0.0,0,129,3,0,3,2.326
7599043289639243039,serpentdeals,2026-01-24,,No Transcript,0.0,0,37,0,1,1,2.703
7599051774401563917,shopalerts,2026-01-24,,No Transcript,0.0,0,149,0,0,0,0.0
7599071488922225950,luckylittlepennycrafts,2026-01-24,,No Transcript,0.0,0,16020,53,4,57,0.356
7599093766108007711,tristyyyy,2026-01-25,,No Transcript,0.0,0,1528,2,0,2,0.131
7599098406774115597,creadoradeofertas,2026-01-25,,No Transcript,0.0,0,1283,1,0,1,0.078
7599100338011933966,creadoradeofertas,2026-01-25,,No Transcript,0.0,0,68,1,0,1,1.471
7599106839166340365,damnitsdedric,2026-01-25,,No Transcript,0.0,0,150,1,0,1,0.667
7599115950947945741,teamawaroyalfinds,2026-01-25,,No Transcript,0.0,0,2242,1,0,1,0.045
7599117987123170615,emeraldfinds777,2026-01-25,,No Transcript,0.0,0,3309,0,0,0,0.0
7599118220490001677,emeraldfinds777,2026-01-25,,No Transcript,0.0,0,7870,3,0,3,0.038
7599118296444685581,emeraldfinds777,2026-01-25,,No Transcript,0.0,0,3047,2,0,2,0.066
7599120700464549175,teamawaroyalfinds,2026-01-25,,No Transcript,0.0,0,2098,1,0,1,0.048
7599121009618341151,bonzai_deals,2026-01-25,,No Transcript,0.0,0,728,2,0,2,0.275
7599130146020412685,teamawaroyalfinds,2026-01-25,,No Transcript,0.0,0,40775,3,0,3,0.007
7599131061204880695,h.anner,2026-01-25,,No Transcript,0.0,0,260,6,0,6,2.308
7599138514936057143,emeraldfinds777,2026-01-25,,No Transcript,0.0,0,27498,6,0,6,0.022
7599147592097778999,normaldadlife,2026-01-25,,No Transcript,0.0,0,1717,18,0,18,1.048
7599160002254736654,,2026-01-25,,No Transcript,0.0,0,26,0,0,0,0.0
7599160082177232142,ailinlima93,2026-01-25,,No Transcript,0.0,0,24180,10,0,10,0.041
7599160452265807117,,2026-01-25,,No Transcript,0.0,0,22,0,0,0,0.0
7599161076797689143,,2026-01-25,,No Transcript,0.0,0,46,0,0,0,0.0
7599161533028977933,,2026-01-25,,No Transcript,0.0,0,28,0,0,0,0.0
7599171222236155149,creadoradeofertas,2026-01-25,,No Transcript,0.0,0,627,0,0,0,0.0
7599208430141721887,kels.oconnor,2026-01-25,,No Transcript,0.0,0,189,1,0,1,0.529
7599213006114917663,snaggeddealss,2026-01-25,,No Transcript,0.0,0,1,0,0,0,0.0
7599213077879393566,snaggeddealss,2026-01-25,,No Transcript,0.0,0,1,0,0,0,0.0
7599213344528059679,snaggeddealss,2026-01-25,,No Transcript,0.0,0,1,0,0,0,0.0
7599213512027671839,snaggeddealss,2026-01-25,,No Transcript,0.0,0,3,0,0,0,0.0
7599268689141173535,townfamilyfinds,2026-01-25,,No Transcript,0.0,0,0,0,0,0,0
7599273939822447902,townfamilyfinds,2026-01-25,,No Transcript,0.0,0,2697,27,7,34,1.261
7599285844284935454,adore.ericaaa,2026-01-25,,No Transcript,0.0,0,0,0,0,0,0
7599287381056933150,normaldadlife,2026-01-25,,No Transcript,0.0,0,3,0,0,0,0.0
7599289998826851615,normaldadlife,2026-01-25,,No Transcript,0.0,0,1319,8,0,8,0.607
7599295202813152542,naturallymati,2026-01-25,,No Transcript,0.0,0,179,13,8,21,11.732
7599406439601294623,golfvision,2026-01-25,,No Transcript,0.0,0,10,0,0,0,0.0
7599406924441849119,golfvision,2026-01-25,,No Transcript,0.0,0,4,0,0,0,0.0
7599407130499747103,golfvision,2026-01-25,,No Transcript,0.0,0,17,0,0,0,0.0
7599407350117584158,golfvision,2026-01-25,,No Transcript,0.0,0,24,0,0,0,0.0
7599407521828211998,golfvision,2026-01-25,,No Transcript,0.0,0,7,0,0,0,0.0
7599407672940596510,golfvision,2026-01-25,,No Transcript,0.0,0,18,0,0,0,0.0
7599407852633034014,golfvision,2026-01-25,,No Transcript,0.0,0,25,0,0,0,0.0
7599408216060988702,golfvision,2026-01-25,,No Transcript,0.0,0,30,0,0,0,0.0
7599467889569123614,primefindsssss,2026-01-26,,No Transcript,0.0,0,2,0,0,0,0.0
7599468063263575327,primefindsssss,2026-01-26,,No Transcript,0.0,0,79,3,0,3,3.797
7599468198643125534,primefindsssss,2026-01-26,,No Transcript,0.0,0,1,0,0,0,0.0
7599468323134311710,primefindsssss,2026-01-25,,No Transcript,0.0,0,0,0,0,0,0
7599571818718039326,cowboybunnybeep,2026-01-25,,No Transcript,0.0,0,0,0,0,0,0
7599630611728338207,adore.ericaaa,2026-01-26,,No Transcript,0.0,0,1047,16,1,17,1.624
7599657373745073439,normaldadlife,2026-01-26,,No Transcript,0.0,0,574,9,0,9,1.568
7599692517356883231,sunnyjayrays,2026-01-26,,No Transcript,0.0,0,1054,13,0,13,1.233
7599739734264466718,missestandme,2026-01-26,,No Transcript,0.0,0,3879,21,5,26,0.67
7599867325755559198,cheerzyshop,2026-01-27,,No Transcript,0.0,0,237,3,1,4,1.688
7599928724745620767,cowboybunnybeep,2026-01-27,,No Transcript,0.0,0,1549,1,0,1,0.065
7600016340384075039,big__muva,2026-01-27,,No Transcript,0.0,0,151,4,2,6,3.974
7600041692955249951,,2026-01-27,,No Transcript,0.0,0,20,0,0,0,0.0
7600042273849593118,,2026-01-27,,No Transcript,0.0,0,0,0,0,0,0
7600042754055474463,,2026-01-27,,No Transcript,0.0,0,20,1,0,1,5.0
7600044409081711903,,2026-01-27,,No Transcript,0.0,0,20,0,0,0,0.0
7600045717410925854,diamond.joey.z,2026-01-27,,No Transcript,0.0,0,322,3,0,3,0.932
7600058849017515295,chandler_reviews,2026-01-27,,No Transcript,0.0,0,1341,9,0,9,0.671
7600068271865384223,justacouple155,2026-01-27,,No Transcript,0.0,0,8289,53,11,64,0.772
7600084954827083039,kacdixon,2026-01-27,,No Transcript,0.0,0,7543,13,1,14,0.186
7600091042720927007,mariashomestead,2026-01-27,,No Transcript,0.0,0,119,2,0,2,1.681
7600103083007282462,dinesa9266,2026-01-27,,No Transcript,0.0,0,23,2,1,3,13.043
7600109226811329823,camronnbrown,2026-01-27,,No Transcript,0.0,0,914,5,0,5,0.547
7600111530574728479,maryadadhungana,2026-01-27,,No Transcript,0.0,0,316,19,1,20,6.329
7600122260300614942,peachgrower7,2026-01-27,,No Transcript,0.0,0,366,1,0,1,0.273
7600123151908965663,kels.oconnor,2026-01-27,,No Transcript,0.0,0,340,1,0,1,0.294
7600128245706640671,creadoradeofertas,2026-01-27,,No Transcript,0.0,0,810,5,0,5,0.617
7600128915708939551,tamie.konzier,2026-01-27,,No Transcript,0.0,0,1470,7,0,7,0.476
7600129864640892191,reviewingwithmegan,2026-01-27,,No Transcript,0.0,0,949,4,0,4,0.421
7600131634553179423,misssnat,2026-01-27,,No Transcript,0.0,0,7609,34,3,37,0.486
7600137526665284894,matchmanintexas,2026-01-27,,No Transcript,0.0,0,65,5,2,7,10.769
7600137592335519006,shopdealsbyquis,2026-01-27,,No Transcript,0.0,0,589,7,0,7,1.188
7600143647924899103,branntski,2026-01-28,,No Transcript,0.0,0,240,3,0,3,1.25
7600146993490562335,gilgal.farmstead,2026-01-27,,No Transcript,0.0,0,8862,36,1,37,0.418
7600150057295416606,k_w_m18,2026-01-27,,No Transcript,0.0,0,2839,19,2,21,0.74
7600158574022593823,bonzai_deals,2026-01-28,,No Transcript,0.0,0,370,4,0,4,1.081
7600159280066596127,eunicewilsonduh,2026-01-27,,No Transcript,0.0,0,1481,6,0,6,0.405
7600161972801342751,townfamilyfinds,2026-01-27,,No Transcript,0.0,0,450,8,3,11,2.444
7600163193171840287,papasmurf915,2026-01-27,,No Transcript,0.0,0,7204,94,9,103,1.43
7600164734557523231,leximparker,2026-01-27,,No Transcript,0.0,0,2177,39,18,57,2.618
7600165082613452062,bonzai_deals,2026-01-28,,No Transcript,0.0,0,451,4,0,4,0.887
7600165328680783134,helloallys2,2026-01-27,,No Transcript,0.0,0,403,1,0,1,0.248
7600179290600148255,medicenjuanshop,2026-01-27,,No Transcript,0.0,0,15,0,0,0,0.0
7600179552710708510,medicenjuanshop,2026-01-27,,No Transcript,0.0,0,5,1,0,1,20.0
7600182147491663134,soyalbouquet,2026-01-27,,No Transcript,0.0,0,716,6,1,7,0.978
7600182330547899678,soyalbouquet,2026-01-27,,No Transcript,0.0,0,2659,11,0,11,0.414
7600187738582699294,ckaybdesign,2026-01-27,,No Transcript,0.0,0,30,2,1,3,10.0
7600194608563260703,shopwithjc0,2026-01-27,,No Transcript,0.0,0,718,2,0,2,0.279
7600207941307845919,cherry_rose_jubilee,2026-01-28,,No Transcript,0.0,0,2227,10,0,10,0.449
7600217839923989790,the_non_aesthetic_mom,2026-01-28,,No Transcript,0.0,0,73,5,1,6,8.219
7600223068555840798,lianet.soto.medin,2026-01-28,,No Transcript,0.0,0,77,0,0,0,0.0
7600230117746543902,paratucuerpo,2026-01-28,,No Transcript,0.0,0,8,0,0,0,0.0
7600240993757105439,thegigiof3,2026-01-28,,No Transcript,0.0,0,1313,12,3,15,1.142
7600244897450298655,ckaybdesign,2026-01-28,,No Transcript,0.0,0,74,1,1,2,2.703
7600246884875128094,medicenjuanshop,2026-01-28,,No Transcript,0.0,0,24,1,0,1,4.167
7600246951598148895,medicenjuanshop,2026-01-28,,No Transcript,0.0,0,7,0,0,0,0.0
7600248921989909791,gow525,2026-01-28,,No Transcript,0.0,0,823,6,0,6,0.729
7600255605982498079,unstablegenius64,2026-01-28,,No Transcript,0.0,0,13,0,0,0,0.0
7600270842852822286,natalieseanie13,2026-01-28,,No Transcript,0.0,0,60,2,0,2,3.333
7600279623615647007,itsjustlikethat8,2026-01-28,,No Transcript,0.0,0,124,0,0,0,0.0
7600290152165952798,dang_it_mike,2026-01-28,,No Transcript,0.0,0,1797,15,2,17,0.946
7600293376897912095,sahmomtalk,2026-01-28,,No Transcript,0.0,0,1585,14,1,15,0.946
7600303277221121311,kels.oconnor,2026-01-28,,No Transcript,0.0,0,568,4,0,4,0.704
7600385833287437599,betsaida0928,2026-01-28,,No Transcript,0.0,0,82,6,0,6,7.317
7600392652579704095,shopalerts,2026-01-28,,No Transcript,0.0,0,58,0,0,0,0.0
7600402856495058207,mariashomestead,2026-01-28,,No Transcript,0.0,0,43,1,0,1,2.326
7600416347956202782,stealz_deals_daily,2026-01-28,,No Transcript,0.0,0,175,3,0,3,1.714
7600416521277492510,hannah_lynn_home,2026-01-28,,No Transcript,0.0,0,1300,0,0,0,0.0
7600426174564683039,big__muva,2026-01-28,,No Transcript,0.0,0,138,5,2,7,5.072
7600449194293284110,curated.finds.by.morgan,2026-01-28,,No Transcript,0.0,0,1568,16,0,16,1.02
7600452314167594270,thepibbler57,2026-01-28,,No Transcript,0.0,0,567,0,0,0,0.0
7600463826399546654,beauty_with_bri,2026-01-28,,No Transcript,0.0,0,1773,10,1,11,0.62
7600465398110211358,leilei.iiii,2026-01-28,,No Transcript,0.0,0,212,4,0,4,1.887
7600468553808071967,leishomefinds,2026-01-28,,No Transcript,0.0,0,615,1,0,1,0.163
7600471010856553783,cawithlittles,2026-01-28,,No Transcript,0.0,0,572,7,0,7,1.224
7600471021681954079,leishomefinds,2026-01-28,,No Transcript,0.0,0,1568,2,2,4,0.255
7600475894792113439,01iris01,2026-01-28,,No Transcript,0.0,0,800,27,5,32,4.0
7600484994993229069,sunnyjayrays,2026-01-28,,No Transcript,0.0,0,1528,11,0,11,0.72
7600491585461128479,johnnycruz315,2026-01-28,,No Transcript,0.0,0,20,0,0,0,0.0
7600492499840404766,johnnycruz315,2026-01-28,,No Transcript,0.0,0,12,0,0,0,0.0
7600495088367635743,stealz_deals_daily,2026-01-28,,No Transcript,0.0,0,108,1,0,1,0.926
7600496008581156126,kayla_floyd1,2026-01-28,,No Transcript,0.0,0,553,17,3,20,3.617
7600497763880602935,natashafurduy,2026-01-28,,No Transcript,0.0,0,511,0,0,0,0.0
7600516740417670430,luisfajardohn,2026-01-28,,No Transcript,0.0,0,2049,40,3,43,2.099
7600519263702519071,sarmil101,2026-01-28,,No Transcript,0.0,0,315,9,0,9,2.857
7600533153362496799,kels.oconnor,2026-01-28,,No Transcript,0.0,0,2004,20,0,20,0.998
7600542064970960158,wasoona1,2026-01-28,,No Transcript,0.0,0,333,10,0,10,3.003
7600542091688660255,bonzai_deals,2026-01-29,,No Transcript,0.0,0,510,10,0,10,1.961
7600542154745761054,thehannaco,2026-01-29,,No Transcript,0.0,0,1338,13,1,14,1.046
7600565474337901855,itsjustmekimberly,2026-01-28,,No Transcript,0.0,0,229,3,0,3,1.31
7600567408364915998,h.anner,2026-01-29,,No Transcript,0.0,0,421,7,0,7,1.663
7600568312992468237,followthepattersons,2026-01-29,,No Transcript,0.0,0,2092,20,0,20,0.956
7600569944404725022,rothubdeals,2026-01-29,,No Transcript,0.0,0,15,0,0,0,0.0
7600573338322259230,crystalblue3.0,2026-01-29,,No Transcript,0.0,0,3958,249,1,250,6.316
7600574647645637901,sidelinemom22,2026-01-29,,No Transcript,0.0,0,576,0,0,0,0.0
7600578483357584671,mikethatsprettycool,2026-01-29,,No Transcript,0.0,0,631,0,0,0,0.0
7600588807443942686,deweyapproved,2026-01-28,,No Transcript,0.0,0,231,0,0,0,0.0
7600595629529697567,creadoradeofertas,2026-01-29,,No Transcript,0.0,0,29,0,0,0,0.0
7600597181317401887,leishomefinds,2026-01-29,,No Transcript,0.0,0,5927,19,2,21,0.354
7600597245758639390,johnnycruz315,2026-01-28,,No Transcript,0.0,0,17,0,0,0,0.0
7600605657397546271,regular_megan,2026-01-29,,No Transcript,0.0,0,1602,7,1,8,0.499
7600608277059210527,ambertexasmama,2026-01-29,,No Transcript,0.0,0,465,3,0,3,0.645
7600609115815021837,unstablegenius64,2026-01-29,,No Transcript,0.0,0,10,0,0,0,0.0
7600611548775599391,samrii_12,2026-01-29,,No Transcript,0.0,0,247,9,1,10,4.049
7600616642598456606,jacqueleigh09,2026-01-29,,No Transcript,0.0,0,36,1,0,1,2.778
7600616654501891358,samrii_12,2026-01-29,,No Transcript,0.0,0,225,4,1,5,2.222
7600623291342081311,borgesjuanmanuel,2026-01-29,,No Transcript,0.0,0,14,0,0,0,0.0
7600623697606593822,borgesjuanmanuel,2026-01-29,,No Transcript,0.0,0,357,0,0,0,0.0
7600625232851897631,borgesjuanmanuel,2026-01-29,,No Transcript,0.0,0,85,0,0,0,0.0
7600625785015192862,,2026-01-29,,No Transcript,0.0,0,749,13,2,15,2.003
7600626312427998495,borgesjuanmanuel,2026-01-29,,No Transcript,0.0,0,11,0,0,0,0.0
7600644276267093278,medicenjuanshop,2026-01-29,,No Transcript,0.0,0,12,1,0,1,8.333
7600644492525325599,medicenjuanshop,2026-01-29,,No Transcript,0.0,0,24,1,0,1,4.167
7600648884267912478,johnnycruz315,2026-01-28,,No Transcript,0.0,0,40,0,0,0,0.0
7600650606675643678,johnnycruz315,2026-01-28,,No Transcript,0.0,0,4,0,0,0,0.0
7600652077487951159,medicenjuanshop,2026-01-29,,No Transcript,0.0,0,21,1,0,1,4.762
7600653038327565623,medicenjuanshop,2026-01-29,,No Transcript,0.0,0,65,2,0,2,3.077
7600670738688871735,andthensomelove,2026-01-29,,No Transcript,0.0,0,68,2,0,2,2.941
7600671589608230199,andthensomelove,2026-01-29,,No Transcript,0.0,0,115,2,0,2,1.739
7600687881136393485,sabnamraimahato,2026-01-29,,No Transcript,0.0,0,12798,408,9,417,3.258
7600760251607944478,affiliatetammytaylor,2026-01-29,,No Transcript,0.0,0,1303,9,0,9,0.691
7600775613846146318,damnitsdedric,2026-01-29,,No Transcript,0.0,0,0,0,0,0,0
7600776171055287607,damnitsdedric,2026-01-29,,No Transcript,0.0,0,65,1,0,1,1.538
7600780514139688222,method.deals,2026-01-29,,No Transcript,0.0,0,646,1,0,1,0.155
7600783600182643999,mommyrager,2026-01-29,,No Transcript,0.0,0,177,2,0,2,1.13
7600783715710569741,dang_it_mike,2026-01-29,,No Transcript,0.0,0,142,3,0,3,2.113
7600784692853345566,margotover40finds,2026-01-29,,No Transcript,0.0,0,146,11,8,19,13.014
7600795079778766111,ka.devore,2026-01-29,,No Transcript,0.0,0,267,5,0,5,1.873
7600803467984162061,pamdeals,2026-01-29,,No Transcript,0.0,0,332,5,0,5,1.506
7600819566289161502,thepibbler57,2026-01-29,,No Transcript,0.0,0,415,2,0,2,0.482
7600821598433611022,kymieann1,2026-01-29,,No Transcript,0.0,0,10191,208,2,210,2.061
7600828747645816077,chandler_reviews,2026-01-29,,No Transcript,0.0,0,42,0,0,0,0.0
7600829018228755742,jessicasttshopdeals,2026-01-29,,No Transcript,0.0,0,27,0,0,0,0.0
7600829205386956062,johnnycruz315,2026-01-29,,No Transcript,0.0,0,24,0,0,0,0.0
7600829685148306719,johnnycruz315,2026-01-29,,No Transcript,0.0,0,8,0,0,0,0.0
7600836935543835935,awaroyalfinds,2026-01-29,,No Transcript,0.0,0,13,1,0,1,7.692
7600837036479696183,chelsea_romero2,2026-01-29,,No Transcript,0.0,0,277,1,0,1,0.361
7600839630644088119,howgrowsit,2026-01-29,,No Transcript,0.0,0,751,4,0,4,0.533
7600840879426833694,mamaannie27,2026-01-29,,No Transcript,0.0,0,518,4,0,4,0.772
7600841024839093534,hotshoppin,2026-01-29,,No Transcript,0.0,0,3,0,0,0,0.0
7600841076533906719,hotshoppin,2026-01-29,,No Transcript,0.0,0,13,0,0,0,0.0
7600841087565057310,hotshoppin,2026-01-29,,No Transcript,0.0,0,21,0,0,0,0.0
7600841187007712542,hotshoppin,2026-01-29,,No Transcript,0.0,0,8,0,0,0,0.0
7600841419502259487,medicenjuanshop,2026-01-29,,No Transcript,0.0,0,43,1,0,1,2.326
7600841599693688094,medicenjuanshop,2026-01-29,,No Transcript,0.0,0,24,1,0,1,4.167
7600843212470668574,awaroyalfinds,2026-01-29,,No Transcript,0.0,0,7,1,0,1,14.286
7600844408744840461,jenna_beck,2026-01-29,,No Transcript,0.0,0,2128,14,1,15,0.705
7600844533353565470,b.m.arab,2026-01-29,,No Transcript,0.0,0,2945,122,15,137,4.652
7600846843655867679,awaroyalfinds,2026-01-29,,No Transcript,0.0,0,5,1,0,1,20.0
7600852899161312543,hellosunshineoh,2026-01-29,,No Transcript,0.0,0,385,0,0,0,0.0
7600853425160457486,damnitsdedric,2026-01-29,,No Transcript,0.0,0,604,2,0,2,0.331
7600873386973105463,chelsea_romero2,2026-01-29,,No Transcript,0.0,0,112,7,2,9,8.036
7600874601513602334,b.m.arab,2026-01-29,,No Transcript,0.0,0,8976,184,16,200,2.228
7600877608078740766,ivelisseboricua,2026-01-29,,No Transcript,0.0,0,79,1,0,1,1.266
7600880660005309726,little_miss_c_,2026-01-29,,No Transcript,0.0,0,8386,51,7,58,0.692
7600881226055945527,jonesyfinds,2026-01-29,,No Transcript,0.0,0,816,3,0,3,0.368
7600881748007816479,ivelisseboricua,2026-01-29,,No Transcript,0.0,0,83,1,0,1,1.205
7600895488677645582,jonesyfinds,2026-01-29,,No Transcript,0.0,0,587,3,0,3,0.511
7600896802526661918,amandabridges90,2026-01-30,,No Transcript,0.0,0,8492,74,1,75,0.883
7600898174047374623,amandabridges90,2026-01-30,,No Transcript,0.0,0,6555,78,14,92,1.404
7600899751646612766,amandabridges90,2026-01-31,,No Transcript,0.0,0,488,6,0,6,1.23
7600900592608890142,amandabridges90,2026-01-31,,No Transcript,0.0,0,2231,14,1,15,0.672
7600901400960240926,amandabridges90,2026-01-30,,No Transcript,0.0,0,5277,31,0,31,0.587
7600911271315197215,unwaveringhaven,2026-01-29,,No Transcript,0.0,0,781,2,0,2,0.256
7600919914823650591,deweyapproved,2026-01-29,,No Transcript,0.0,0,337,16,4,20,5.935
7600920806247501087,thatsjesslifenow,2026-01-29,,No Transcript,0.0,0,1746,17,5,22,1.26
7600920816062074143,_xoxxobri_,2026-01-29,,No Transcript,0.0,0,164,3,0,3,1.829
7600922099045190926,damnitsdedric,2026-01-29,,No Transcript,0.0,0,151,3,0,3,1.987
7600927950321487135,jessunfilteredx,2026-01-29,,No Transcript,0.0,0,953,9,2,11,1.154
7600929695777017143,morg_lucas,2026-01-29,,No Transcript,0.0,0,3793,32,4,36,0.949
7600931020115807519,johnnycruz315,2026-01-29,,No Transcript,0.0,0,108,0,0,0,0.0
7600931036305886494,rebikabishnu,2026-01-29,,No Transcript,0.0,0,269,16,2,18,6.691
7600935250956635423,joitacostanew,2026-01-30,,No Transcript,0.0,0,360,3,0,3,0.833
7600938073437850893,arjunbhai_52,2026-01-30,,No Transcript,0.0,0,323,11,0,11,3.406
7600939879991610679,daphneebeautyll,2026-01-30,,No Transcript,0.0,0,2403,18,1,19,0.791
7600942437455940895,joitacostanew,2026-01-30,,No Transcript,0.0,0,45,2,0,2,4.444
7600943555221228831,dinesa9266,2026-01-30,,No Transcript,0.0,0,48,1,0,1,2.083
7600953756099841294,emilymomfinds,2026-01-30,,No Transcript,0.0,0,765,11,0,11,1.438
7600960076991565086,joitacostanew,2026-01-30,,No Transcript,0.0,0,129,5,1,6,4.651
7600970390524972302,deyamishra,2026-01-30,,No Transcript,0.0,0,371,8,1,9,2.426
7600976484949413151,purplefyres,2026-01-31,,No Transcript,0.0,0,584,6,4,10,1.712
7600981842753326391,paigeispsycho,2026-01-30,,No Transcript,0.0,0,64,1,0,1,1.562
7600984034012826910,scrunchy_momsense,2026-01-30,,No Transcript,0.0,0,431,22,9,31,7.193
7600999806789537054,lucerodavila0,2026-01-30,,No Transcript,0.0,0,297,13,1,14,4.714
7601008235813817631,medicenjuanshop,2026-01-29,,No Transcript,0.0,0,33,0,0,0,0.0
7601009718668119326,medicenjuanshop,2026-01-29,,No Transcript,0.0,0,14,0,0,0,0.0
7601016610169654541,momofgirlsandgoals,2026-01-30,,No Transcript,0.0,0,48,1,0,1,2.083
7601023928051584270,louiegotdeals,2026-01-30,,No Transcript,0.0,0,701,5,0,5,0.713
7601024631130164511,jasmineashley22,2026-01-30,,No Transcript,0.0,0,1173,19,6,25,2.131
7601042129644784926,north.idaho.made,2026-01-30,,No Transcript,0.0,0,712,3,0,3,0.421
7601051383671852318,kourtybug,2026-01-30,,No Transcript,0.0,0,11879,72,4,76,0.64
7601081497759599902,matchmanintexas,2026-01-30,,No Transcript,0.0,0,73,3,0,3,4.11
7601129134680558879,01iris01,2026-01-30,,No Transcript,0.0,0,430,14,2,16,3.721
7601148128896519479,wayoutmercantile,2026-01-30,,No Transcript,0.0,0,39,0,0,0,0.0
7601149035906419998,gingermomchronicles,2026-01-30,,No Transcript,0.0,0,114,1,0,1,0.877
7601154294007483661,cassieaverytts,2026-01-30,,No Transcript,0.0,0,16051,161,3,164,1.022
7601156047134330126,mariurky,2026-01-30,,No Transcript,0.0,0,257,11,6,17,6.615
7601164905072348447,hannah_lynn_home,2026-01-30,,No Transcript,0.0,0,245,1,0,1,0.408
7601165003437247758,scottobri2,2026-01-30,,No Transcript,0.0,0,615,2,0,2,0.325
7601182269394455863,townfamilyfinds,2026-01-30,,No Transcript,0.0,0,595,3,1,4,0.672
7601196226368785694,johnnycruz315,2026-01-30,,No Transcript,0.0,0,169,0,0,0,0.0
7601198189605080351,theglitterwhorestore,2026-01-30,,No Transcript,0.0,0,0,0,0,0,0
7601199698573036814,1373bel,2026-01-30,,No Transcript,0.0,0,288,16,6,22,7.639
7601200398417841439,theglitterwhorestore,2026-01-30,,No Transcript,0.0,0,781,15,2,17,2.177
7601205066594258206,kaylamarie828,2026-01-30,,No Transcript,0.0,0,659,3,0,3,0.455
7601205182172532023,naomiscribner,2026-01-30,,No Transcript,0.0,0,21,0,0,0,0.0
7601210166733737229,hdezmartinez2,2026-01-30,,No Transcript,0.0,0,153,4,3,7,4.575
7601212771035794718,branntski,2026-01-30,,No Transcript,0.0,0,80,1,0,1,1.25
7601218142769122574,cherry_rose_jubilee,2026-01-30,,No Transcript,0.0,0,567,2,0,2,0.353
7601218280614808862,01iris01,2026-01-30,,No Transcript,0.0,0,6,0,0,0,0.0
7601222722571586847,latienditadejose,2026-01-30,,No Transcript,0.0,0,98,0,0,0,0.0
7601223116689362206,jshirey89,2026-01-30,,No Transcript,0.0,0,112,2,12,14,12.5
7601225442930199838,healthremz,2026-01-30,,No Transcript,0.0,0,55,0,0,0,0.0
7601225450651716895,latienditadejose,2026-01-30,,No Transcript,0.0,0,106,0,0,0,0.0
7601229621572554014,latienditadejose,2026-01-30,,No Transcript,0.0,0,116,1,0,1,0.862
7601231219841387790,damnitsdedric,2026-01-30,,No Transcript,0.0,0,2025,6,1,7,0.346
7601239452945485087,unwaveringhaven,2026-01-30,,No Transcript,0.0,0,949,3,0,3,0.316
7601246842587778317,blessing7648997,2026-01-30,,No Transcript,0.0,0,16,0,0,0,0.0
7601251002771049783,jonesyfinds,2026-01-30,,No Transcript,0.0,0,744,2,0,2,0.269
7601263924901612813,damnitsdedric,2026-01-30,,No Transcript,0.0,0,1261,6,0,6,0.476
7601270793133100302,notbrannt,2026-01-30,,No Transcript,0.0,0,165,0,0,0,0.0
7601271539341724942,trendingontiktokshop,2026-01-30,,No Transcript,0.0,0,41,0,0,0,0.0
7601272725562313997,ragdollmanor,2026-01-30,,No Transcript,0.0,0,965,5,1,6,0.622
7601274673048947981,trendingontiktokshop,2026-01-30,,No Transcript,0.0,0,126,1,0,1,0.794
7601278758523374879,chrissyhebert6,2026-01-30,,No Transcript,0.0,0,598,11,2,13,2.174
7601288433247538463,mrcaseyy9,2026-01-30,,No Transcript,0.0,0,907,4,2,6,0.662
7601291122635328781,blessing7648997,2026-01-30,,No Transcript,0.0,0,61,0,0,0,0.0
7601291781338139959,regular_megan,2026-01-30,,No Transcript,0.0,0,1615,10,1,11,0.681
7601295389895036191,ivelisseboricua,2026-01-30,,No Transcript,0.0,0,1380,9,0,9,0.652
7601299038478060831,bpsdailydeals,2026-01-30,,No Transcript,0.0,0,21,0,0,0,0.0
7601299810758446366,loriyoung814,2026-01-30,,No Transcript,0.0,0,682,6,0,6,0.88
7601309928896171319,trendsnapperdiscounts,2026-01-31,,No Transcript,0.0,0,551,2,0,2,0.363
7601310014535372045,blessing7648997,2026-01-30,,No Transcript,0.0,0,20,0,0,0,0.0
7601310610868948254,latienditadejose,2026-01-31,,No Transcript,0.0,0,151,0,0,0,0.0
7601319690186624269,savingyourcart,2026-01-31,,No Transcript,0.0,0,18,0,0,0,0.0
7601321555217501470,adelaayala44,2026-01-31,,No Transcript,0.0,0,38,4,0,4,10.526
7601330602234678541,tfineee,2026-01-31,,No Transcript,0.0,0,299,3,0,3,1.003
7601341768252099854,kristenmcgalliard,2026-01-31,,No Transcript,0.0,0,1809,37,23,60,3.317
7601342115255192845,sabnamraimahato,2026-01-31,,No Transcript,0.0,0,17334,547,14,561,3.236
7601345482740206861,sahmomtalk,2026-01-31,,No Transcript,0.0,0,88,8,0,8,9.091
7601357489082256671,junior_az_promo,2026-01-31,,No Transcript,0.0,0,41,2,0,2,4.878
7601362500629679391,creadoradeofertas,2026-01-31,,No Transcript,0.0,0,48,1,0,1,2.083
7601364990485957902,wendymontenegro32,2026-01-31,,No Transcript,0.0,0,44,4,2,6,13.636
7601376382014229774,louiegotdeals,2026-01-31,,No Transcript,0.0,0,81,1,0,1,1.235
7601377780986662174,kels.oconnor,2026-01-31,,No Transcript,0.0,0,3249,15,0,15,0.462
7601409176547396878,charliesympho5,2026-01-31,,No Transcript,0.0,0,4513,13,2,15,0.332
7601457463224749325,melanietberry,2026-01-31,,No Transcript,0.0,0,159,2,0,2,1.258
7601480508060617997,all.too.sam,2026-01-31,,No Transcript,0.0,0,432,7,1,8,1.852
7601506108028570894,muddyboots_reviews,2026-01-31,,No Transcript,0.0,0,2267,10,5,15,0.662
7601511667784011063,lovechaos85,2026-01-31,,No Transcript,0.0,0,52,5,3,8,15.385
7601522379524771127,natashafurduy,2026-01-31,,No Transcript,0.0,0,95,0,0,0,0.0
7601531097024908557,natashafurduy,2026-01-31,,No Transcript,0.0,0,59,0,0,0,0.0
7601544998466719006,sydneypaigesway,2026-01-31,,No Transcript,0.0,0,351,4,0,4,1.14
7601546254077775135,abbytheproblemsolver,2026-01-31,,No Transcript,0.0,0,410,12,10,22,5.366
7601547330394819870,lovelauren96,2026-01-31,,No Transcript,0.0,0,10682,103,2,105,0.983
7601554871434661175,timjr1983,2026-01-31,,No Transcript,0.0,0,54,4,0,4,7.407
7601557219875818766,heyitskelsey_tts,2026-01-31,,No Transcript,0.0,0,829,8,0,8,0.965
7601566728778157342,nick.lassoe,2026-01-31,,No Transcript,0.0,0,4697,8,0,8,0.17
7601575149862784287,arabspeechie,2026-01-31,,No Transcript,0.0,0,1598,9,0,9,0.563
7601578227831786782,whirlwindwhitney,2026-01-31,,No Transcript,0.0,0,400,9,0,9,2.25
7601583848366951694,james.dealz,2026-01-31,,No Transcript,0.0,0,301,1,0,1,0.332
7601584610140507447,no_halo_here,2026-01-31,,No Transcript,0.0,0,517,3,1,4,0.774
7601586577894067486,branntski,2026-01-31,,No Transcript,0.0,0,123,1,0,1,0.813
7601587083848715534,wayoutmercantile,2026-01-31,,No Transcript,0.0,0,52,0,0,0,0.0
7601589430146567454,nikolgonza27,2026-01-31,,No Transcript,0.0,0,144,5,2,7,4.861
7601589871664303390,papifindss,2026-01-31,,No Transcript,0.0,0,603,1,0,1,0.166
7601598180609887518,bonzai_deals,2026-02-01,,No Transcript,0.0,0,521,9,0,9,1.727
7601615368959872270,donniesdealss,2026-01-31,,No Transcript,0.0,0,82,0,0,0,0.0
7601617432188374302,dennysdeals,2026-01-31,,No Transcript,0.0,0,34,0,0,0,0.0
7601620499050810679,mybestintentions,2026-01-31,,No Transcript,0.0,0,93,1,0,1,1.075
7601626273051430174,awaroyalfinds,2026-01-31,,No Transcript,0.0,0,85,1,0,1,1.176
7601628711871466782,kaylamarie828,2026-01-31,,No Transcript,0.0,0,330,2,0,2,0.606
7601630217802698014,awaroyalfinds,2026-01-31,,No Transcript,0.0,0,270,2,2,4,1.481
7601633960468221197,radianta.deals,2026-01-31,,No Transcript,0.0,0,867,2,0,2,0.231
7601634381458885901,sunnyjayrays,2026-01-31,,No Transcript,0.0,0,741,5,0,5,0.675
7601634486945582366,awaroyalfinds,2026-01-31,,No Transcript,0.0,0,163,1,0,1,0.613
7601636126620749111,radianta.deals,2026-01-31,,No Transcript,0.0,0,771,4,0,4,0.519
7601640829857402142,dennysdeals,2026-01-31,,No Transcript,0.0,0,23,0,0,0,0.0
7601641162155298061,alright_trin,2026-01-31,,No Transcript,0.0,0,445,15,2,17,3.82
7601641925879287095,donniesdealss,2026-01-31,,No Transcript,0.0,0,48,0,0,0,0.0
7601643761860463927,sabitrakanchi88,2026-01-31,,No Transcript,0.0,0,381,10,2,12,3.15
7601646612020022541,koleyko,2026-01-31,,No Transcript,0.0,0,391,11,6,17,4.348
7601662726607326519,elyse.greanya,2026-01-31,,No Transcript,0.0,0,2599,48,1,49,1.885
7601685220567387406,hc_nich,2026-01-31,,No Transcript,0.0,0,67,0,0,0,0.0
7601712180408470814,bballyback,2026-02-01,,No Transcript,0.0,0,1332,26,0,26,1.952
7601714644482313502,notbrannt,2026-02-01,,No Transcript,0.0,0,143,1,0,1,0.699
7601715566029573406,bpsdailydeals,2026-02-01,,No Transcript,0.0,0,81,1,0,1,1.235
7601739234394852621,madansharma3291,2026-02-01,,No Transcript,0.0,0,114,6,0,6,5.263
7601742789642046750,heymsrose,2026-02-01,,No Transcript,0.0,0,241,8,0,8,3.32
7601752038120181023,b.m.arab,2026-02-01,,No Transcript,0.0,0,1653,121,11,132,7.985
7601752685381012750,steff__bell,2026-02-01,,No Transcript,0.0,0,6941,59,0,59,0.85
7601755335367396663,steff__bell,2026-02-01,,No Transcript,0.0,0,539,0,0,0,0.0
7601759526081088798,borgesjuanmanuel,2026-02-01,,No Transcript,0.0,0,7,0,0,0,0.0
7601759639419571486,borgesjuanmanuel,2026-02-01,,No Transcript,0.0,0,46,0,0,0,0.0
7601760032153144607,borgesjuanmanuel,2026-02-01,,No Transcript,0.0,0,12,1,0,1,8.333
7601760128848776478,borgesjuanmanuel,2026-02-01,,No Transcript,0.0,0,26,0,0,0,0.0
7601769888788630814,borgesjuanmanuel,2026-02-01,,No Transcript,0.0,0,14,1,0,1,7.143
7601771290797657358,nickeyshahi,2026-02-01,,No Transcript,0.0,0,614,18,1,19,3.094
7601773090057522463,monikareviews2,2026-02-01,,No Transcript,0.0,0,107,1,0,1,0.935
7601891200995511583,latienditadejose,2026-02-01,,No Transcript,0.0,0,122,0,0,0,0.0
7601897159537003789,daddeals517,2026-02-01,,No Transcript,0.0,0,824,5,1,6,0.728
7601901308311833886,thepibbler57,2026-02-01,,No Transcript,0.0,0,184,0,0,0,0.0
7601903209396981005,daddeals517,2026-02-01,,No Transcript,0.0,0,1957,12,0,12,0.613
7601909377561283871,chelsleebmoney,2026-02-01,,No Transcript,0.0,0,2767,38,3,41,1.482
7601912854236777742,daddeals517,2026-02-01,,No Transcript,0.0,0,704,6,0,6,0.852
7601914077400583479,daddeals517,2026-02-01,,No Transcript,0.0,0,386,5,0,5,1.295
7601922577858071838,kourtybug,2026-02-01,,No Transcript,0.0,0,1009,7,1,8,0.793
7601923772790099213,momma_stephy,2026-02-01,,No Transcript,0.0,0,189,3,0,3,1.587
7601927678303767822,momma_stephy,2026-02-01,,No Transcript,0.0,0,112,2,0,2,1.786
7601929257589263671,savingyourcart,2026-02-01,,No Transcript,0.0,0,33,0,0,0,0.0
7601929904317287735,sunnyjayrays,2026-02-01,,No Transcript,0.0,0,1722,13,0,13,0.755
7601939175276940558,caitlindoucet11,2026-02-01,,No Transcript,0.0,0,476,8,2,10,2.101
7601951192779984159,courtney_out_loud,2026-02-01,,No Transcript,0.0,0,0,0,0,0,0
7601951494081989918,courtney_out_loud,2026-02-01,,No Transcript,0.0,0,87,0,0,0,0.0
7601955749715021070,theallisonveer,2026-02-01,,No Transcript,0.0,0,845,11,0,11,1.302
7601962009453727007,jerryfindss,2026-02-01,,No Transcript,0.0,0,86,1,0,1,1.163
7601975144797588767,papifindss,2026-02-01,,No Transcript,0.0,0,468,0,0,0,0.0
7601977540051242295,howgrowsit,2026-02-01,,No Transcript,0.0,0,5046,30,4,34,0.674
7601980343813410103,radianta.deals,2026-02-01,,No Transcript,0.0,0,7559,36,3,39,0.516
7601982251152313655,mybestintentions,2026-02-01,,No Transcript,0.0,0,144,1,0,1,0.694
7601993126428806413,mom35glowfind,2026-02-01,,No Transcript,0.0,0,68,0,0,0,0.0
7602002232665591054,bmoneys.finds,2026-02-01,,No Transcript,0.0,0,286,1,0,1,0.35
7602003282764107038,bonzai_deals,2026-02-02,,No Transcript,0.0,0,567,4,0,4,0.705
7602004938750840078,stankretsu,2026-02-01,,No Transcript,0.0,0,2025,30,1,31,1.531
7602006965702626573,cocinando_con_amor0dani,2026-02-01,,No Transcript,0.0,0,1507,35,2,37,2.455
7602023993020910879,callansdeals,2026-02-01,,No Transcript,0.0,0,780,19,1,20,2.564
7602028000325979422,kaylamarie828,2026-02-01,,No Transcript,0.0,0,216,4,0,4,1.852
7602029020934393101,_allthingstori,2026-02-01,,No Transcript,0.0,0,1255,8,0,8,0.637
7602029827801025823,dumpstergobblin,2026-02-01,,No Transcript,0.0,0,350,4,0,4,1.143
7602033722698911006,blessing11029,2026-02-01,,No Transcript,0.0,0,2007,35,1,36,1.794
7602045117431581966,s0lana,2026-02-01,,No Transcript,0.0,0,157,0,0,0,0.0
7602047613881404703,chrissyhebert6,2026-02-01,,No Transcript,0.0,0,741,11,1,12,1.619
7602051215207288077,unstablegenius64,2026-02-02,,No Transcript,0.0,0,13,0,0,0,0.0
7602083994301189431,adore.ericaaa,2026-02-02,,No Transcript,0.0,0,31,3,0,3,9.677
7602092802331168014,isabelocuenta,2026-02-01,,No Transcript,0.0,0,0,0,0,0,0
7602093409288916279,isabelocuenta,2026-02-02,,No Transcript,0.0,0,191,3,0,3,1.571
7602096667218824462,unstablegenius64,2026-02-02,,No Transcript,0.0,0,53,2,0,2,3.774
7602100394440920334,teamawaroyalfinds,2026-02-02,,No Transcript,0.0,0,12,1,0,1,8.333
7602101704246496542,juliepaigee,2026-02-02,,No Transcript,0.0,0,708,4,0,4,0.565
7602105306918735118,teamawaroyalfinds,2026-02-02,,No Transcript,0.0,0,10,1,0,1,10.0
7602108975210941751,teamawaroyalfinds,2026-02-02,,No Transcript,0.0,0,4,1,0,1,25.0
7602141538684095775,glizandminizz,2026-02-02,,No Transcript,0.0,0,475,12,1,13,2.737
7602161551688191262,martinezzz5o3,2026-02-02,,No Transcript,0.0,0,321,3,0,3,0.935
7602163493399186719,martinezzz5o3,2026-02-02,,No Transcript,0.0,0,426,3,1,4,0.939
7602169736599702839,s0lana,2026-02-01,,No Transcript,0.0,0,8,0,0,0,0.0
7602233462925364510,binitafamvibes,2026-02-02,,No Transcript,0.0,0,112,8,3,11,9.821
7602259870632414477,aestheticmomstyle,2026-02-02,,No Transcript,0.0,0,413,6,0,6,1.453
7602261566561570103,thepibbler57,2026-02-02,,No Transcript,0.0,0,1956,5,0,5,0.256
7602275901060959543,sydney.ovo,2026-02-02,,No Transcript,0.0,0,1170,1,0,1,0.085
7602278475285908766,tmanning01,2026-02-02,,No Transcript,0.0,0,605,3,0,3,0.496
7602286434300562718,jerryfindss,2026-02-02,,No Transcript,0.0,0,84,0,0,0,0.0
7602287103401037069,s0lana,2026-02-02,,No Transcript,0.0,0,50,0,0,0,0.0
7602299252932365582,tylermcghee_,2026-02-02,,No Transcript,0.0,0,515,8,1,9,1.748
7602299420574600479,callansdeals,2026-02-02,,No Transcript,0.0,0,437,7,1,8,1.831
7602300781336743182,cassieaverytts,2026-02-02,,No Transcript,0.0,0,1476,22,0,22,1.491
7602302335662050590,heatheristhemom,2026-02-02,,No Transcript,0.0,0,1842,9,0,9,0.489
7602304612514925837,alright_trin,2026-02-02,,No Transcript,0.0,0,903,5,0,5,0.554
7602305868050353439,debramckee6,2026-02-02,,No Transcript,0.0,0,317,4,0,4,1.262
7602321156783279373,unstablegenius64,2026-02-02,,No Transcript,0.0,0,27,0,0,0,0.0
7602334556586396941,i_v_league,2026-02-02,,No Transcript,0.0,0,927,9,0,9,0.971
7602336444832582942,martinezzz5o3,2026-02-02,,No Transcript,0.0,0,30,0,0,0,0.0
7602341344866061598,unwaveringhaven,2026-02-02,,No Transcript,0.0,0,948,6,0,6,0.633
7602341636030418207,incomewithdave,2026-02-02,,No Transcript,0.0,0,426,3,1,4,0.939
7602341786719128862,keriannkuzmin,2026-02-02,,No Transcript,0.0,0,439,2,2,4,0.911
7602345112252796191,kels.oconnor,2026-02-02,,No Transcript,0.0,0,6585,46,6,52,0.79
7602351724141055245,mom35glowfind,2026-02-02,,No Transcript,0.0,0,8,0,0,0,0.0
7602352868049292575,nicoalianiello,2026-02-02,,No Transcript,0.0,0,1873,21,2,23,1.228
7602364150039252255,kabowthedad,2026-02-02,,No Transcript,0.0,0,609,4,1,5,0.821
7602365243574045982,loriyoung814,2026-02-02,,No Transcript,0.0,0,746,3,0,3,0.402
7602366184452902174,syllishares,2026-02-02,,No Transcript,0.0,0,224,0,0,0,0.0
7602366963892931870,kaylamarie828,2026-02-02,,No Transcript,0.0,0,2140,10,2,12,0.561
7602369331002936606,loriyoung814,2026-02-02,,No Transcript,0.0,0,66,2,0,2,3.03
7602375383589162270,loriyoung814,2026-02-02,,No Transcript,0.0,0,127,2,0,2,1.575
7602399182405537037,no_halo_here,2026-02-02,,No Transcript,0.0,0,52,1,0,1,1.923
7602399481769839927,no_halo_here,2026-02-02,,No Transcript,0.0,0,82,0,0,0,0.0
7602399882057436471,no_halo_here,2026-02-02,,No Transcript,0.0,0,52,1,0,1,1.923
7602400163222605069,no_halo_here,2026-02-02,,No Transcript,0.0,0,59,2,0,2,3.39
7602400571726794039,no_halo_here,2026-02-02,,No Transcript,0.0,0,56,1,0,1,1.786
7602403979175185677,maxthecat_tv,2026-02-02,,No Transcript,0.0,0,38,2,0,2,5.263
7602410739621563662,dillanmatute22,2026-02-02,,No Transcript,0.0,0,183,4,0,4,2.186
7602410860501503246,momingthisshiz,2026-02-02,,No Transcript,0.0,0,1207,11,1,12,0.994
7602416348097940791,ghimire_kanchi,2026-02-02,,No Transcript,0.0,0,484,13,1,14,2.893
7602418330795920695,nred_23,2026-02-02,,No Transcript,0.0,0,248,4,0,4,1.613
7602418521536072974,nred_23,2026-02-02,,No Transcript,0.0,0,230,4,0,4,1.739
7602418660413590797,nred_23,2026-02-02,,No Transcript,0.0,0,158,3,0,3,1.899
7602419004245904654,nred_23,2026-02-02,,No Transcript,0.0,0,189,4,0,4,2.116
7602422878084009229,mijindonp,2026-02-03,,No Transcript,0.0,0,492,9,1,10,2.033
7602425965427395870,moon89328,2026-02-03,,No Transcript,0.0,0,68,10,2,12,17.647
7602428904539721015,_allthingstori,2026-02-03,,No Transcript,0.0,0,5598,57,6,63,1.125
7602436904121863438,lucysalinas3916,2026-02-03,,No Transcript,0.0,0,484,3,0,3,0.62
7602440241311452447,icecreamfordinner,2026-02-03,,No Transcript,0.0,0,1169,11,0,11,0.941
7602445609693465887,tiffanyreneeugc,2026-02-03,,No Transcript,0.0,0,4501,35,2,37,0.822
7602447380205620535,morganhsears,2026-02-03,,No Transcript,0.0,0,8853,68,6,74,0.836
7602456671473945886,herbiehusker,2026-02-03,,No Transcript,0.0,0,621,5,0,5,0.805
7602458752104582414,unstablegenius64,2026-02-02,,No Transcript,0.0,0,0,0,0,0,0
7602460219087523085,unstablegenius64,2026-02-03,,No Transcript,0.0,0,132,1,0,1,0.758
7602474408694893879,katysparties,2026-02-03,,No Transcript,0.0,0,12503,94,7,101,0.808
7602483073812385055,toritriesit,2026-02-03,,No Transcript,0.0,0,233,3,0,3,1.288
7602487547498990879,kimberleyblueeyes,2026-02-03,,No Transcript,0.0,0,200,3,1,4,2.0
7602495888413527309,k3lly.b1,2026-02-03,,No Transcript,0.0,0,1843,13,0,13,0.705
7602498788338470158,k3lly.b1,2026-02-03,,No Transcript,0.0,0,542,7,0,7,1.292
7602593206374649119,good_moms_say_badwords,2026-02-03,,No Transcript,0.0,0,104,16,22,38,36.538
7602595294965976333,nade_afg,2026-02-04,,No Transcript,0.0,0,165961,2718,74,2792,1.682
7602623175716850975,marjoriezoe1,2026-02-03,,No Transcript,0.0,0,2870,128,1,129,4.495
7602648641462897933,moefindsdeals,2026-02-03,,No Transcript,0.0,0,19,1,0,1,5.263
7602648654322666766,moefindsdeals,2026-02-03,,No Transcript,0.0,0,35,0,0,0,0.0
7602651969513147678,twistedbugg,2026-02-03,,No Transcript,0.0,0,617,1,0,1,0.162
7602661276237450526,bmoneys.finds,2026-02-03,,No Transcript,0.0,0,58,0,0,0,0.0
7602670055515573518,s0lana,2026-02-03,,No Transcript,0.0,0,1682,25,3,28,1.665
7602673283208580383,branntski,2026-02-03,,No Transcript,0.0,0,192,3,0,3,1.562
7602679134577265951,soylatina_26,2026-02-03,,No Transcript,0.0,0,389,6,2,8,2.057
7602689063719669023,mariurky,2026-02-03,,No Transcript,0.0,0,152,5,2,7,4.605
7602689171995512095,mirasingh524,2026-02-03,,No Transcript,0.0,0,3839,91,2,93,2.423
7602692265143799071,mariurky,2026-02-03,,No Transcript,0.0,0,288,6,2,8,2.778
7602692578684734734,nred_23,2026-02-03,,No Transcript,0.0,0,31,0,0,0,0.0
7602702890779593998,wayoutmercantile,2026-02-03,,No Transcript,0.0,0,37,0,0,0,0.0
7602705241020189982,jessicahomer3,2026-02-03,,No Transcript,0.0,0,138,6,0,6,4.348
7602705958216715551,jessicahomer3,2026-02-03,,No Transcript,0.0,0,127,5,1,6,4.724
7602706219098279182,notbrannt,2026-02-03,,No Transcript,0.0,0,91,0,0,0,0.0
7602709594468601101,flormedrano.21,2026-02-03,,No Transcript,0.0,0,1432,13,2,15,1.047
7602712903866649869,shopalerts,2026-02-03,,No Transcript,0.0,0,264,1,0,1,0.379
7602727562086829343,infinite.balance,2026-02-03,,No Transcript,0.0,0,686,3,0,3,0.437
7602742117655416078,bpsdailydeals,2026-02-03,,No Transcript,0.0,0,27,0,0,0,0.0
7602742311981731103,kaylamarie828,2026-02-03,,No Transcript,0.0,0,365,3,0,3,0.822
7602769361245441294,igotitontiktokshop,2026-02-03,,No Transcript,0.0,0,291,0,0,0,0.0
7602773067546299662,cat.borders,2026-02-03,,No Transcript,0.0,0,1813,13,0,13,0.717
7602773529402019086,maxthecat_tv,2026-02-03,,No Transcript,0.0,0,20,2,0,2,10.0
7602780533839383838,bytraci,2026-02-03,,No Transcript,0.0,0,32,1,0,1,3.125
7602780544501419295,sarahgibbons_,2026-02-03,,No Transcript,0.0,0,1660,9,2,11,0.663
7602807172619095309,2speedster,2026-02-04,,No Transcript,0.0,0,533,4,0,4,0.75
7602808857512922382,2speedster,2026-02-04,,No Transcript,0.0,0,301,4,0,4,1.329
7602811141710023949,2speedster,2026-02-04,,No Transcript,0.0,0,1492,11,0,11,0.737
7602812254584704270,2speedster,2026-02-04,,No Transcript,0.0,0,2673,13,0,13,0.486
7602821111255960845,claudi_lavalamp,2026-02-04,,No Transcript,0.0,0,527,4,0,4,0.759
7602825915499826446,theaestheticaddict,2026-02-04,,No Transcript,0.0,0,40,2,0,2,5.0
7602825964237638925,theaestheticaddict,2026-02-04,,No Transcript,0.0,0,263,1,0,1,0.38
7602829695872273695,gettheseproductz,2026-02-04,,No Transcript,0.0,0,38,1,0,1,2.632
7602834352401157390,flormedrano.21,2026-02-04,,No Transcript,0.0,0,838,9,1,10,1.193
7602840725163642125,iamliz917,2026-02-04,,No Transcript,0.0,0,651,1,0,1,0.154
7602842761389149470,quianaknight,2026-02-04,,No Transcript,0.0,0,361,1,0,1,0.277
7602846466780056845,brian.and.kate,2026-02-04,,No Transcript,0.0,0,592,5,0,5,0.845
7602847426621246734,christinefavorites,2026-02-04,,No Transcript,0.0,0,1341,8,0,8,0.597
7602848127615307038,kaseys0920,2026-02-04,,No Transcript,0.0,0,659,6,1,7,1.062
7602848818933140750,christinefavorites,2026-02-04,,No Transcript,0.0,0,1481,10,0,10,0.675
7602849727616486670,cassies_chaos1,2026-02-03,,No Transcript,0.0,0,3,0,0,0,0.0
7602853281269878047,unwaveringhaven,2026-02-04,,No Transcript,0.0,0,1004,6,0,6,0.598
7602853979881508110,cassies_chaos1,2026-02-04,,No Transcript,0.0,0,127,4,3,7,5.512
7602854058084273439,quianaknight,2026-02-04,,No Transcript,0.0,0,133,2,0,2,1.504
7602856598654012685,shopalerts,2026-02-04,,No Transcript,0.0,0,144,1,0,1,0.694
7602857761843498271,_xoxxobri_,2026-02-03,,No Transcript,0.0,0,109,0,0,0,0.0
7602858736486501663,quianaknight,2026-02-04,,No Transcript,0.0,0,144,2,0,2,1.389
7602908807093570846,maddyreviews,2026-02-04,,No Transcript,0.0,0,23,1,0,1,4.348
7602953914027101453,jocoy_farms,2026-02-04,,No Transcript,0.0,0,214,6,0,6,2.804
7602954704485731598,jocoy_farms,2026-02-04,,No Transcript,0.0,0,30,0,0,0,0.0
7602992352151473421,yainejesu,2026-02-04,,No Transcript,0.0,0,914,20,2,22,2.407
7603001766367464734,hea1thy562,2026-02-04,,No Transcript,0.0,0,866,14,0,14,1.617
7603004631945448735,mariurky,2026-02-04,,No Transcript,0.0,0,236,3,2,5,2.119
7603006977895058702,_allthingstori,2026-02-04,,No Transcript,0.0,0,1073,12,3,15,1.398
7603008952745446669,jenishajaanvi,2026-02-04,,No Transcript,0.0,0,754,29,0,29,3.846
7603012091720649997,thepibbler57,2026-02-04,,No Transcript,0.0,0,1823,5,0,5,0.274
7603012459900800269,orenatosimao,2026-02-04,,No Transcript,0.0,0,96,1,0,1,1.042
7603017149023620365,flormedrano.21,2026-02-04,,No Transcript,0.0,0,6646,28,5,33,0.497
7603029078970469645,pocahontassxoxox,2026-02-04,,No Transcript,0.0,0,386,0,0,0,0.0
7603033411413888270,discountshow,2026-02-04,,No Transcript,0.0,0,802,0,0,0,0.0
7603033524198706445,discountshow,2026-02-04,,No Transcript,0.0,0,88,0,0,0,0.0
7603033543672876301,discountshow,2026-02-04,,No Transcript,0.0,0,139,1,0,1,0.719
7603033579433643278,discountshow,2026-02-04,,No Transcript,0.0,0,666,0,0,0,0.0
7603038792907246861,pabitragrg024,2026-02-04,,No Transcript,0.0,0,614,34,18,52,8.469
7603039862912044318,the_lasthokage_,2026-02-04,,No Transcript,0.0,0,1132,2,0,2,0.177
7603040836623830303,branntski,2026-02-04,,No Transcript,0.0,0,275,2,0,2,0.727
7603041148222901535,the_lasthokage_,2026-02-04,,No Transcript,0.0,0,969,0,0,0,0.0
7603042668423286046,jessicahomer3,2026-02-04,,No Transcript,0.0,0,10,0,0,0,0.0
7603043766328397086,the_lasthokage_,2026-02-04,,No Transcript,0.0,0,650,3,0,3,0.462
7603044825675468046,shelonabelchicago,2026-02-04,,No Transcript,0.0,0,753,11,4,15,1.992
7603044991535025422,wendymontenegro32,2026-02-04,,No Transcript,0.0,0,325,5,0,5,1.538
7603047820639178014,lohanyavila7,2026-02-04,,No Transcript,0.0,0,55,7,0,7,12.727
7603049451732749582,blilttaffilate,2026-02-04,,No Transcript,0.0,0,282,0,0,0,0.0
7603055369954381087,kels.oconnor,2026-02-04,,No Transcript,0.0,0,1766,6,0,6,0.34
7603055721244118303,jessicahomer3,2026-02-04,,No Transcript,0.0,0,203,4,0,4,1.97
7603057871168785677,anita_love310,2026-02-04,,No Transcript,0.0,0,118,3,0,3,2.542
7603058884424551711,missestandme,2026-02-04,,No Transcript,0.0,0,714,6,1,7,0.98
7603058982923619614,lizthechaoscoordinator,2026-02-04,,No Transcript,0.0,0,130,4,2,6,4.615
7603061497924783390,missestandme,2026-02-04,,No Transcript,0.0,0,9777,9,2,11,0.113
7603062449549446430,jessicahomer3,2026-02-04,,No Transcript,0.0,0,202,4,0,4,1.98
7603063042296909070,coffeefirstmama,2026-02-04,,No Transcript,0.0,0,30,0,0,0,0.0
7603063222693874958,fun.jeewan,2026-02-04,,No Transcript,0.0,0,370,59,2,61,16.486
7603063340088233246,jessicahomer3,2026-02-04,,No Transcript,0.0,0,239,4,0,4,1.674
7603096758993898783,blilttaffilate,2026-02-04,,No Transcript,0.0,0,376,0,0,0,0.0
7603097475909537055,bmoneys.finds,2026-02-04,,No Transcript,0.0,0,153,0,0,0,0.0
7603097611024731422,notbrannt,2026-02-04,,No Transcript,0.0,0,8576,3,0,3,0.035
7603098036268518686,bpsdailydeals,2026-02-04,,No Transcript,0.0,0,39,0,0,0,0.0
7603098286895009037,britt_fit_,2026-02-04,,No Transcript,0.0,0,1179,1,0,1,0.085
7603101878221688077,coffeefirstmama,2026-02-04,,No Transcript,0.0,0,1516,25,0,25,1.649
7603105424497184013,marelysmejia,2026-02-04,,No Transcript,0.0,0,195,2,0,2,1.026
7603106317502303501,scottobri2,2026-02-04,,No Transcript,0.0,0,622,2,0,2,0.322
7603108029273296158,prosnerjean,2026-02-04,,No Transcript,0.0,0,1499,8,4,12,0.801
7603110183992118558,jessicahomer3,2026-02-04,,No Transcript,0.0,0,383,5,0,5,1.305
7603111609048911134,jean18561,2026-02-04,,No Transcript,0.0,0,1390,25,6,31,2.23
7603112137170488607,jessicahomer3,2026-02-04,,No Transcript,0.0,0,164,5,0,5,3.049
7603112681989573902,orenatosimao,2026-02-04,,No Transcript,0.0,0,1853,1,0,1,0.054
7603114441131052318,jessicahomer3,2026-02-04,,No Transcript,0.0,0,8,0,0,0,0.0
7603117393719741726,renatoshopusa,2026-02-05,,No Transcript,0.0,0,885,3,0,3,0.339
7603126286051052813,hubbardvideos,2026-02-04,,No Transcript,0.0,0,5454,5,0,5,0.092
7603129528625401119,today1281,2026-02-04,,No Transcript,0.0,0,1000,3,0,3,0.3
7603129886357687582,rootedmamainbalance,2026-02-04,,No Transcript,0.0,0,628,6,6,12,1.911
7603135854395067678,cam.unable,2026-02-04,,No Transcript,0.0,0,834,2,0,2,0.24
7603137025016925470,jessicahomer3,2026-02-04,,No Transcript,0.0,0,10,0,0,0,0.0
7603139385592253727,cam.unable,2026-02-04,,No Transcript,0.0,0,703,5,0,5,0.711
7603142812514733325,isabelocuenta,2026-02-04,,No Transcript,0.0,0,339,2,0,2,0.59
7603146376544816415,ivelisseboricua,2026-02-04,,No Transcript,0.0,0,143,0,0,0,0.0
7603151123796495629,howgrowsit,2026-02-04,,No Transcript,0.0,0,1253,3,0,3,0.239
7603153139084184863,pixelmom.exe,2026-02-04,,No Transcript,0.0,0,826,9,0,9,1.09
7603155668283149582,howgrowsit,2026-02-04,,No Transcript,0.0,0,734,2,0,2,0.272
7603161032961346830,unstablegenius64,2026-02-04,,No Transcript,0.0,0,2378,1,0,1,0.042
7603168963630992654,unstablegenius64,2026-02-05,,No Transcript,0.0,0,1031,0,0,0,0.0
7603170399177674014,alrobaa,2026-02-05,,No Transcript,0.0,0,668,1,0,1,0.15
7603196653591383327,savewithgh,2026-02-05,,No Transcript,0.0,0,796,2,0,2,0.251
7603200225099975949,fragranceking777,2026-02-05,,No Transcript,0.0,0,2515,15,1,16,0.636
7603202421434633486,howgrowsit,2026-02-05,,No Transcript,0.0,0,5433,36,1,37,0.681
7603202703677771021,anytat_7,2026-02-06,,No Transcript,0.0,0,131,9,2,11,8.397
7603213617432988941,bidet_daddy,2026-02-05,,No Transcript,0.0,0,38,2,0,2,5.263
7603216599943859470,bidet_daddy,2026-02-05,,No Transcript,0.0,0,47,2,0,2,4.255
7603217013686668575,jessicahomer3,2026-02-05,,No Transcript,0.0,0,301,5,0,5,1.661
7603223413691403534,cassies_chaos1,2026-02-05,,No Transcript,0.0,0,140,7,5,12,8.571
7603277041986702623,quianaknight,2026-02-05,,No Transcript,0.0,0,89,0,0,0,0.0
7603279710872784141,coinringmaker.com,2026-02-05,,No Transcript,0.0,0,590,2,0,2,0.339
7603281081466490143,quianaknight,2026-02-05,,No Transcript,0.0,0,921,2,0,2,0.217
7603303195649019167,eud_officiel,2026-02-05,,No Transcript,0.0,0,473,6,0,6,1.268
7603363837747727647,mendylynn,2026-02-05,,No Transcript,0.0,0,237,7,0,7,2.954
7603391420761771295,papifindss,2026-02-05,,No Transcript,0.0,0,5427,9,1,10,0.184
7603396759666117902,olexiydeals,2026-02-05,,No Transcript,0.0,0,226,1,0,1,0.442
7603410573140839710,lovechaos85,2026-02-05,,No Transcript,0.0,0,600,4,2,6,1.0
7603413008928279839,blilttaffilate,2026-02-05,,No Transcript,0.0,0,1722,112,2,114,6.62
7603431839805558047,quianaknight,2026-02-05,,No Transcript,0.0,0,560,4,0,4,0.714
7603448758231174414,momentswithliv,2026-02-05,,No Transcript,0.0,0,16063,29,4,33,0.205
7603456318946413838,cam.unable,2026-02-05,,No Transcript,0.0,0,602,1,0,1,0.166
7603459376678063373,cam.unable,2026-02-05,,No Transcript,0.0,0,725,3,0,3,0.414
7603459735903390990,olexiydeals,2026-02-05,,No Transcript,0.0,0,237,0,0,0,0.0
7603481176090856718,preciouswasso1,2026-02-05,,No Transcript,0.0,0,263,2,1,3,1.141
7603492410047384863,shellybombshell_,2026-02-05,,No Transcript,0.0,0,5305,14,0,14,0.264
7603499068643462431,aleesha.thomas,2026-02-05,,No Transcript,0.0,0,1662,1,1,2,0.12
7603500616945503501,karissa.survives.it.all,2026-02-06,,No Transcript,0.0,0,1258,1,1,2,0.159
7603507705587797261,keebo100,2026-02-05,,No Transcript,0.0,0,43498,6,0,6,0.014
7603540709458595103,notbrannt,2026-02-06,,No Transcript,0.0,0,1396,2,0,2,0.143
7603541705782070559,bpsdailydeals,2026-02-06,,No Transcript,0.0,0,376,1,0,1,0.266
7603543503875968286,iluv_animationoffers,2026-02-06,,No Transcript,0.0,0,274,0,0,0,0.0
7603544782761135390,dave_mvc55,2026-02-06,,No Transcript,0.0,0,1242,9,0,9,0.725
7603550446048840990,little_miss_c_,2026-02-06,,No Transcript,0.0,0,6021,5,4,9,0.149
7603553232811527438,vivianasmom444,2026-02-05,,No Transcript,0.0,0,40,0,0,0,0.0
7603553542787304718,sannanikarki,2026-02-06,,No Transcript,0.0,0,818,30,6,36,4.401
7603555865941003533,rondresilkyyy,2026-02-06,,No Transcript,0.0,0,9440,0,0,0,0.0
7603565921029999903,twistedbugg,2026-02-06,,No Transcript,0.0,0,848,3,0,3,0.354
7603566915742715150,dollys_tok,2026-02-05,,No Transcript,0.0,0,64,0,0,0,0.0
7603567012207414542,monicag___,2026-02-06,,No Transcript,0.0,0,284,9,0,9,3.169
7603573502372891935,daddydaughterduop,2026-02-06,,No Transcript,0.0,0,1561,7,0,7,0.448
7603588129701874974,alrobaa,2026-02-06,,No Transcript,0.0,0,268,0,0,0,0.0
7603588739499167007,renatoshopusa,2026-02-07,,No Transcript,0.0,0,545,5,1,6,1.101
7603599472114847007,campfiresmilespedsdental,2026-02-05,,No Transcript,0.0,0,0,0,0,0,0
7603600415153720607,campfiresmilespedsdental,2026-02-06,,No Transcript,0.0,0,175285,3966,56,4022,2.295
7603609948785823006,mariurky,2026-02-06,,No Transcript,0.0,0,232,7,2,9,3.879
7603612718242729247,jocasseegirl,2026-02-06,,No Transcript,0.0,0,1237,2,0,2,0.162
7603613268728401182,terissa.m.hernandez,2026-02-06,,No Transcript,0.0,0,975,16,1,17,1.744
7603621943656418573,vivianasmom444,2026-02-06,,No Transcript,0.0,0,1088,4,1,5,0.46
7603665224398408974,kory_yanet,2026-02-06,,No Transcript,0.0,0,865,3,0,3,0.347
7603725738021276959,mrbirdiebook,2026-02-06,,No Transcript,0.0,0,192,7,12,19,9.896
7603791877594156319,yordanitrujilillo,2026-02-06,,No Transcript,0.0,0,1234,6,0,6,0.486
7603792630891187487,tiffanyreneeugc,2026-02-06,,No Transcript,0.0,0,310,3,0,3,0.968
7603815874939620638,diane.smc,2026-02-06,,No Transcript,0.0,0,0,0,0,0,0
7603819536407694623,diane.smc,2026-02-06,,No Transcript,0.0,0,983,16,2,18,1.831
7603819897939905805,unstablegenius64,2026-02-06,,No Transcript,0.0,0,4254,0,0,0,0.0
7603822334578789663,papifindss,2026-02-06,,No Transcript,0.0,0,2637,3,1,4,0.152
7603823416981884174,beca_tries,2026-02-06,,No Transcript,0.0,0,1283,8,0,8,0.624
7603824232128122142,branntski,2026-02-06,,No Transcript,0.0,0,1248,2,0,2,0.16
7603826761322761502,divinetruth111,2026-02-06,,No Transcript,0.0,0,1854,14,0,14,0.755
7603828266100690190,cam.unable,2026-02-06,,No Transcript,0.0,0,4985,4,1,5,0.1
7603829481970601247,notbrannt,2026-02-06,,No Transcript,0.0,0,3107,0,0,0,0.0
7603829842676600094,bmoneys.finds,2026-02-06,,No Transcript,0.0,0,1031,0,0,0,0.0
7603853634194951438,townfamilyfinds,2026-02-06,,No Transcript,0.0,0,638,4,1,5,0.784
7603856317463186701,sapphirefinds1,2026-02-06,,No Transcript,0.0,0,812,2,0,2,0.246
7603871504878603551,bpsdailydeals,2026-02-06,,No Transcript,0.0,0,700,2,0,2,0.286
7603882325201505567,backroadsjay,2026-02-06,,No Transcript,0.0,0,2352,8,5,13,0.553
7603915406205603103,dave_mvc55,2026-02-07,,No Transcript,0.0,0,214,4,1,5,2.336
7603925653200620830,queennyshowbackup3,2026-02-07,,No Transcript,0.0,0,551,0,0,0,0.0
7603926539570302222,yourreallifecheerleader,2026-02-07,,No Transcript,0.0,0,126,1,0,1,0.794
7603926956437982477,wayoutmercantile,2026-02-07,,No Transcript,0.0,0,970,0,0,0,0.0
7603927796036996365,wayoutmercantile,2026-02-07,,No Transcript,0.0,0,103,1,0,1,0.971
7603928040862698782,queennyshowbackup3,2026-02-07,,No Transcript,0.0,0,79,0,0,0,0.0
7603948933718576414,controlledbytoddlers,2026-02-07,,No Transcript,0.0,0,932,5,0,5,0.536
7603971949848562958,ashton.tiktokshop,2026-02-07,,No Transcript,0.0,0,3977,10,1,11,0.277
7603974747596000543,h.flores8,2026-02-07,,No Transcript,0.0,0,1224,5,0,5,0.408
7604126749135244557,moefindsdeals,2026-02-07,,No Transcript,0.0,0,1343,0,0,0,0.0
7604148747165076750,daddeals517,2026-02-07,,No Transcript,0.0,0,745,11,0,11,1.477
7604148995736358157,daddeals517,2026-02-07,,No Transcript,0.0,0,963,11,0,11,1.142
7604157973048397086,sahmomtalk,2026-02-07,,No Transcript,0.0,0,937,9,0,9,0.961
7604160860948319502,blessedandoutnumbered,2026-02-07,,No Transcript,0.0,0,1196,6,4,10,0.836
7604162861409029390,yourreallifecheerleader,2026-02-07,,No Transcript,0.0,0,122,5,0,5,4.098
7604174100902202637,blessedandoutnumbered,2026-02-07,,No Transcript,0.0,0,1598,5,2,7,0.438
7604195758652263710,alrobaa,2026-02-07,,No Transcript,0.0,0,134,0,0,0,0.0
7604205934285524255,martinezzz5o3,2026-02-07,,No Transcript,0.0,0,1233,1,0,1,0.081
7604207438794902815,deals_by_q,2026-02-07,,No Transcript,0.0,0,24,0,0,0,0.0
7604208392537672990,deals_by_q,2026-02-07,,No Transcript,0.0,0,35,0,0,0,0.0
7604231917248040223,mariurky,2026-02-07,,No Transcript,0.0,0,263,4,4,8,3.042
7604234278372642062,streetlegalhooker,2026-02-07,,No Transcript,0.0,0,144,3,0,3,2.083
7604252902223383822,naomiscribner,2026-02-08,,No Transcript,0.0,0,1999,0,0,0,0.0
7604256004485696798,diane.smc,2026-02-07,,No Transcript,0.0,0,4,0,0,0,0.0
7604256776879426830,samsfindz,2026-02-07,,No Transcript,0.0,0,1332,7,0,7,0.526
7604257320410811661,samsfindz,2026-02-07,,No Transcript,0.0,0,4049,3,0,3,0.074
7604260790266350879,diane.smc,2026-02-07,,No Transcript,0.0,0,880,0,0,0,0.0
7604262629342711071,millenialmusthaves777,2026-02-07,,No Transcript,0.0,0,52,2,0,2,3.846
7604265556564315423,2manydealz,2026-02-07,,No Transcript,0.0,0,1253,1,0,1,0.08
7604273069628198157,streetlegalhooker,2026-02-07,,No Transcript,0.0,0,717,1,0,1,0.139
7604280721028467999,kaylamarie828,2026-02-08,,No Transcript,0.0,0,693,2,0,2,0.289
7604287468392680734,bmoneys.finds,2026-02-08,,No Transcript,0.0,0,915,0,0,0,0.0
7604291591599181087,branntski,2026-02-08,,No Transcript,0.0,0,1296,2,0,2,0.154
7604301917988113694,erinpricesouth,2026-02-08,,No Transcript,0.0,0,2794,4,1,5,0.179
7604312195496758558,vngie.__,2026-02-07,,No Transcript,0.0,0,0,0,0,0,0
7604315027310415135,vngie.__,2026-02-08,,No Transcript,0.0,0,372,8,0,8,2.151
7604320223419763999,rosanyalex,2026-02-08,,No Transcript,0.0,0,136,3,0,3,2.206
7604321143633251598,notbrannt,2026-02-08,,No Transcript,0.0,0,1969,1,0,1,0.051
7604326111400480014,kelceywilson,2026-02-08,,No Transcript,0.0,0,1252,6,1,7,0.559
7604341057698024718,mrsmarycatt,2026-02-08,,No Transcript,0.0,0,1239,18,1,19,1.533
7604368996908928269,noahjamesshops,2026-02-08,,No Transcript,0.0,0,1225,2,0,2,0.163
7604369219211300110,noahjamesshops,2026-02-08,,No Transcript,0.0,0,660,1,0,1,0.152
7604370106411453727,kels.oconnor,2026-02-08,,No Transcript,0.0,0,1826,5,0,5,0.274
7604379657579859214,tt.shop.fab.finds,2026-02-08,,No Transcript,0.0,0,80,0,0,0,0.0
7604380573578087694,tt.shop.fab.finds,2026-02-08,,No Transcript,0.0,0,69,0,0,0,0.0
7604496545257360653,etenn47,2026-02-08,,No Transcript,0.0,0,2837,17,2,19,0.67
7604527513066343693,austinsonestopshop,2026-02-08,,No Transcript,0.0,0,2900,10,1,11,0.379
7604534320799223071,sahmomtalk,2026-02-08,,No Transcript,0.0,0,0,0,0,0,0
7604534668783783199,sahmomtalk,2026-02-08,,No Transcript,0.0,0,664,12,0,12,1.807
7604556677278387487,bonzai_deals,2026-02-09,,No Transcript,0.0,0,1033,0,0,0,0.0
7604558111088659743,diane.smc,2026-02-08,,No Transcript,0.0,0,796,30,3,33,4.146
7604558768810036494,gemini_amy,2026-02-08,,No Transcript,0.0,0,408,6,3,9,2.206
7604561330288282894,shesdreadanielle,2026-02-08,,No Transcript,0.0,0,822,4,1,5,0.608
7604587343319731470,rondresilkyyy,2026-02-08,,No Transcript,0.0,0,2231,2,0,2,0.09
7604595273351941390,savi_trends,2026-02-08,,No Transcript,0.0,0,8572,50,0,50,0.583
7604598395524631821,4n913_,2026-02-08,,No Transcript,0.0,0,393,2,0,2,0.509
7604601969721838861,diamond.joey.z,2026-02-08,,No Transcript,0.0,0,299,1,0,1,0.334
7604602109404777758,callansdeals,2026-02-08,,No Transcript,0.0,0,1706,18,1,19,1.114
7604604520349420813,ericka160391,2026-02-08,,No Transcript,0.0,0,946,11,0,11,1.163
7604620251430489358,monicagomezlv,2026-02-08,,No Transcript,0.0,0,370,7,0,7,1.892
7604622998422752543,lisajoyled1414,2026-02-08,,No Transcript,0.0,0,3891,9,0,9,0.231
7604625323560275213,treadmillpoolballracing,2026-02-08,,No Transcript,0.0,0,1941,3,0,3,0.155
7604627630003850526,jairesemaj,2026-02-08,,No Transcript,0.0,0,1548,6,0,6,0.388
7604634944467488031,dave_mvc55,2026-02-09,,No Transcript,0.0,0,1474,3,0,3,0.204
7604636300666326286,mamacamstts,2026-02-08,,No Transcript,0.0,0,1642,2,0,2,0.122
7604676709660626190,wayoutmercantile,2026-02-09,,No Transcript,0.0,0,1776,0,0,0,0.0
7604676971854875917,wayoutmercantile,2026-02-09,,No Transcript,0.0,0,841,1,0,1,0.119
7604694023894256910,alexthenp,2026-02-08,,No Transcript,0.0,0,0,0,0,0,0
7604694963049205005,alexthenp,2026-02-09,,No Transcript,0.0,0,748,12,2,14,1.872
7604694995693571359,jacqueleigh09,2026-02-09,,No Transcript,0.0,0,136,3,0,3,2.206
7604703823050886414,houseofbrit,2026-02-09,,No Transcript,0.0,0,4466,10,0,10,0.224
7604708814243237151,peterkim_1,2026-02-09,,No Transcript,0.0,0,968,3,2,5,0.517
7604721163415112991,aleesha.thomas,2026-02-09,,No Transcript,0.0,0,490,1,0,1,0.204
7604728995241807135,jordanhughes3991,2026-02-09,,No Transcript,0.0,0,243,8,0,8,3.292
7604736694234975519,campfiresmilespedsdental,2026-02-09,,No Transcript,0.0,0,1395,5,0,5,0.358
7604864235486711071,missestandme,2026-02-09,,No Transcript,0.0,0,246,5,0,5,2.033
7604877845642349837,daddeals517,2026-02-09,,No Transcript,0.0,0,800,2,0,2,0.25
7604881847859940639,thekirbyhatguy,2026-02-09,,No Transcript,0.0,0,1263,3,0,3,0.238
7604884671343725837,bigreese2323,2026-02-09,,No Transcript,0.0,0,645,2,0,2,0.31
7604896105544879373,jerryfindss,2026-02-09,,No Transcript,0.0,0,437,1,0,1,0.229
7604901536665324813,naomiscribner,2026-02-09,,No Transcript,0.0,0,1634,1,0,1,0.061
7604903427264613645,blessedandoutnumberedx5,2026-02-09,,No Transcript,0.0,0,239,10,1,11,4.603
7604904831475567885,bondoc_53,2026-02-09,,No Transcript,0.0,0,614,11,0,11,1.792
7604908887078227230,officialbaldeagle,2026-02-09,,No Transcript,0.0,0,808,7,0,7,0.866
7604928250464308511,shoplivewithloretta,2026-02-09,,No Transcript,0.0,0,595,1,1,2,0.336
7604931897117904158,stephanie.p.f,2026-02-09,,No Transcript,0.0,0,32537,98,6,104,0.32
7604934440300596493,glowupwithnikita,2026-02-09,,No Transcript,0.0,0,1165,8,0,8,0.687
7604937877176323358,organicbeautyy_,2026-02-09,,No Transcript,0.0,0,1450,2,1,3,0.207
7604960454389026078,jerryfindss,2026-02-09,,No Transcript,0.0,0,481,4,0,4,0.832
7604961645294652703,bmoneys.finds,2026-02-09,,No Transcript,0.0,0,872,0,0,0,0.0
7604962956169792798,branntski,2026-02-09,,No Transcript,0.0,0,506,3,0,3,0.593
7604963724000054558,papifindss,2026-02-09,,No Transcript,0.0,0,2518,1,0,1,0.04
7604975079629344013,noahjamesshops,2026-02-09,,No Transcript,0.0,0,1008,3,0,3,0.298
7604982405031529758,diane.smc,2026-02-09,,No Transcript,0.0,0,1090,18,0,18,1.651
7604984516976938253,risazona,2026-02-09,,No Transcript,0.0,0,6331,3,0,3,0.047
7604986009364745486,saltyshoreadventures,2026-02-09,,No Transcript,0.0,0,902,1,0,1,0.111
7604994284453940493,makaylasargent13,2026-02-09,,No Transcript,0.0,0,418,9,0,9,2.153
7605009861906140429,dreamminis,2026-02-09,,No Transcript,0.0,0,1671,0,0,0,0.0
7605010694764776717,dreamminis,2026-02-09,,No Transcript,0.0,0,1802,1,0,1,0.055
7605012459312680205,idabeauty.bali,2026-02-09,,No Transcript,0.0,0,290,6,1,7,2.414
7605015631884291342,householdofotis,2026-02-09,,No Transcript,0.0,0,487,0,0,0,0.0
7605016295188270366,bonzai_deals,2026-02-10,,No Transcript,0.0,0,770,6,0,6,0.779
7605016801109380366,householdofotis,2026-02-09,,No Transcript,0.0,0,1200,0,0,0,0.0
7605017107096489229,householdofotis,2026-02-09,,No Transcript,0.0,0,656,0,0,0,0.0
7605022845231566110,david.diy88,2026-02-10,,No Transcript,0.0,0,1376,1,0,1,0.073
7605029980015217950,notbrannt,2026-02-10,,No Transcript,0.0,0,2950,0,0,0,0.0
7605036363435576606,shashasvoice,2026-02-10,,No Transcript,0.0,0,1857,32,7,39,2.1
7605053147794459934,dave_mvc55,2026-02-10,,No Transcript,0.0,0,1650,4,0,4,0.242
7605053457090825502,marilachichi1,2026-02-10,,No Transcript,0.0,0,12515,207,4,211,1.686
7605055812695788831,certifiedshopperr,2026-02-10,,No Transcript,0.0,0,6889,2,0,2,0.029
7605069893897161997,pdakdeals,2026-02-10,,No Transcript,0.0,0,13,0,0,0,0.0
7605070264581229838,pdakdeals,2026-02-10,,No Transcript,0.0,0,41,0,0,0,0.0
7605070471373147405,pdakdeals,2026-02-10,,No Transcript,0.0,0,18,0,0,0,0.0
7605070761283439885,pdakdeals,2026-02-10,,No Transcript,0.0,0,17,0,0,0,0.0
7605075390746479903,kels.oconnor,2026-02-10,,No Transcript,0.0,0,1291,2,0,2,0.155
7605097048194452750,noahjamesshops,2026-02-10,,No Transcript,0.0,0,656,2,0,2,0.305
7605097081023286542,noahjamesshops,2026-02-10,,No Transcript,0.0,0,759,3,0,3,0.395
7605119280014806302,householdofotis,2026-02-10,,No Transcript,0.0,0,1260,0,0,0,0.0
7605219742084861215,martinezzz5o3,2026-02-10,,No Transcript,0.0,0,646,1,0,1,0.155
7605232069148429598,roxannee0333,2026-02-10,,No Transcript,0.0,0,612,2,0,2,0.327
7605232476297973006,mrs.kbhy,2026-02-10,,No Transcript,0.0,0,438,3,0,3,0.685
7605234890652634382,kaylynt89,2026-02-10,,No Transcript,0.0,0,2287,12,1,13,0.568
7605261695497375006,kbeautymom75,2026-02-10,,No Transcript,0.0,0,2057,24,3,27,1.313
7605277937885121806,blessedandoutnumbered,2026-02-10,,No Transcript,0.0,0,1298,4,0,4,0.308
7605278595585527070,mindsethacked,2026-02-10,,No Transcript,0.0,0,691,0,0,0,0.0
7605290587671072031,joereignsss,2026-02-10,,No Transcript,0.0,0,6161,5,0,5,0.081
7605292556963941663,bmoneys.finds,2026-02-10,,No Transcript,0.0,0,1502,0,0,0,0.0
7605294584758816030,steff__bell,2026-02-10,,No Transcript,0.0,0,1571,3,0,3,0.191
7605295097361501471,mybestintentions,2026-02-10,,No Transcript,0.0,0,2006,5,0,5,0.249
7605296033433799967,steff__bell,2026-02-10,,No Transcript,0.0,0,740,1,0,1,0.135
7605315441619242270,householdofotis,2026-02-10,,No Transcript,0.0,0,864,1,0,1,0.116
7605324949531675934,crystalvrussell,2026-02-10,,No Transcript,0.0,0,1259,0,0,0,0.0
7605333136838331662,briaxnycole,2026-02-10,,No Transcript,0.0,0,847,1,0,1,0.118
7605344735783374093,thebenderfam24,2026-02-10,,No Transcript,0.0,0,0,0,0,0,0
7605345035499900174,thebenderfam24,2026-02-10,,No Transcript,0.0,0,1084,11,0,11,1.015
7605357426799332639,peglegproductreviews,2026-02-10,,No Transcript,0.0,0,4391,2,0,2,0.046
7605362007520447775,papifindss,2026-02-10,,No Transcript,0.0,0,1093,0,0,0,0.0
7605362703107984671,branntski,2026-02-10,,No Transcript,0.0,0,2017,5,0,5,0.248
7605363361982762254,jerryfindss,2026-02-10,,No Transcript,0.0,0,1643,2,0,2,0.122
7605363811343666463,notbrannt,2026-02-10,,No Transcript,0.0,0,1670,1,0,1,0.06
7605364144602107166,bmoneys.finds,2026-02-10,,No Transcript,0.0,0,870,0,0,0,0.0
7605373409429654814,shopwithbash,2026-02-10,,No Transcript,0.0,0,2289,0,0,0,0.0
7605375291724238093,naomiscribner,2026-02-11,,No Transcript,0.0,0,1396,0,0,0,0.0
7605391182541212942,thebenderfam24,2026-02-11,,No Transcript,0.0,0,1213,8,0,8,0.66
7605393451085040910,dannyscloudcatalog,2026-02-11,,No Transcript,0.0,0,989,0,0,0,0.0
7605399271667469598,jenishamom09,2026-02-11,,No Transcript,0.0,0,1042,48,1,49,4.702
7605399438844071182,diabolical.danny,2026-02-11,,No Transcript,0.0,0,776,5,0,5,0.644
7605401032897678606,,2026-02-11,,No Transcript,0.0,0,5595,0,0,0,0.0
7605417955068857631,officialbaldeagle,2026-02-11,,No Transcript,0.0,0,846,3,0,3,0.355
7605421909680868622,mystilda757,2026-02-11,,No Transcript,0.0,0,582,4,1,5,0.859
7605424281501093134,saltyshoreadventures,2026-02-11,,No Transcript,0.0,0,1110,3,0,3,0.27
7605449238700461343,kriscont,2026-02-11,,No Transcript,0.0,0,3645,8,0,8,0.219
7605457256502676766,macrosandmovement,2026-02-11,,No Transcript,0.0,0,639,1,0,1,0.156
7605460941752339725,gloriakim50,2026-02-11,,No Transcript,0.0,0,104,2,0,2,1.923
7605462866124147982,findmodetime,2026-02-11,,No Transcript,0.0,0,375,3,2,5,1.333
7605463017446313229,gloriakim50,2026-02-11,,No Transcript,0.0,0,152,1,0,1,0.658
7605466320993307918,igotitontiktokshop,2026-02-11,,No Transcript,0.0,0,50,1,0,1,2.0
7605469435259899167,queenyemen21,2026-02-11,,No Transcript,0.0,0,1679,2,0,2,0.119
7605478046841195807,sahmomtalk,2026-02-11,,No Transcript,0.0,0,642,10,0,10,1.558
7605484288582192414,jerryfindss,2026-02-11,,No Transcript,0.0,0,742,0,0,0,0.0
7605485951686561055,queenyemen21,2026-02-11,,No Transcript,0.0,0,4398,2,0,2,0.045
7605499865719737614,noahjamesshops,2026-02-11,,No Transcript,0.0,0,311,0,0,0,0.0
7605556992232525087,therusticpixie,2026-02-11,,No Transcript,0.0,0,1355,10,0,10,0.738
7605600890904431902,ugcbyshakara,2026-02-11,,No Transcript,0.0,0,665,2,0,2,0.301
7605610747015499021,dreamminis,2026-02-11,,No Transcript,0.0,0,1419,1,0,1,0.07
7605621275704282381,heydalshy,2026-02-11,,No Transcript,0.0,0,759,5,0,5,0.659
7605640863393385741,suzanne2198,2026-02-11,,No Transcript,0.0,0,4942,37,5,42,0.85
7605644966060100878,saltyshoreadventures,2026-02-11,,No Transcript,0.0,0,966,3,0,3,0.311
7605652201553300766,tiffanyleann1.0,2026-02-11,,No Transcript,0.0,0,1098,13,3,16,1.457
7605661703803571486,jerricaconrad,2026-02-11,,No Transcript,0.0,0,336,6,1,7,2.083
7605662020800695582,jerricaconrad,2026-02-12,,No Transcript,0.0,0,417,6,0,6,1.439
7605664203419979021,jenniseymour,2026-02-11,,No Transcript,0.0,0,1601,22,3,25,1.562
7605668170187296014,afro_doc,2026-02-11,,No Transcript,0.0,0,751,11,1,12,1.598
7605673701354261790,papifindss,2026-02-11,,No Transcript,0.0,0,1593,1,0,1,0.063
7605676129768230174,izzyfromgermany,2026-02-11,,No Transcript,0.0,0,992,1,0,1,0.101
7605677770240265503,stepietram,2026-02-11,,No Transcript,0.0,0,476,15,2,17,3.571
7605679704074374413,sunita.thapa922,2026-02-11,,No Transcript,0.0,0,1093,15,2,17,1.555
7605680472521280799,shopwithbash,2026-02-11,,No Transcript,0.0,0,1489,0,0,0,0.0
7605698812912585997,brittaz1123,2026-02-11,,No Transcript,0.0,0,12,0,0,0,0.0
7605717164070325518,brittaz1123,2026-02-11,,No Transcript,0.0,0,730,9,2,11,1.507
7605717399903489310,branntski,2026-02-11,,No Transcript,0.0,0,389,1,0,1,0.257
7605717586352868638,bmoneys.finds,2026-02-11,,No Transcript,0.0,0,574,0,0,0,0.0
7605717990864080158,jerryfindss,2026-02-11,,No Transcript,0.0,0,792,0,0,0,0.0
7605731443515378958,penny.renee,2026-02-11,,No Transcript,0.0,0,603,4,0,4,0.663
7605734665877458190,samjajo1992,2026-02-11,,No Transcript,0.0,0,272,4,0,4,1.471
7605746451070635294,legitorshitreviews,2026-02-11,,No Transcript,0.0,0,515,4,0,4,0.777
7605753661993585933,isabelocuenta,2026-02-11,,No Transcript,0.0,0,117,4,1,5,4.274
7605765722026822942,dave_mvc55,2026-02-12,,No Transcript,0.0,0,506,7,1,8,1.581
7605770286453001502,bmix1977,2026-02-12,,No Transcript,0.0,0,98,3,0,3,3.061
7605782088012352781,barehandsbigfaith,2026-02-12,,No Transcript,0.0,0,732,6,1,7,0.956
7605792415928110350,karissa.survives.it.all,2026-02-12,,No Transcript,0.0,0,684,1,0,1,0.146
7605803772782087454,jyoti_karkee,2026-02-12,,No Transcript,0.0,0,87,7,1,8,9.195
7605819543746792718,try_it.first,2026-02-11,,No Transcript,0.0,0,4,0,0,0,0.0
7605822331784596749,scrunchy_momsense,2026-02-11,,No Transcript,0.0,0,0,0,0,0,0
7605823559855901966,scrunchy_momsense,2026-02-12,,No Transcript,0.0,0,75,5,2,7,9.333
7605845898731556110,emeraldfinds777,2026-02-12,,No Transcript,0.0,0,434,2,0,2,0.461
7605846104961223950,emeraldfinds777,2026-02-12,,No Transcript,0.0,0,134,0,0,0,0.0
7605846271483464973,emeraldfinds777,2026-02-12,,No Transcript,0.0,0,273,0,0,0,0.0
7605846428740488461,emeraldfinds777,2026-02-12,,No Transcript,0.0,0,503,2,0,2,0.398
7605847106644954398,misslunabayy,2026-02-12,,No Transcript,0.0,0,892,32,4,36,4.036
7605861676105075981,juangonzalezajanel,2026-02-12,,No Transcript,0.0,0,477,5,1,6,1.258
7605866225595419918,tt.shop.fab.finds,2026-02-12,,No Transcript,0.0,0,343,0,0,0,0.0
7605957384460160270,biohackingfinds,2026-02-12,,No Transcript,0.0,0,339,2,0,2,0.59
7605964980957089037,megngriswold,2026-02-12,,No Transcript,0.0,0,336,5,5,10,2.976
7605985969203842318,jerryfindss,2026-02-12,,No Transcript,0.0,0,1583,0,0,0,0.0
7606002467444149534,dealswithpablo,2026-02-12,,No Transcript,0.0,0,1311,7,0,7,0.534
7606034987824975135,busyboymomamanda,2026-02-12,,No Transcript,0.0,0,1386,5,1,6,0.433
7606051142543346958,katefaithandfashion,2026-02-12,,No Transcript,0.0,0,400,2,0,2,0.5
7606069101441715470,justjessie.duh,2026-02-12,,No Transcript,0.0,0,1119,0,0,0,0.0
7606070333526838542,justjessie.duh,2026-02-12,,No Transcript,0.0,0,911,21,0,21,2.305
7606072433530998029,mrs.alex_learnandplay,2026-02-12,,No Transcript,0.0,0,4473,13,1,14,0.313
7606073136408186126,bpsdailydeals,2026-02-12,,No Transcript,0.0,0,305,1,0,1,0.328
7606084752222833933,inkazwetrust,2026-02-12,,No Transcript,0.0,0,0,0,0,0,0
7606086506171731214,inkazwetrust,2026-02-12,,No Transcript,0.0,0,767,1,0,1,0.13
7606092614349098270,aliandlexitwins,2026-02-12,,No Transcript,0.0,0,192,2,0,2,1.042
7606103173501078798,onedopepawpaw,2026-02-12,,No Transcript,0.0,0,765,0,2,2,0.261
7606107030532738334,thatmidlifeglow,2026-02-12,,No Transcript,0.0,0,804,6,0,6,0.746
7606118331665485087,autobrush,2026-02-12,,No Transcript,0.0,0,7,0,0,0,0.0
7606121347885911326,iluv_animationoffers,2026-02-12,,No Transcript,0.0,0,608,0,0,0,0.0
7606131123466374413,gustafreviews,2026-02-12,,No Transcript,0.0,0,1370,1,0,1,0.073
7606136558848052493,makaylasargent13,2026-02-13,,No Transcript,0.0,0,1008,13,2,15,1.488
7606138248775126285,shopwithvalhoney,2026-02-13,,No Transcript,0.0,0,807,10,1,11,1.363
7606149624964861198,onedopepawpaw,2026-02-13,,No Transcript,0.0,0,67,0,0,0,0.0
7606152170030845214,amy_gracegrace,2026-02-13,,No Transcript,0.0,0,159,0,0,0,0.0
7606163110986124574,householdofotis,2026-02-13,,No Transcript,0.0,0,495,1,0,1,0.202
7606188039852838174,officialcamm,2026-02-13,,No Transcript,0.0,0,973,1,0,1,0.103
7606193108304301326,karissa.survives.it.all,2026-02-13,,No Transcript,0.0,0,575,2,1,3,0.522
7606206368709709070,realelenadiaz,2026-02-13,,No Transcript,0.0,0,180,4,0,4,2.222
7606207315687050510,realelenadiaz,2026-02-13,,No Transcript,0.0,0,214,1,0,1,0.467
7606215778995686687,dulceemamii,2026-02-13,,No Transcript,0.0,0,1729,9,5,14,0.81
7606385127161122062,leyanimartinez87,2026-02-13,,No Transcript,0.0,0,78,3,0,3,3.846
7606413487488732430,saltyshoreadventures,2026-02-13,,No Transcript,0.0,0,767,5,0,5,0.652
7606432259217968414,nicoalianiello,2026-02-13,,No Transcript,0.0,0,11781,83,4,87,0.738
7606433291910139167,antshopz,2026-02-13,,No Transcript,0.0,0,729,1,0,1,0.137
7606444419851603230,theresaerika_,2026-02-13,,No Transcript,0.0,0,8662,18,0,18,0.208
7606447082085387550,theicydyeco,2026-02-13,,No Transcript,0.0,0,3952,7,0,7,0.177
7606474359351332109,leonelxandres,2026-02-13,,No Transcript,0.0,0,2782,5,0,5,0.18
7606477414717345038,amy_approved,2026-02-13,,No Transcript,0.0,0,551,6,2,8,1.452
7606477642442755342,saltyshoreadventures,2026-02-13,,No Transcript,0.0,0,340,2,0,2,0.588
7606477679096827167,patiencet50,2026-02-13,,No Transcript,0.0,0,597,23,4,27,4.523
7606499280366472479,izzyfromgermany,2026-02-13,,No Transcript,0.0,0,943,7,0,7,0.742
7606499726388677919,rosanyalex,2026-02-13,,No Transcript,0.0,0,182,9,0,9,4.945
7606531827313970463,amber.guttilla,2026-02-14,,No Transcript,0.0,0,1069,4,0,4,0.374
7606584708738141453,karissa.survives.it.all,2026-02-14,,No Transcript,0.0,0,0,0,0,0,0
7606584981476904205,karissa.survives.it.all,2026-02-14,,No Transcript,0.0,0,842,1,0,1,0.119
7606590901476953374,get_it_redd,2026-02-14,,No Transcript,0.0,0,698,18,5,23,3.295
7606591702668807455,tt.shop.fab.finds,2026-02-14,,No Transcript,0.0,0,478,0,0,0,0.0
7606592321970310430,tt.shop.fab.finds,2026-02-14,,No Transcript,0.0,0,507,0,0,0,0.0
7606639120454274334,karstenmatthews,2026-02-14,,No Transcript,0.0,0,1773,3,0,3,0.169
7606706754746977550,julie.remazz.1,2026-02-14,,No Transcript,0.0,0,1543,2,0,2,0.13
7606707220276972814,moefindsdeals,2026-02-14,,No Transcript,0.0,0,28,0,0,0,0.0
7606707471020821774,julie.remazz.1,2026-02-14,,No Transcript,0.0,0,859,1,0,1,0.116
7606708823092399374,moefindsdeals,2026-02-14,,No Transcript,0.0,0,92,0,0,0,0.0
7606717653457046815,froglegsdiva,2026-02-14,,No Transcript,0.0,0,1495,15,1,16,1.07
7606719023409122574,moefindsdeals,2026-02-14,,No Transcript,0.0,0,63,1,0,1,1.587
7606729015717580063,sweethomesavanna,2026-02-14,,No Transcript,0.0,0,9770,42,1,43,0.44
7606757143395568909,sixxsavings,2026-02-14,,No Transcript,0.0,0,3642,0,0,0,0.0
7606757343153409294,sixxsavings,2026-02-14,,No Transcript,0.0,0,1147,0,0,0,0.0
7606773670270323981,jenniseymour,2026-02-14,,No Transcript,0.0,0,763,11,0,11,1.442
7606777630708223246,leonelxandres,2026-02-14,,No Transcript,0.0,0,1902,6,0,6,0.315
7606788011208019230,amandabridges90,2026-02-15,,No Transcript,0.0,0,978,4,1,5,0.511
7606796801546407198,bpsdailydeals,2026-02-14,,No Transcript,0.0,0,224,1,0,1,0.446
7606799666759339295,shopbypete,2026-02-14,,No Transcript,0.0,0,1235,0,0,0,0.0
7606800821426081055,shopbypete,2026-02-14,,No Transcript,0.0,0,1165,0,0,0,0.0
7606801738263285023,shopbypete,2026-02-14,,No Transcript,0.0,0,1412,0,0,0,0.0
7606802495620287775,shopbypete,2026-02-14,,No Transcript,0.0,0,940,0,0,0,0.0
7606803261877669150,shopbypete,2026-02-14,,No Transcript,0.0,0,1368,0,0,0,0.0
7606808256106810654,karstenmatthews,2026-02-14,,No Transcript,0.0,0,1494,1,0,1,0.067
7606820529693134093,willzzshop,2026-02-14,,No Transcript,0.0,0,11895,51,2,53,0.446
7606826587908033822,sole.search.era,2026-02-14,,No Transcript,0.0,0,423,3,0,3,0.709
7606833640932150558,noahjamesshops,2026-02-14,,No Transcript,0.0,0,486,2,0,2,0.412
7606844540355382542,munchiesandmanis,2026-02-14,,No Transcript,0.0,0,5422,7,2,9,0.166
7606869699065859359,kels.oconnor,2026-02-14,,No Transcript,0.0,0,40,1,0,1,2.5
7606875205935385886,tt.shop.fab.finds,2026-02-15,,No Transcript,0.0,0,1203,0,0,0,0.0
7606875779221228830,tt.shop.fab.finds,2026-02-15,,No Transcript,0.0,0,1556,1,0,1,0.064
7606888059325517086,lovechaos85,2026-02-15,,No Transcript,0.0,0,1977,9,6,15,0.759
7606917816284957983,awatifsworld,2026-02-15,,No Transcript,0.0,0,4864,14,1,15,0.308
7606925777371811085,tibourik10,2026-02-15,,No Transcript,0.0,0,37,2,0,2,5.405
7606943168306695437,sierralwest,2026-02-15,,No Transcript,0.0,0,614,10,0,10,1.629
7606946332313406733,shesdreadanielle,2026-02-15,,No Transcript,0.0,0,2438,11,6,17,0.697
7606946524500659487,savewithyourfave,2026-02-15,,No Transcript,0.0,0,202,1,0,1,0.495
7606961367479766285,jaclynchristine86,2026-02-15,,No Transcript,0.0,0,159,1,1,2,1.258
7607078136882285855,dealsbybrent,2026-02-15,,No Transcript,0.0,0,541,3,0,3,0.555
7607090407998098718,justsheila25,2026-02-15,,No Transcript,0.0,0,636,1,0,1,0.157
7607099030987885855,saadalovely,2026-02-15,,No Transcript,0.0,0,665,0,0,0,0.0
7607100681937374477,megngriswold,2026-02-15,,No Transcript,0.0,0,1170,8,6,14,1.197
7607103154982751518,mindsethacked,2026-02-15,,No Transcript,0.0,0,933,0,0,0,0.0
7607148747520249119,itsjustrhirhi,2026-02-15,,No Transcript,0.0,0,1269,9,0,9,0.709
7607155372385750285,karissa.survives.it.all,2026-02-17,,No Transcript,0.0,0,718,2,0,2,0.279
7607162779392298253,,2026-02-15,,No Transcript,0.0,0,627,13,0,13,2.073
7607166073388993806,antshopz,2026-02-15,,No Transcript,0.0,0,492,4,0,4,0.813
7607175834926959903,stephanie_jaleen,2026-02-15,,No Transcript,0.0,0,1047,5,0,5,0.478
7607184905532935455,kaylamarie828,2026-02-15,,No Transcript,0.0,0,974,3,0,3,0.308
7607215926295022879,shainabytheshore,2026-02-15,,No Transcript,0.0,0,892,17,0,17,1.906
7607216347939884318,gretchen_sahm,2026-02-15,,No Transcript,0.0,0,669,7,1,8,1.196
7607221981657812255,unemployed.gary,2026-02-15,,No Transcript,0.0,0,967,0,0,0,0.0
7607222378979937567,unemployed.gary,2026-02-15,,No Transcript,0.0,0,353,0,0,0,0.0
7607222562753383711,unemployed.gary,2026-02-15,,No Transcript,0.0,0,275,0,0,0,0.0
7607222827527261471,unemployed.gary,2026-02-15,,No Transcript,0.0,0,1322,2,2,4,0.303
7607223655080168717,itz.nattty4,2026-02-15,,No Transcript,0.0,0,119,3,0,3,2.521
7607232594517724446,kels.oconnor,2026-02-15,,No Transcript,0.0,0,1813,5,0,5,0.276
7607244620275174686,jacqueleigh09,2026-02-15,,No Transcript,0.0,0,38,1,0,1,2.632
7607247241752907022,themomfast,2026-02-16,,No Transcript,0.0,0,374,0,0,0,0.0
7607247660432542989,themomfast,2026-02-16,,No Transcript,0.0,0,175,0,0,0,0.0
7607248139392699662,themomfast,2026-02-16,,No Transcript,0.0,0,119,0,0,0,0.0
7607248973627133215,stephanie_jaleen,2026-02-16,,No Transcript,0.0,0,707,5,0,5,0.707
7607251453513616671,savewithyourfave,2026-02-16,,No Transcript,0.0,0,318,1,0,1,0.314
7607255620915367198,millenialmusthaves777,2026-02-16,,No Transcript,0.0,0,322,2,0,2,0.621
7607261819220053278,amandabridges90,2026-02-16,,No Transcript,0.0,0,1243,5,0,5,0.402
7607263468974116110,katysparties,2026-02-16,,No Transcript,0.0,0,29582,76,1,77,0.26
7607275137770982669,anaisgarmendia_arte,2026-02-16,,No Transcript,0.0,0,951,26,2,28,2.944
7607285835880303885,tt.shop.fab.finds,2026-02-16,,No Transcript,0.0,0,291,0,0,0,0.0
7607290706066951455,redheadreviewstts,2026-02-16,,No Transcript,0.0,0,5,0,0,0,0.0
7607290810702335262,redheadreviewstts,2026-02-16,,No Transcript,0.0,0,4,0,0,0,0.0
7607290907758562590,redheadreviewstts,2026-02-16,,No Transcript,0.0,0,68,2,0,2,2.941
7607296631259630879,officialcamm,2026-02-16,,No Transcript,0.0,0,387,0,0,0,0.0
7607299019823385887,johnsshop24,2026-02-16,,No Transcript,0.0,0,694,0,0,0,0.0
7607303123924684062,beautyashnc,2026-02-16,,No Transcript,0.0,0,700,4,0,4,0.571
7607310974944677150,chasitytrainpretty,2026-02-16,,No Transcript,0.0,0,663,4,0,4,0.603
7607312765434301710,wendymontenegro32,2026-02-16,,No Transcript,0.0,0,1879,11,1,12,0.639
7607326782378839327,zacpierce_tech_men_home,2026-02-16,,No Transcript,0.0,0,2258,8,1,9,0.399
7607328362255748366,kroks.and.socks.o,2026-02-16,,No Transcript,0.0,0,747,2,1,3,0.402
7607344407691431182,petit_chaud21,2026-02-16,,No Transcript,0.0,0,1484,9,2,11,0.741
7607347706838650125,noahjamesshops,2026-02-16,,No Transcript,0.0,0,572,5,0,5,0.874
7607349911977200927,thatepoxychick,2026-02-16,,No Transcript,0.0,0,1007,158,1,159,15.789
7607481083973684511,zachmethod,2026-02-16,,No Transcript,0.0,0,1354,0,0,0,0.0
7607486552817569055,mindsethacked,2026-02-16,,No Transcript,0.0,0,761,0,0,0,0.0
7607498412480711966,mariayalaa12,2026-02-16,,No Transcript,0.0,0,642,5,0,5,0.779
7607504008718093598,shopwithnikkilynn,2026-02-16,,No Transcript,0.0,0,1105,4,0,4,0.362
7607510655435951391,kaylamarie.official,2026-02-16,,No Transcript,0.0,0,998,1,0,1,0.1
7607534024021658911,viralfindshub5,2026-02-16,,No Transcript,0.0,0,1926,2,0,2,0.104
7607539037729082654,mandira.karki44,2026-02-16,,No Transcript,0.0,0,334,16,3,19,5.689
7607545599486856461,blessedandoutnumberedx5,2026-02-16,,No Transcript,0.0,0,566,1,0,1,0.177
7607550535910034701,heyitsjewelz,2026-02-16,,No Transcript,0.0,0,588,6,0,6,1.02
7607558352654044447,brokenfrenchfries,2026-02-17,,No Transcript,0.0,0,657,6,0,6,0.913
7607581887170645279,officialcamm,2026-02-16,,No Transcript,0.0,0,692,0,0,0,0.0
7607582277853351199,abby.mama.wife.books,2026-02-16,,No Transcript,0.0,0,286,6,2,8,2.797
7607583125517929759,officialcamm,2026-02-16,,No Transcript,0.0,0,1333,3,0,3,0.225
7607584249016864030,erikacarreonq,2026-02-16,,No Transcript,0.0,0,265,2,0,2,0.755
7607587518518660366,maya2bachakoratimro,2026-02-16,,No Transcript,0.0,0,425,31,10,41,9.647
7607592725830962445,dillanmatute22,2026-02-16,,No Transcript,0.0,0,136,2,0,2,1.471
7607598796876303630,dailydealboutique,2026-02-16,,No Transcript,0.0,0,856,0,0,0,0.0
7607599694818200845,dailydealboutique,2026-02-16,,No Transcript,0.0,0,398,0,0,0,0.0
7607600879134330126,dailydealboutique,2026-02-16,,No Transcript,0.0,0,1390,1,0,1,0.072
7607607653539384606,kels.oconnor,2026-02-16,,No Transcript,0.0,0,1833,9,0,9,0.491
7607609668050963726,dailydealboutique,2026-02-16,,No Transcript,0.0,0,822,0,0,0,0.0
7607610370206813470,nchapp,2026-02-16,,No Transcript,0.0,0,1320,2,0,2,0.152
7607623709976988958,shellshellmitchell,2026-02-17,,No Transcript,0.0,0,378,1,0,1,0.265
7607651982500809998,joyintheordinary,2026-02-16,,No Transcript,0.0,0,0,0,0,0,0
7607652985400790303,classyview7,2026-02-17,,No Transcript,0.0,0,668,0,0,0,0.0
7607653243832864014,blessedandoutnumberedx5,2026-02-17,,No Transcript,0.0,0,126,3,0,3,2.381
7607654547128978701,joyintheordinary,2026-02-16,,No Transcript,0.0,0,28,0,0,0,0.0
7607655609139285279,bashbuysstuff,2026-02-17,,No Transcript,0.0,0,1666,0,0,0,0.0
7607656996031974670,blessedandoutnumberedx5,2026-02-17,,No Transcript,0.0,0,151,4,1,5,3.311
7607659629316803853,blessedandoutnumberedx5,2026-02-17,,No Transcript,0.0,0,342,7,0,7,2.047
7607665928142195998,nellyacevedo,2026-02-17,,No Transcript,0.0,0,253,12,4,16,6.324
7607667130003246349,joyintheordinary,2026-02-17,,No Transcript,0.0,0,399,6,1,7,1.754
7607671668739263757,munchiesandmanis,2026-02-17,,No Transcript,0.0,0,257,6,3,9,3.502
7607674860172594463,johnsshop24,2026-02-17,,No Transcript,0.0,0,544,0,0,0,0.0
7607680110698827039,jordanhughes3991,2026-02-17,,No Transcript,0.0,0,736,24,0,24,3.261
7607686705348480286,katemoneygrower,2026-02-17,,No Transcript,0.0,0,655,2,0,2,0.305
7607697940181732622,s0lana,2026-02-16,,No Transcript,0.0,0,45,0,0,0,0.0
7607712640827182366,cody.og,2026-02-17,,No Transcript,0.0,0,381,1,0,1,0.262
7607714731486367006,karlajones36,2026-02-17,,No Transcript,0.0,0,858,6,3,9,1.049
7607716370179951902,ashleyutahmom,2026-02-17,,No Transcript,0.0,0,628,35,4,39,6.21
7607802960956935454,katemoneygrower,2026-02-17,,No Transcript,0.0,0,842,1,0,1,0.119
7607841609920564511,theicydyeco,2026-02-17,,No Transcript,0.0,0,991,20,0,20,2.018
7607842507774381342,lovechaos85,2026-02-17,,No Transcript,0.0,0,458,7,5,12,2.62
7607842866437623054,fixed_mycrown,2026-02-17,,No Transcript,0.0,0,715,9,0,9,1.259
7607859802068307214,s0lana,2026-02-17,,No Transcript,0.0,0,0,0,0,0,0
7607861850641911054,kendalltshoppicks,2026-02-17,,No Transcript,0.0,0,541,5,0,5,0.924
7607896385551158542,coinringmaker.com,2026-02-17,,No Transcript,0.0,0,813,1,1,2,0.246
7607901545190984974,allyssa_manning,2026-02-17,,No Transcript,0.0,0,403,5,3,8,1.985
7607920699675610382,myshoppov,2026-02-17,,No Transcript,0.0,0,1109,0,0,0,0.0
7607931458090503438,franklin_thebulldog,2026-02-17,,No Transcript,0.0,0,602,3,0,3,0.498
7607937549184568589,protipvault,2026-02-17,,No Transcript,0.0,0,1476,3,0,3,0.203
7607937598274784526,somo.mama,2026-02-19,,No Transcript,0.0,0,836,6,1,7,0.837
7607940077284494605,somo.mama,2026-02-19,,No Transcript,0.0,0,1045,12,0,12,1.148
7607942627060763918,somo.mama,2026-02-21,,No Transcript,0.0,0,2273,15,0,15,0.66
7607944676728999182,somo.mama,2026-02-23,,No Transcript,0.0,0,874,8,0,8,0.915
7607951123407736094,geetapoudyel41,2026-02-17,,No Transcript,0.0,0,665,18,0,18,2.707
7607954354078878990,s0lana,2026-02-17,,No Transcript,0.0,0,2351,24,2,26,1.106
7607956989854895391,savewithgh,2026-02-17,,No Transcript,0.0,0,1134,0,0,0,0.0
7607973171249171742,officialcamm,2026-02-17,,No Transcript,0.0,0,1162,1,0,1,0.086
7607974330949029151,gaspar.504,2026-02-17,,No Transcript,0.0,0,647,9,0,9,1.391
7607979297235635469,no_halo_here,2026-02-17,,No Transcript,0.0,0,1365,8,0,8,0.586
7607980374345501966,no_halo_here,2026-02-17,,No Transcript,0.0,0,726,2,1,3,0.413
7607985034468822285,hotmamafashionfinds,2026-02-17,,No Transcript,0.0,0,1582,54,3,57,3.603
7607989484898045215,monikareviews2,2026-02-18,,No Transcript,0.0,0,626,4,0,4,0.639
7607998866692082974,emilymomfinds,2026-02-18,,No Transcript,0.0,0,629,9,1,10,1.59
7608000454181637389,tt.shop.fab.finds,2026-02-18,,No Transcript,0.0,0,584,0,0,0,0.0
7608002721085459725,honestlyitsjessica,2026-02-18,,No Transcript,0.0,0,749,11,3,14,1.869
7608003409383345439,hannah_lynn_home,2026-02-18,,No Transcript,0.0,0,194,0,0,0,0.0
7608006832568765726,herline.badeau,2026-02-18,,No Transcript,0.0,0,59,5,0,5,8.475
7608008221936209183,rebeccatriedit,2026-02-18,,No Transcript,0.0,0,377,6,0,6,1.592
7608010087793265933,joyintheordinary,2026-02-17,,No Transcript,0.0,0,67,0,0,0,0.0
7608012039033802014,katemoneygrower,2026-02-18,,No Transcript,0.0,0,750,2,0,2,0.267
7608030122548989215,beautyashnc,2026-02-18,,No Transcript,0.0,0,660,4,0,4,0.606
7608030289134095647,johnsshop24,2026-02-18,,No Transcript,0.0,0,636,0,0,0,0.0
7608032854450113805,plussizebeautybestie,2026-02-18,,No Transcript,0.0,0,460,2,0,2,0.435
7608034023029378317,plussizebeautybestie,2026-02-18,,No Transcript,0.0,0,1015,0,0,0,0.0
7608037432897932557,joyintheordinary,2026-02-18,,No Transcript,0.0,0,369,10,0,10,2.71
7608041849281907999,iluv_animationoffers,2026-02-18,,No Transcript,0.0,0,573,0,0,0,0.0
7608046182689951006,joy_joyful_creations,2026-02-18,,No Transcript,0.0,0,671,1,0,1,0.149
7608064570015370510,shopwithem444,2026-02-18,,No Transcript,0.0,0,1207,7,1,8,0.663
7608072791245540621,hellobunky,2026-02-18,,No Transcript,0.0,0,1269,5,0,5,0.394
7608212757153860878,franklin_thebulldog,2026-02-18,,No Transcript,0.0,0,485,6,0,6,1.237
7608218641435249934,iamliz917,2026-02-18,,No Transcript,0.0,0,845,2,0,2,0.237
7608253708433886495,unwaveringhaven,2026-02-18,,No Transcript,0.0,0,695,5,0,5,0.719
7608272655132691743,meganttsaffliate,2026-02-18,Your kid will actually WANT to brush. If you,Bold Claim / Benefit,0.0,0,22953,0,19,19,0.083
7608285395427544350,prisenashop,2026-02-18,,No Transcript,0.0,0,1096,19,2,21,1.916
7608323478420327693,kroks.and.socks.o,2026-02-18,,No Transcript,0.0,0,1106,2,1,3,0.271
7608327382310685966,realelenadiaz,2026-02-18,,No Transcript,0.0,0,277,2,0,2,0.722
7608331152973171998,schmeglysrevenge,2026-02-18,,No Transcript,0.0,0,18248,47,2,49,0.269
7608332468789185822,jordantheodore,2026-02-18,,No Transcript,0.0,0,1090,12,1,13,1.193
7608343780579708190,trevsshopfinds,2026-02-18,,No Transcript,0.0,0,20,0,0,0,0.0
7608363857228090637,angela_leapyear,2026-02-19,,No Transcript,0.0,0,573,37,4,41,7.155
7608397024723045645,kayla.ttsfinds,2026-02-19,"If you haven't checked out AutoBrush for kids, you",Direct Audience Call-Out,0.0,0,3503,9,0,9,0.257
7608397903438138655,leilei.iiii,2026-02-19,,No Transcript,0.0,0,1261,4,0,4,0.317
7608399079315393823,joyintheordinary,2026-02-18,,No Transcript,0.0,0,0,0,0,0,0
7608399320466902285,tt.shop.fab.finds,2026-02-19,,No Transcript,0.0,0,249,0,0,0,0.0
7608399908718005535,nikasteward777,2026-02-19,,No Transcript,0.0,0,382,6,0,6,1.571
7608400144119139614,joyintheordinary,2026-02-18,,No Transcript,0.0,0,3,0,0,0,0.0
7608445554581900575,officialcamm,2026-02-19,,No Transcript,0.0,0,893,1,0,1,0.112
7608492858894454030,joyintheordinary,2026-02-19,,No Transcript,0.0,0,281,8,2,10,3.559
7608553203658935582,lifestyleathlete,2026-02-19,,No Transcript,0.0,0,325,2,1,3,0.923
7608604185629609247,leilei.iiii,2026-02-19,,No Transcript,0.0,0,883,2,0,2,0.227
7608616356375694605,sunnyjayrays,2026-02-19,,No Transcript,0.0,0,356,4,0,4,1.124
7608622395200523533,dancewithmeladie,2026-02-19,,No Transcript,0.0,0,1063,8,0,8,0.753
7608624174541573389,yeliramirez05,2026-02-19,,No Transcript,0.0,0,1019,8,5,13,1.276
7608632595978407181,franklin_thebulldog,2026-02-19,,No Transcript,0.0,0,1267,6,0,6,0.474
7608632725637057823,cookingbyha,2026-02-19,,No Transcript,0.0,0,20587,397,31,428,2.079
7608640715014376717,linzbuzzard,2026-02-19,,No Transcript,0.0,0,1842,27,5,32,1.737
7608669592587717919,thatmidlifeglow,2026-02-19,,No Transcript,0.0,0,600,10,0,10,1.667
7608705285531749662,thecontentfactor,2026-02-19,,No Transcript,0.0,0,0,0,0,0,0
7608705838215073055,thecontentfactor,2026-02-19,,No Transcript,0.0,0,645,0,0,0,0.0
7608713059745434911,thecontentfactor,2026-02-19,,No Transcript,0.0,0,0,0,0,0,0
7608713249953025311,thecontentfactor,2026-02-20,,No Transcript,0.0,0,1201,2,0,2,0.167
7608721145994546463,thecontentfactor,2026-02-21,,No Transcript,0.0,0,635,2,0,2,0.315
7608734374774852894,giazzilikeyahtzee,2026-02-20,,No Transcript,0.0,0,96,2,0,2,2.083
7608736006698814750,tt.shop.fab.finds,2026-02-20,,No Transcript,0.0,0,187,0,0,0,0.0
7608740579815525662,virgobosslady.ugc,2026-02-20,,No Transcript,0.0,0,855,3,0,3,0.351
7608775551909678367,esmercruz878,2026-02-20,,No Transcript,0.0,0,137,11,0,11,8.029
7608779912597523726,joyintheordinary,2026-02-19,,No Transcript,0.0,0,0,0,0,0,0
7608781866572827918,joyintheordinary,2026-02-20,,No Transcript,0.0,0,741,9,0,9,1.215
7608814777858559246,h.anner,2026-02-20,,No Transcript,0.0,0,222,5,0,5,2.252
7608941846487747854,hemamainali123,2026-02-20,,No Transcript,0.0,0,143,18,1,19,13.287
7608948416114117918,lifestyleathlete,2026-02-20,,No Transcript,0.0,0,836,1,0,1,0.12
7608948890812812558,tylermcghee_,2026-02-20,,No Transcript,0.0,0,1050,21,1,22,2.095
7608955631994785037,found_by_natalie,2026-02-20,,No Transcript,0.0,0,1391,6,2,8,0.575
7608963065752620318,diane.smc,2026-02-20,I just want to save my teeth. I just,Personal Story / POV,0.0,0,2645,5,0,5,0.189
7608987507178343693,franklin_thebulldog,2026-02-20,,No Transcript,0.0,0,265,0,0,0,0.0
7608987817158495502,selam.esu.2,2026-02-20,,No Transcript,0.0,0,798,17,0,17,2.13
7609015342500711710,get_it_redd,2026-02-20,,No Transcript,0.0,0,2099,36,7,43,2.049
7609028386001898765,lianet.soto.medin,2026-02-20,,No Transcript,0.0,0,254,5,0,5,1.969
7609079412629294349,franklin_thebulldog,2026-02-20,,No Transcript,0.0,0,4,0,0,0,0.0
7609084541709438238,officialcamm,2026-02-20,,No Transcript,0.0,0,567,0,0,0,0.0
7609163802759712031,purplefyres,2026-02-21,,No Transcript,0.0,0,3069,8,1,9,0.293
7609169608146242846,officialcamm,2026-02-21,,No Transcript,0.0,0,4150,1,0,1,0.024
7609246121235451166,mark0fay,2026-02-21,,No Transcript,0.0,0,1290,1,0,1,0.078
7609292166459870477,angela_leapyear,2026-02-21,,No Transcript,0.0,0,848,41,2,43,5.071
7609299122671111455,ancestralshowcase,2026-02-21,,No Transcript,0.0,0,165,4,0,4,2.424
7609303082534440223,ancestralshowcase,2026-02-21,,No Transcript,0.0,0,787,1,0,1,0.127
7609306074407095583,2minican_chika,2026-02-21,,No Transcript,0.0,0,597,2,0,2,0.335
7609355715710373150,rebeccatriedit,2026-02-21,,No Transcript,0.0,0,2640,5,2,7,0.265
7609359916523982111,uniquehousedeals,2026-02-21,,No Transcript,0.0,0,298,9,2,11,3.691
7609370057889631502,amanda.sahm3,2026-02-21,,No Transcript,0.0,0,190,2,0,2,1.053
7609378399596989726,lucys8049,2026-02-21,,No Transcript,0.0,0,829,17,0,17,2.051
7609383868650638605,mom35glowfind,2026-02-21,,No Transcript,0.0,0,1001,0,0,0,0.0
7609410202042928414,thebenderfam24,2026-02-21,,No Transcript,0.0,0,1501,9,0,9,0.6
7609412487032704287,kathyandkiddos,2026-02-21,,No Transcript,0.0,0,1494,3,0,3,0.201
7609426485228686605,marielaalmendares.1,2026-02-22,,No Transcript,0.0,0,1113,34,0,34,3.055
7609429885580283167,leilei.iiii,2026-02-21,,No Transcript,0.0,0,588,3,1,4,0.68
7609438349253823757,kerimburke8,2026-02-21,,No Transcript,0.0,0,1604,15,16,31,1.933
7609445174409694495,khinakhanal1,2026-02-21,,No Transcript,0.0,0,170,16,1,17,10.0
7609462919134219534,youknowitskellyjo,2026-02-21,,No Transcript,0.0,0,695,5,5,10,1.439
7609648958968778015,itsbrittaaaanyy,2026-02-22,,No Transcript,0.0,0,735,7,1,8,1.088
7609683898460540191,ancestralshowcase,2026-02-22,,No Transcript,0.0,0,265,1,0,1,0.377
7609692584771931422,beautyashnc,2026-02-22,,No Transcript,0.0,0,224,5,0,5,2.232
7609695822875233550,hailyvelez,2026-02-22,,No Transcript,0.0,0,334,8,0,8,2.395
7609696458442378527,beautyashnc,2026-02-22,,No Transcript,0.0,0,638,9,0,9,1.411
7609710352900656397,cassieaverytts,2026-02-22,,No Transcript,0.0,0,2439,8,0,8,0.328
7609729835946020127,giazzilikeyahtzee,2026-02-22,,No Transcript,0.0,0,760,5,0,5,0.658
7609731630160170271,familyfindsforless,2026-02-22,,No Transcript,0.0,0,801,1,0,1,0.125
7609769710040648990,wvangel304,2026-02-22,,No Transcript,0.0,0,138,2,0,2,1.449
7609789589074545950,themotherclucker,2026-02-22,,No Transcript,0.0,0,2153,6,0,6,0.279
7609874694975622413,joyintheordinary,2026-02-23,,No Transcript,0.0,0,256,8,0,8,3.125
7609977040078458143,jhanailsbynat,2026-02-23,,No Transcript,0.0,0,183,6,0,6,3.279
7609977358371605791,jhanailsbynat,2026-02-24,,No Transcript,0.0,0,830,8,2,10,1.205
7610022727424019743,ancestralshowcase,2026-02-23,,No Transcript,0.0,0,222,4,0,4,1.802
7610033727095246111,meghanehale,2026-02-23,,No Transcript,0.0,0,544,2,0,2,0.368
7610036048680340766,rbifamily,2026-02-23,,No Transcript,0.0,0,82,6,0,6,7.317
7610036814249839902,rbifamily,2026-02-23,,No Transcript,0.0,0,123,5,0,5,4.065
7610050988442930445,itsjustjessie21,2026-02-23,,No Transcript,0.0,0,1803,5,0,5,0.277
7610064987477921054,gretchen_sahm,2026-02-23,,No Transcript,0.0,0,1947,4,0,4,0.205
7610070645010976031,lovechaos85,2026-02-23,,No Transcript,0.0,0,1401,10,1,11,0.785
7610076829457616142,nanithapa50,2026-02-23,,No Transcript,0.0,0,527,11,2,13,2.467
7610080842479635725,themotherclucker,2026-02-23,,No Transcript,0.0,0,1097,0,0,0,0.0
7610083711404543262,rachel.strange,2026-02-23,,No Transcript,0.0,0,1613,6,0,6,0.372
7610085584744320286,lifewithmikeandlisa,2026-02-23,,No Transcript,0.0,0,1148,1,0,1,0.087
7610085785865440542,lifewithmikeandlisa,2026-02-23,,No Transcript,0.0,0,585,151,0,151,25.812
7610091076665363743,unwaveringhaven,2026-02-23,,No Transcript,0.0,0,1120,2,0,2,0.179
7610096901307796767,wvangel304,2026-02-23,,No Transcript,0.0,0,146,8,7,15,10.274
7610115461203758349,brittanyniccc,2026-02-23,,No Transcript,0.0,0,353,0,0,0,0.0
7610200332374740254,gretchen_sahm,2026-02-23,,No Transcript,0.0,0,1642,7,0,7,0.426
7610344673843940639,aolanamademebuyit,2026-02-24,,No Transcript,0.0,0,933,28,2,30,3.215
7610382872838524174,itsjustjessie21,2026-02-24,,No Transcript,0.0,0,991,11,0,11,1.11
7610429560986864910,kinglife1191,2026-02-24,,No Transcript,0.0,0,1729,266,1,267,15.442
7610456007872924959,genesisgonzalez1125,2026-02-24,,No Transcript,0.0,0,1643,5,1,6,0.365
7610458427889913101,christy_manci,2026-02-24,,No Transcript,0.0,0,8,0,0,0,0.0
7610459523890924813,christy_manci,2026-02-24,,No Transcript,0.0,0,26,0,0,0,0.0
7610461173095484686,christy_manci,2026-02-24,,No Transcript,0.0,0,107,0,0,0,0.0
7610462049423871245,christy_manci,2026-02-24,,No Transcript,0.0,0,88,0,0,0,0.0
7610470752403328287,selfcaremaxxing,2026-02-24,,No Transcript,0.0,0,735,4,0,4,0.544
7610472175186824462,amy.sahm.bsn,2026-02-24,,No Transcript,0.0,0,1410,6,2,8,0.567
7610473131840408846,christy_manci,2026-02-24,,No Transcript,0.0,0,44,0,0,0,0.0
7610508340258442509,franklin_thebulldog,2026-02-24,,No Transcript,0.0,0,994,12,0,12,1.207
7610535813268458782,sevenxsavings,2026-02-24,,No Transcript,0.0,0,989,0,0,0,0.0
7610535871183359262,sevenxsavings,2026-02-24,Here's how to get this on a triple discount.,Offer / Deal / Urgency,0.0,0,4213,1,0,1,0.024
7610535965056044319,sevenxsavings,2026-02-24,,No Transcript,0.0,0,1081,2,0,2,0.185
7610536123604929823,giazzilikeyahtzee,2026-02-24,,No Transcript,0.0,0,506,5,0,5,0.988
7610536202281798943,sevenxsavings,2026-02-24,,No Transcript,0.0,0,1156,1,0,1,0.087
7610539559042026765,happy_tiktokfinds,2026-02-24,,No Transcript,0.0,0,2791,4,0,4,0.143
7610543089802939679,tammiecole1,2026-02-24,,No Transcript,0.0,0,202,3,0,3,1.485
7610551115775511839,collabqueenacademy,2026-02-24,,No Transcript,0.0,0,154,1,0,1,0.649
7610555699537480974,franklin_thebulldog,2026-02-24,,No Transcript,0.0,0,398,3,0,3,0.754
7610558745092836621,shesninaalexander,2026-02-24,,No Transcript,0.0,0,2541,8,0,8,0.315
7610566006926298382,marielaalmendares.1,2026-02-24,,No Transcript,0.0,0,0,0,0,0,0
7610569890793000205,franciaberlus249,2026-02-24,,No Transcript,0.0,0,79,5,1,6,7.595
7610579030487682318,jcjustgotbetter,2026-02-24,,No Transcript,0.0,0,814,10,0,10,1.229
7610582076621901087,kels.oconnor,2026-02-24,,No Transcript,0.0,0,1209,6,0,6,0.496
7610582727582076174,rcandtechdude,2026-02-24,,No Transcript,0.0,0,491,3,0,3,0.611
7610585881279253774,curated.finds.by.morgan,2026-02-25,,No Transcript,0.0,0,115,1,0,1,0.87
7610592836832005390,ucjulie,2026-02-25,,No Transcript,0.0,0,240,16,2,18,7.5
7610605058081770782,kristenmcgalliard,2026-02-25,,No Transcript,0.0,0,1252,17,12,29,2.316
7610612149668367629,oh.hello.pretty,2026-02-25,,No Transcript,0.0,0,202,2,0,2,0.99
7610613326204194079,krissstttina,2026-02-25,,No Transcript,0.0,0,893,8,0,8,0.896
7610617939452038413,claulatte20,2026-02-25,,No Transcript,0.0,0,1572,17,0,17,1.081
7610625723182648606,flawlessbella0,2026-02-25,,No Transcript,0.0,0,420,13,0,13,3.095
7610635242432482573,reva_1972,2026-02-25,,No Transcript,0.0,0,45,1,0,1,2.222
7610637106280500493,reva_1972,2026-02-25,,No Transcript,0.0,0,58,3,0,3,5.172
7610638112590400781,lucysalinas3916,2026-02-25,,No Transcript,0.0,0,92,4,0,4,4.348
7610639432831601934,reva_1972,2026-02-25,,No Transcript,0.0,0,118,1,0,1,0.847
7610645940134890766,bondoc_53,2026-02-25,,No Transcript,0.0,0,835,4,0,4,0.479
7610667697243819277,shesninaalexander,2026-02-25,,No Transcript,0.0,0,1277,4,0,4,0.313
7610704127257038110,blingandaprayer,2026-02-25,,No Transcript,0.0,0,1268,11,2,13,1.025
7610717268552535326,eod.supply,2026-02-25,,No Transcript,0.0,0,313,0,0,0,0.0
7610717361531931934,eod.supply,2026-02-25,,No Transcript,0.0,0,364,1,0,1,0.275
7610717581665717534,eod.supply,2026-02-25,,No Transcript,0.0,0,117,0,0,0,0.0
7610717588468911391,eod.supply,2026-02-25,,No Transcript,0.0,0,122,0,0,0,0.0
7610799890800626957,samantha_turek,2026-02-25,,No Transcript,0.0,0,6220,12,1,13,0.209
7610809953959333133,lovelykanchi43,2026-02-25,,No Transcript,0.0,0,292,33,13,46,15.753
7610811390999170335,jeygoodvibes_,2026-02-25,,No Transcript,0.0,0,602,6,0,6,0.997
7610814377872198943,unwaveringhaven,2026-02-25,,No Transcript,0.0,0,698,1,0,1,0.143
7610819726821887263,angelivansolorz2,2026-02-25,,No Transcript,0.0,0,794,7,0,7,0.882
7610830279527189791,abby.mama.wife.books,2026-02-25,,No Transcript,0.0,0,794,7,2,9,1.134
7610834329719147790,trending0411,2026-02-25,,No Transcript,0.0,0,1414,1,1,2,0.141
7610836677409459470,trending0411,2026-02-25,,No Transcript,0.0,0,1324,0,0,0,0.0
7610844915697863967,mariannesaid,2026-02-25,,No Transcript,0.0,0,1192,7,0,7,0.587
7610867936328174878,ashtallman,2026-02-25,,No Transcript,0.0,0,0,0,0,0,0
7610868373219577119,homebody_hobbies,2026-02-25,,No Transcript,0.0,0,971,1,0,1,0.103
7610876919290023199,ashtallman,2026-02-25,,No Transcript,0.0,0,873,8,0,8,0.916
7610890042629803278,grantsdealz,2026-02-25,,No Transcript,0.0,0,2707,3,0,3,0.111
7610892099625520414,robertskay8,2026-02-25,,No Transcript,0.0,0,4836,2,0,2,0.041
7610912478003875085,brenna.tuckett,2026-02-25,,No Transcript,0.0,0,437,2,0,2,0.458
7610934700932205838,brandylgarcia,2026-02-25,,No Transcript,0.0,0,193,3,0,3,1.554
7610967582098722061,ashleyyyyywith5ys,2026-02-26,,No Transcript,0.0,0,464,14,0,14,3.017
7610971670651686158,brittaz1123,2026-02-26,,No Transcript,0.0,0,66,4,0,4,6.061
7610973039563459870,darinbassett,2026-02-26,,No Transcript,0.0,0,908,4,0,4,0.441
7610983861769489694,lovechaos85,2026-02-26,,No Transcript,0.0,0,147,3,1,4,2.721
7610988131948743966,tamie.lynn,2026-02-26,,No Transcript,0.0,0,1107,15,3,18,1.626
7610990528292769038,kenziefordham,2026-02-26,,No Transcript,0.0,0,220,1,1,2,0.909
7610995520768576782,kenziefordham,2026-02-26,,No Transcript,0.0,0,353,1,0,1,0.283
7611019905055460638,jenishamom09,2026-02-26,,No Transcript,0.0,0,1578,22,2,24,1.521
7611027415300623647,marcelyne14,2026-02-26,,No Transcript,0.0,0,149,19,2,21,14.094
7611030547334286606,slayyywayyy,2026-02-26,,No Transcript,0.0,0,803,4,0,4,0.498
7611050601178238239,camielovedson,2026-02-26,,No Transcript,0.0,0,115,8,1,9,7.826
7611205885435727135,cjdanforth,2026-02-26,,No Transcript,0.0,0,99,0,0,0,0.0
7611208373203193102,claulatte20,2026-02-26,,No Transcript,0.0,0,754,9,0,9,1.194
7611217624109681933,franklin_thebulldog,2026-02-26,,No Transcript,0.0,0,242,2,0,2,0.826
7611229130654321933,amanda.sahm3,2026-02-26,,No Transcript,0.0,0,314,2,0,2,0.637
7611244364454563103,southernsandysoles,2026-02-26,,No Transcript,0.0,0,139,2,4,6,4.317
7611246923659578654,kenziecourtney7,2026-02-26,,No Transcript,0.0,0,59,0,0,0,0.0
7611250952196214030,roxbox273,2026-02-26,,No Transcript,0.0,0,1006,3,0,3,0.298
7611253210291997982,southernsandysoles,2026-02-27,,No Transcript,0.0,0,115,2,4,6,5.217
7611275540430949646,jennatwinmama,2026-02-26,,No Transcript,0.0,0,885,10,1,11,1.243
7611281485051514125,sarahyoga785,2026-02-26,,No Transcript,0.0,0,120,0,0,0,0.0
7611293172328582430,southernsandysoles,2026-02-28,,No Transcript,0.0,0,265,3,5,8,3.019
7611299021839158559,southernsandysoles,2026-02-27,,No Transcript,0.0,0,0,0,0,0,0
7611305308564114718,savannah_ely27,2026-02-26,,No Transcript,0.0,0,822,4,1,5,0.608
7611305649200237854,southernsandysoles,2026-02-27,,No Transcript,0.0,0,317,3,5,8,2.524
7611306979746647310,jessandmialife,2026-02-26,,No Transcript,0.0,0,674,3,0,3,0.445
7611309618806967566,rcandtechdude,2026-02-26,,No Transcript,0.0,0,548,2,0,2,0.365
7611316442843139358,abbs.bowling,2026-02-26,Brushing your toddler's teeth just got so easy with,Bold Claim / Benefit,0.0,0,1823,9,1,10,0.549
7611323726163971342,cole_schwartz,2026-02-26,,No Transcript,0.0,0,199,1,0,1,0.503
7611326199435922702,christy_manci,2026-02-26,,No Transcript,0.0,0,57,0,0,0,0.0
7611385014755806494,cjdanforth,2026-02-27,,No Transcript,0.0,0,702,5,0,5,0.712
7611398836774358286,duffstiktokfinds,2026-02-27,If you are a parent of an independent or,Direct Audience Call-Out,0.0,0,2137,2,0,2,0.094
7611398946274987294,kenziecourtney7,2026-02-27,,No Transcript,0.0,0,163,4,0,4,2.454
7611451017628044575,legendarylootfinds,2026-02-27,,No Transcript,0.0,0,55,0,0,0,0.0
7611467239707004173,inkazwetrust,2026-02-27,,No Transcript,0.0,0,668,0,0,0,0.0
7611536396284628237,manmanzen509back,2026-02-27,,No Transcript,0.0,0,365,1,0,1,0.274
7611559047216598285,franklin_thebulldog,2026-02-27,The auto brush is finally available on TikTok Shop,Bold Claim / Benefit,0.0,0,1078,6,0,6,0.557
7611587433670380813,franklin_thebulldog,2026-02-27,,No Transcript,0.0,0,640,4,0,4,0.625
7611644194464992525,jessandmialife,2026-02-27,,No Transcript,0.0,0,1219,2,0,2,0.164
7611699855592885534,kay_momwife2,2026-03-01,,No Transcript,0.0,0,1355,8,2,10,0.738
7611700715077061919,kay_momwife2,2026-03-01,,No Transcript,0.0,0,905,12,0,12,1.326
7611766810249022734,karenmichelg22,2026-02-28,Si tú también estás cansada de rogarle a tu,Direct Audience Call-Out,0.0,0,3823,19,4,23,0.602
7611855704038673678,chelsea_devinn_,2026-02-28,,No Transcript,0.0,0,660,8,0,8,1.212
7611919433635810591,mariannesaid,2026-02-28,This is literally the coolest device if you have,Bold Claim / Benefit,0.0,0,1218,6,0,6,0.493
7611944693600914701,whirlwindwhitney,2026-02-28,,No Transcript,0.0,0,545,9,0,9,1.651
7611972848902507806,businessbymegs,2026-02-28,,No Transcript,0.0,0,1364,4,0,4,0.293
7611974679879830798,amanda.sahm3,2026-02-28,"Update, this thing is worth every penny. We got",Social Proof / Testimonial,0.0,0,134,5,0,5,3.731
7611981831373671710,lovelykanchi2005,2026-02-28,,No Transcript,0.0,0,439,34,1,35,7.973
7611990496772132110,amy.sahm.bsn,2026-02-28,,No Transcript,0.0,0,862,4,0,4,0.464
7611993844560809230,duffstiktokfinds,2026-02-28,,No Transcript,0.0,0,0,0,0,0,0
7611994464688573709,duffstiktokfinds,2026-02-28,,No Transcript,0.0,0,1365,7,1,8,0.586
7611997337665277197,cj_knowslights,2026-02-28,"If your kids hate brushing their teeth, I think",Direct Audience Call-Out,0.0,0,2634,15,0,15,0.569
7611999735993371917,cj_knowslights,2026-02-28,This is the easiest way to get your kids,Bold Claim / Benefit,0.0,0,3147,5,0,5,0.159
7612083947182312734,tmustooo,2026-03-01,,No Transcript,0.0,0,3327,11,0,11,0.331
7612283484987477262,tinkaagiovanni_,2026-03-01,,No Transcript,0.0,0,4350,105,14,119,2.736
7612333350665178398,ingridzambrano33,2026-03-01,,No Transcript,0.0,0,115,2,0,2,1.739
7612334148811869470,ingridzambrano33,2026-03-01,,No Transcript,0.0,0,73,1,0,1,1.37
7612335426736557342,ingridzambrano33,2026-03-01,,No Transcript,0.0,0,189,6,0,6,3.175
7612336414293773599,ingridzambrano33,2026-03-01,,No Transcript,0.0,0,176,4,0,4,2.273
7612336868109159711,ingridzambrano33,2026-03-01,,No Transcript,0.0,0,190,3,0,3,1.579
7612614001654107423,nicholesahmlife3,2026-03-02,,No Transcript,0.0,0,226,20,16,36,15.929
7612615308276174093,arynf7,2026-03-02,,No Transcript,0.0,0,692,9,1,10,1.445
7612675834335251726,maryalyssacarr,2026-03-02,,No Transcript,0.0,0,1374,12,2,14,1.019
7612678799775370510,duffstiktokfinds,2026-03-02,,No Transcript,0.0,0,1201,4,2,6,0.5
7612693237848870158,ryannjohanningmeier,2026-03-02,,No Transcript,0.0,0,1003,3,0,3,0.299
7612727214282394910,,2026-03-02,,No Transcript,0.0,0,96,1,0,1,1.042
7612749796662725901,pamyrayamajhi,2026-03-02,,No Transcript,0.0,0,634,13,0,13,2.05
7612754637132713230,daliarosas35,2026-03-02,,No Transcript,0.0,0,1045,4,0,4,0.383
7612785605495360799,loriyoung814,2026-03-02,,No Transcript,0.0,0,85,0,0,0,0.0
7612807036161608991,nicholesahmlife3,2026-03-02,,No Transcript,0.0,0,256,11,12,23,8.984
7612823632884141343,dealswithpablo,2026-03-03,,No Transcript,0.0,0,237,6,1,7,2.954
7612845986221690125,kenziefordham,2026-03-03,,No Transcript,0.0,0,386,3,0,3,0.777
7612851107647261983,kyliekeolani,2026-03-03,,No Transcript,0.0,0,21061,929,12,941,4.468
7612857141518470413,httpswww.tiktok.comtztyu,2026-03-03,,No Transcript,0.0,0,232,8,0,8,3.448
7613034193332800798,hammerheadranch1,2026-03-03,,No Transcript,0.0,0,0,0,0,0,0
7613038249531034911,mariannesaid,2026-03-03,,No Transcript,0.0,0,53,2,0,2,3.774
7613041119126932767,hammerheadranch1,2026-03-03,,No Transcript,0.0,0,0,0,0,0,0
7613047887630552350,zachlol69,2026-03-03,,No Transcript,0.0,0,79,1,0,1,1.266
7613050718177529118,finds_by_izzy,2026-03-03,,No Transcript,0.0,0,1,0,0,0,0.0
7613057138100948255,monica_leanne,2026-03-03,,No Transcript,0.0,0,882,3,2,5,0.567
7613059823374011678,anita.tiwari902,2026-03-03,,No Transcript,0.0,0,79,8,1,9,11.392
7613060591183351071,diane.smc,2026-03-03,,No Transcript,0.0,0,1209,8,3,11,0.91
7613069736611564831,la_nena_mar,2026-03-03,,No Transcript,0.0,0,0,0,0,0,0
7613075028069928222,,2026-03-03,,No Transcript,0.0,0,51,1,0,1,1.961
7613091046263704863,asiathevi_,2026-03-03,,No Transcript,0.0,0,230,3,0,3,1.304
7613157449318681886,monica_leanne,2026-03-03,,No Transcript,0.0,0,983,3,0,3,0.305
7613188066039041311,deyamishra,2026-03-03,,No Transcript,0.0,0,4,0,0,0,0.0
7613197931537075487,fitwitcheeks,2026-03-04,,No Transcript,0.0,0,202,1,0,1,0.495
7613202889934212383,glitteryglowy,2026-03-04,,No Transcript,0.0,0,30,0,0,0,0.0
7613219710070541599,margarita_delight,2026-03-04,,No Transcript,0.0,0,1341,4,0,4,0.298
7613369542722489631,deyamishra,2026-03-04,,No Transcript,0.0,0,323,34,1,35,10.836
7613404029288238367,finds_by_izzy,2026-03-04,,No Transcript,0.0,0,201,0,0,0,0.0
7613423548727610654,unwaveringhaven,2026-03-04,,No Transcript,0.0,0,1952,1,0,1,0.051
7613431103604428063,,2026-03-04,,No Transcript,0.0,0,77,1,0,1,1.299
7613437784849665311,peacefully.amanda,2026-03-04,,No Transcript,0.0,0,210,3,0,3,1.429
7613452096909675807,jessicahomer3,2026-03-04,,No Transcript,0.0,0,225,6,0,6,2.667
7613452469812694302,jessicahomer3,2026-03-04,,No Transcript,0.0,0,185,7,0,7,3.784
7613492556642405663,hammerheadranch1,2026-03-04,,No Transcript,0.0,0,10,0,0,0,0.0
7613511140475211038,la_nena_mar,2026-03-04,,No Transcript,0.0,0,1199,9,3,12,1.001
7613534409588788510,chelsea_devinn_,2026-03-04,,No Transcript,0.0,0,1985,10,0,10,0.504
7613534604829461791,h_popp_rocks,2026-03-04,,No Transcript,0.0,0,855,24,1,25,2.924
7613559587345681695,jessandmialife,2026-03-05,,No Transcript,0.0,0,1090,5,0,5,0.459
7613578448098970910,s0lana,2026-03-04,,No Transcript,0.0,0,27,0,0,0,0.0
7613584246363426078,singlemomeducator,2026-03-05,,No Transcript,0.0,0,167,2,0,2,1.198
7613584308892224799,h_popp_rocks,2026-03-05,,No Transcript,0.0,0,1978,87,7,94,4.752
7613588331280059678,goodheartednurse,2026-03-05,,No Transcript,0.0,0,1735,6,0,6,0.346
7613623846389681439,angelivansolorz2,2026-03-05,,No Transcript,0.0,0,813,15,4,19,2.337
7613731189299367199,finds_by_izzy,2026-03-05,,No Transcript,0.0,0,196,0,0,0,0.0
7613767780885728525,lucys8049,2026-03-05,,No Transcript,0.0,0,90,3,0,3,3.333
7613779473527311630,aylin_.rios,2026-03-05,,No Transcript,0.0,0,1314,13,0,13,0.989
7613780467690654989,hammerheadranch1,2026-03-05,,No Transcript,0.0,0,1675,18,0,18,1.075
7613812738984332574,anita.tiwari902,2026-03-05,Autobrush Sonic Pro Bundle good for your teeth's,Other / No Clear Hook,0.0,0,556,14,4,18,3.237
7613813408835587342,miyaflex,2026-03-05,,No Transcript,0.0,0,1408,10,0,10,0.71
7613815269210869006,soyminniee,2026-03-05,,No Transcript,0.0,0,1306,4,0,4,0.306
7613821817823710478,srijana.pradhan04,2026-03-05,,No Transcript,0.0,0,67,21,3,24,35.821
7613823646959717645,kristenashleigh83,2026-03-05,,No Transcript,0.0,0,1556,9,3,12,0.771
7613842441526938910,blingandaprayer,2026-03-05,,No Transcript,0.0,0,1720,2,0,2,0.116
7613853662145809677,desireewiththetreats,2026-03-05,,No Transcript,0.0,0,81,6,0,6,7.407
7613867480515087630,miranda_2566,2026-03-05,,No Transcript,0.0,0,1410,5,1,6,0.426
7613879538828840223,shopwithbird,2026-03-05,,No Transcript,0.0,0,89,0,0,0,0.0
7613889442549337358,nadifafashion08,2026-03-05,,No Transcript,0.0,0,0,0,0,0,0
7613890130780097805,nadifafashion08,2026-03-05,,No Transcript,0.0,0,2,0,0,0,0.0
7613896010238020878,nadifafashion08,2026-03-05,,No Transcript,0.0,0,137,12,0,12,8.759
7613910272834620686,wealthbuildingrockstar,2026-03-05,,No Transcript,0.0,0,520,3,0,3,0.577
7613917263833419021,family.royal.us,2026-03-05,,No Transcript,0.0,0,1291,28,6,34,2.634
7613927660623908109,nadifafashion08,2026-03-06,,No Transcript,0.0,0,114,11,0,11,9.649
7613932591070121246,marc.combs,2026-03-06,"THIS AUTO BRUSH, SPECIFICALLY DESIGNED FOR CHILDREN AGES 5",Demo / Product Intro,0.0,0,1435,4,0,4,0.279
7613936786066165022,neumeier_home,2026-03-06,,No Transcript,0.0,0,1808,10,0,10,0.553
7613993815040478478,marshalmeacham,2026-03-08,,No Transcript,0.0,0,296,4,0,4,1.351
7614046381749112095,yaneli_heredia,2026-03-06,,No Transcript,0.0,0,114,5,1,6,5.263
7614169603664530719,kathyapproved,2026-03-06,,No Transcript,0.0,0,2527,3,0,3,0.119
7614185638102912287,rurururu0123,2026-03-06,,No Transcript,0.0,0,225,4,0,4,1.778
7614187202414791949,munchiesandmanis,2026-03-06,,No Transcript,0.0,0,1091,1,2,3,0.275
7614209453738462495,wvangel304,2026-03-06,,No Transcript,0.0,0,1923,14,0,14,0.728
7614214854823431438,roxbox273,2026-03-06,,No Transcript,0.0,0,303,0,0,0,0.0
7614225403598621983,loriyoung814,2026-03-06,,No Transcript,0.0,0,526,1,0,1,0.19
7614246261234945293,jessandmialife,2026-03-06,,No Transcript,0.0,0,1396,10,0,10,0.716
7614261738405367071,bakedfindstoday,2026-03-06,,No Transcript,0.0,0,80,0,0,0,0.0
7614320979875007758,jsweets20,2026-03-07,,No Transcript,0.0,0,589,7,2,9,1.528
7614334333721038111,lifewithlisadawn,2026-03-07,,No Transcript,0.0,0,353,8,4,12,3.399
7614337560978017567,jellowchev,2026-03-07,,No Transcript,0.0,0,602,4,0,4,0.664
7614368269029395726,mystilda757,2026-03-07,,No Transcript,0.0,0,2907,13,0,13,0.447
7614379163096485133,yajairaizamar,2026-03-07,,No Transcript,0.0,0,182,13,1,14,7.692
7614386182046092574,tlaloc9l,2026-03-07,,No Transcript,0.0,0,649,7,0,7,1.079
7614386807014280462,penny_momof9,2026-03-07,,No Transcript,0.0,0,52,4,0,4,7.692
7614492916102335775,mandira.karki44,2026-03-07,,No Transcript,0.0,0,787,24,1,25,3.177
7614497709164170527,abby.mama.wife.books,2026-03-07,,No Transcript,0.0,0,958,2,0,2,0.209
7614508465217719566,franciaberlus249,2026-03-07,,No Transcript,0.0,0,321,2,1,3,0.935
7614528563819154718,,2026-03-07,,No Transcript,0.0,0,12,1,0,1,8.333
7614536663473081631,jellowchev,2026-03-07,,No Transcript,0.0,0,123,3,0,3,2.439
7614556461221301534,styledbymonika,2026-03-07,,No Transcript,0.0,0,805,8,1,9,1.118
7614577900796300558,duffstiktokfinds,2026-03-07,,No Transcript,0.0,0,895,7,1,8,0.894
7614579869782904078,jcjustgotbetter,2026-03-07,,No Transcript,0.0,0,535,3,0,3,0.561
7614588032041143582,mileidy.martinez8,2026-03-07,,No Transcript,0.0,0,73,2,0,2,2.74
7614592910427737358,flytywalt,2026-03-07,,No Transcript,0.0,0,7001,42,4,46,0.657
7614604102844124446,mileidy.martinez8,2026-03-07,,No Transcript,0.0,0,83,2,0,2,2.41
7614610219527671054,cassidy.reigart,2026-03-07,,No Transcript,0.0,0,282,3,0,3,1.064
7614621970562370829,vndeal,2026-03-07,,No Transcript,0.0,0,297,1,0,1,0.337
7614622339287764237,jessandmialife,2026-03-07,,No Transcript,0.0,0,568,9,0,9,1.585
7614623959924985119,meganelizabeth90,2026-03-07,,No Transcript,0.0,0,858,15,6,21,2.448
7614626171321322783,sarattshopfinds,2026-03-07,,No Transcript,0.0,0,445,1,0,1,0.225
7614633092849929485,heyyallericahere,2026-03-07,,No Transcript,0.0,0,2456,18,2,20,0.814
7614681461022625037,koachkerr,2026-03-08,,No Transcript,0.0,0,774,14,7,21,2.713
7614695996550827277,maryalyssacarr,2026-03-08,,No Transcript,0.0,0,7088,17,2,19,0.268
7614698282022915359,laurenland77,2026-03-08,,No Transcript,0.0,0,3669,13,1,14,0.382
7614700442089442590,researchbasedmom,2026-03-08,,No Transcript,0.0,0,4034,8,0,8,0.198
7614703732319702286,roxbox273,2026-03-08,,No Transcript,0.0,0,460,2,0,2,0.435
7614710685439675662,lolysportillo,2026-03-08,,No Transcript,0.0,0,615,6,0,6,0.976
7614719253077347614,gomma.rai,2026-03-08,,No Transcript,0.0,0,636,12,5,17,2.673
7614734752737709343,researchbasedmom,2026-03-08,,No Transcript,0.0,0,2034,8,1,9,0.442
7614736305557163277,fairfaxandco,2026-03-08,,No Transcript,0.0,0,2501,7,0,7,0.28
7614738792364199181,wendy23oficial,2026-03-08,,No Transcript,0.0,0,523,12,4,16,3.059
7614744849807346957,penny_momof9,2026-03-08,,No Transcript,0.0,0,563,4,0,4,0.71
7614867530653437198,dang_it_mike,2026-03-08,,No Transcript,0.0,0,298,1,0,1,0.336
7614911948039228686,ashleyyyyywith5ys,2026-03-08,,No Transcript,0.0,0,2097,6,0,6,0.286
7614915064834854175,mileidy.martinez8,2026-03-08,,No Transcript,0.0,0,40,5,0,5,12.5
7614928224732089631,dgine26,2026-03-08,,No Transcript,0.0,0,329,2,0,2,0.608
7614946306133331214,_allthingstori,2026-03-08,,No Transcript,0.0,0,6449,13,0,13,0.202
7614948759386082591,roselabele02,2026-03-08,,No Transcript,0.0,0,673,6,0,6,0.892
7614955349585431822,jessandmialife,2026-03-08,,No Transcript,0.0,0,998,8,0,8,0.802
7614970393564138765,caligurl1973,2026-03-08,,No Transcript,0.0,0,1246,4,0,4,0.321
7614975006509976846,shopracheljackson,2026-03-08,,No Transcript,0.0,0,753,7,2,9,1.195
7614987133656337678,kathefinds,2026-03-08,,No Transcript,0.0,0,257,3,0,3,1.167
7614999687665306893,hello.neighbor.x1,2026-03-08,,No Transcript,0.0,0,1935,2,0,2,0.103
7615027093289635086,rothubdeals,2026-03-08,,No Transcript,0.0,0,1108,0,0,0,0.0
7615037679167622414,mainemamax3,2026-03-08,,No Transcript,0.0,0,735,23,18,41,5.578
7615049940657573133,solhz13,2026-03-09,,No Transcript,0.0,0,1245,1,0,1,0.08
7615239519138254094,antaylor328,2026-03-09,,No Transcript,0.0,0,1314,10,0,10,0.761
7615251785170685215,thehbedit,2026-03-09,,No Transcript,0.0,0,714,1,0,1,0.14
7615281302664662286,cinnataco725,2026-03-09,,No Transcript,0.0,0,69,0,0,0,0.0
7615286963960139039,dina37_love,2026-03-09,,No Transcript,0.0,0,564,8,2,10,1.773
7615312351490886926,everydaycreatorreviews,2026-03-09,,No Transcript,0.0,0,620,2,0,2,0.323
7615326658958036254,researchbasedmom,2026-03-09,,No Transcript,0.0,0,997,5,0,5,0.502
7615336549399416077,jessandmialife,2026-03-09,,No Transcript,0.0,0,557,1,0,1,0.18
7615355772867759390,kim.thompson70,2026-03-09,,No Transcript,0.0,0,615,8,3,11,1.789
7615359971592588574,syllishares,2026-03-09,,No Transcript,0.0,0,58,1,0,1,1.724
7615368608654363934,salenasfinds,2026-03-09,,No Transcript,0.0,0,8638,70,5,75,0.868
7615374088520961293,ttowntornado,2026-03-09,,No Transcript,0.0,0,151,13,18,31,20.53
7615382572767399198,richmindstcloud,2026-03-09,,No Transcript,0.0,0,235,15,7,22,9.362
7615389253068983566,krizzygibs,2026-03-09,,No Transcript,0.0,0,950,17,5,22,2.316
7615395462216011039,leishomefinds,2026-03-09,,No Transcript,0.0,0,347,1,0,1,0.288
7615417674385853727,jellowchev,2026-03-10,,No Transcript,0.0,0,131,1,0,1,0.763
7615422212971040014,carolinarodriguez184,2026-03-10,,No Transcript,0.0,0,29,2,1,3,10.345
7615424249590713614,sandrorussor,2026-03-09,,No Transcript,0.0,0,0,0,0,0,0
7615424566529150221,sandrorussor,2026-03-09,,No Transcript,0.0,0,0,0,0,0,0
7615425518581648654,sandrorussor,2026-03-09,,No Transcript,0.0,0,0,0,0,0,0
7615425689004592397,everydaycreatorreviews,2026-03-10,,No Transcript,0.0,0,103,1,0,1,0.971
7615426274231749902,carolinarodriguez184,2026-03-10,,No Transcript,0.0,0,294,5,0,5,1.701
7615427021384060173,sandrorussor,2026-03-09,,No Transcript,0.0,0,6,0,0,0,0.0
7615437050006736158,jellowchev,2026-03-10,,No Transcript,0.0,0,82,2,0,2,2.439
7615437084140047629,sandrorussor,2026-03-10,,No Transcript,0.0,0,1035,4,0,4,0.386
7615448407192259870,love.only_yourself521,2026-03-10,,No Transcript,0.0,0,710,36,13,49,6.901
7615450151305383181,heydalshy,2026-03-10,,No Transcript,0.0,0,2432,5,0,5,0.206
7615457435423100190,danick19_,2026-03-10,,No Transcript,0.0,0,28,1,0,1,3.571
7615476301213732109,sunshine0420x,2026-03-10,,No Transcript,0.0,0,48,1,0,1,2.083
7615476515249097998,sunshine0420x,2026-03-10,,No Transcript,0.0,0,49,1,0,1,2.041
7615476785295248654,sunshine0420x,2026-03-10,,No Transcript,0.0,0,56,1,0,1,1.786
7615476820900629790,lanubeaguilera,2026-03-10,,No Transcript,0.0,0,622,23,5,28,4.502
7615487995562446110,researchbasedmom,2026-03-10,,No Transcript,0.0,0,2087,16,0,16,0.767
7615597006827916574,,2026-03-10,,No Transcript,0.0,0,305,2,0,2,0.656
7615635325251063070,_allthingstori,2026-03-10,,No Transcript,0.0,0,1639,2,0,2,0.122
7615659622493359373,trending0411,2026-03-10,,No Transcript,0.0,0,1153,2,0,2,0.173
7615660419683749134,trending0411,2026-03-10,,No Transcript,0.0,0,1161,0,0,0,0.0
7615661412882468109,trending0411,2026-03-10,,No Transcript,0.0,0,1979,0,0,0,0.0
7615690985418312991,loriyoung814,2026-03-10,"You guys, it gets your teeth so well. Like,",Social Proof / Testimonial,0.0,0,2224,2,0,2,0.09
7615706119570214158,angelaalvrd1,2026-03-10,,No Transcript,0.0,0,3435,114,3,117,3.406
7615713691312327949,everydaycreatorreviews,2026-03-10,,No Transcript,0.0,0,715,4,0,4,0.559
7615717545152154910,thehbedit,2026-03-14,,No Transcript,0.0,0,388,6,0,6,1.546
7615725449452227871,peacefully.amanda,2026-03-10,,No Transcript,0.0,0,93,1,0,1,1.075
7615752682501852429,carolinarodriguez184,2026-03-10,,No Transcript,0.0,0,36,1,1,2,5.556
7615759423100800270,shopwith_jenn,2026-03-11,,No Transcript,0.0,0,649,7,1,8,1.233
7615760623502183711,richmindstcloud,2026-03-10,,No Transcript,0.0,0,4719,47,10,57,1.208
7615783585252969758,the_lasthokage_,2026-03-11,,No Transcript,0.0,0,3471,5,0,5,0.144
7615791289002511630,holidayyyhannah,2026-03-11,,No Transcript,0.0,0,217,17,10,27,12.442
7615794162532748574,remygonzalo0,2026-03-11,,No Transcript,0.0,0,550,0,0,0,0.0
7615794423762373919,fanyrecomienda,2026-03-11,,No Transcript,0.0,0,108,6,0,6,5.556
7615795024436989214,remygonzalo0,2026-03-11,,No Transcript,0.0,0,871,2,0,2,0.23
7615810530061733133,joyintheordinary,2026-03-11,,No Transcript,0.0,0,1769,7,1,8,0.452
7615813284431711519,johnsshop24,2026-03-11,,No Transcript,0.0,0,3686,2,0,2,0.054
7615814581981580574,mileidy.martinez8,2026-03-11,,No Transcript,0.0,0,47,1,0,1,2.128
7615818862478642462,mileidy.martinez8,2026-03-11,,No Transcript,0.0,0,56,4,0,4,7.143
7615831231355227405,mml139571,2026-03-11,,No Transcript,0.0,0,1638,8,0,8,0.488
7615844728562617630,researchbasedmom,2026-03-11,,No Transcript,0.0,0,1403,5,2,7,0.499
7615855631475445022,cabrerasobelda,2026-03-11,,No Transcript,0.0,0,50,6,0,6,12.0
7615856977817668877,jetskcqzy7m,2026-03-11,,No Transcript,0.0,0,1884,0,0,0,0.0
7615857156939664654,jetskcqzy7m,2026-03-11,,No Transcript,0.0,0,4523,2,0,2,0.044
7615857251479276814,jetskcqzy7m,2026-03-11,,No Transcript,0.0,0,9021,4,0,4,0.044
7615857335122054413,jetskcqzy7m,2026-03-11,TikTok bullied the price down and now the Autobrush,Offer / Deal / Urgency,0.0,0,13577,14,0,14,0.103
7615859793235873038,bellabonbon00,2026-03-11,,No Transcript,0.0,0,1019,5,0,5,0.491
7615863274856287518,backyardnw,2026-03-11,,No Transcript,0.0,0,553,5,0,5,0.904
7615919581621701901,whitechoc757,2026-03-11,,No Transcript,0.0,0,627,2,0,2,0.319
7615919584603933965,whitechoc757,2026-03-11,,No Transcript,0.0,0,490,0,0,0,0.0
7615919633689758990,whitechoc757,2026-03-11,,No Transcript,0.0,0,879,0,0,0,0.0
7615919669341441293,whitechoc757,2026-03-11,,No Transcript,0.0,0,1687,3,0,3,0.178
7615946949480500493,chrisshop72,2026-03-11,,No Transcript,0.0,0,414,0,0,0,0.0
7615948584143375630,chrisshop72,2026-03-11,,No Transcript,0.0,0,481,0,0,0,0.0
7615949570433895693,chrisshop72,2026-03-11,,No Transcript,0.0,0,545,0,0,0,0.0
7615988363165912351,crazy.country.adve,2026-03-11,,No Transcript,0.0,0,524,0,0,0,0.0
7615994731570531614,zachlol69,2026-03-11,,No Transcript,0.0,0,627,2,0,2,0.319
7615999517707488526,cassieaverytts,2026-03-11,,No Transcript,0.0,0,3102,23,1,24,0.774
7616011045949213965,junagrace,2026-03-11,,No Transcript,0.0,0,1092,1,0,1,0.092
7616016158793272606,dina37_love,2026-03-11,,No Transcript,0.0,0,9,0,0,0,0.0
7616035740677410079,loriyoung814,2026-03-11,,No Transcript,0.0,0,333,1,2,3,0.901
7616039571452611854,yagirlcedes,2026-03-11,,No Transcript,0.0,0,1800,15,0,15,0.833
7616044758321876237,tiffandthechaos,2026-03-11,,No Transcript,0.0,0,138,1,0,1,0.725
7616060704369560862,lovechaos85,2026-03-11,,No Transcript,0.0,0,129,4,3,7,5.426
7616061896700988686,steph7187,2026-03-11,"I got the auto brush, this little thing. You",Demo / Product Intro,0.0,0,3253,21,1,22,0.676
7616083687402196238,dealsandtrends4all,2026-03-11,,No Transcript,0.0,0,975,2,1,3,0.308
7616084949552221454,dealsandtrends4all,2026-03-11,,No Transcript,0.0,0,862,0,0,0,0.0
7616092388590701854,osleidy.perez,2026-03-11,,No Transcript,0.0,0,296,20,1,21,7.095
7616102892700716301,tiffandthechaos,2026-03-11,,No Transcript,0.0,0,437,2,2,4,0.915
7616103207072337182,kels.oconnor,2026-03-11,,No Transcript,0.0,0,1733,2,0,2,0.115
7616109117068840223,dina37_love,2026-03-11,,No Transcript,0.0,0,115,4,1,5,4.348
7616115733931642142,loriyoung814,2026-03-11,,No Transcript,0.0,0,598,1,0,1,0.167
7616118691129806110,lucysalinas3916,2026-03-11,,No Transcript,0.0,0,79,0,0,0,0.0
7616140082403134750,daphnemuzuruk,2026-03-11,,No Transcript,0.0,0,562,4,2,6,1.068
7616147504526118157,hopebeckham96,2026-03-11,,No Transcript,0.0,0,467,3,0,3,0.642
7616167000708025630,brittanymonte11,2026-03-12,,No Transcript,0.0,0,849,7,0,7,0.824
7616168781651430669,joyintheordinary,2026-03-12,,No Transcript,0.0,0,201,9,0,9,4.478
7616175234919550239,jellowchev,2026-03-12,,No Transcript,0.0,0,585,3,0,3,0.513
7616185877550599455,nicolelake53,2026-03-12,,No Transcript,0.0,0,60,1,0,1,1.667
7616189890811792671,kenziecourtney7,2026-03-12,,No Transcript,0.0,0,105,0,0,0,0.0
7616196326736383262,kenziecourtney7,2026-03-12,,No Transcript,0.0,0,42,0,0,0,0.0
7616200132798811423,zongvang24,2026-03-12,,No Transcript,0.0,0,372,7,2,9,2.419
7616205548685462814,nicolelake53,2026-03-12,,No Transcript,0.0,0,133,3,0,3,2.256
7616208745973992735,kenziecourtney7,2026-03-12,,No Transcript,0.0,0,119,2,2,4,3.361
7616236332037229855,nayeliambrizz,2026-03-12,,No Transcript,0.0,0,302,7,0,7,2.318
7616265344549653791,researchbasedmom,2026-03-12,,No Transcript,0.0,0,900,3,0,3,0.333
7616291968183815455,mariebarnett318,2026-03-12,,No Transcript,0.0,0,0,0,0,0,0
7616293287183371550,mariebarnett318,2026-03-13,,No Transcript,0.0,0,354,7,0,7,1.977
7616351232176835853,jackiie_guzman,2026-03-12,,No Transcript,0.0,0,6479,53,1,54,0.833
7616366379792403742,mariebarnett318,2026-03-16,,No Transcript,0.0,0,89,0,0,0,0.0
7616384055516400909,jesswalfoster,2026-03-12,Shout out to my kids dentist! The last time,Social Proof / Testimonial,0.0,0,1392,10,0,10,0.718
7616385804205706526,reinaruiz40,2026-03-12,,No Transcript,0.0,0,1024,3,0,3,0.293
7616413472095538446,aprilapplesauce,2026-03-12,,No Transcript,0.0,0,187,1,0,1,0.535
7616415861745700109,juicydealss,2026-03-12,,No Transcript,0.0,0,716,1,0,1,0.14
7616433569883262238,zaigilhernandez,2026-03-13,,No Transcript,0.0,0,148,0,0,0,0.0
7616433636077751582,gretchen_sahm,2026-03-12,,No Transcript,0.0,0,1005,2,0,2,0.199
7616443850017541389,phamsfinds,2026-03-12,,No Transcript,0.0,0,734,1,0,1,0.136
7616444194839678222,haleysteward,2026-03-12,,No Transcript,0.0,0,627,6,0,6,0.957
7616455280276081933,mamaangel630,2026-03-12,,No Transcript,0.0,0,9374,134,3,137,1.461
7616465172814662926,trending0411,2026-03-12,,No Transcript,0.0,0,240,0,0,0,0.0
7616465438188342541,trending0411,2026-03-12,,No Transcript,0.0,0,241,0,0,0,0.0
7616465890074217741,trending0411,2026-03-12,,No Transcript,0.0,0,318,0,0,0,0.0
7616471650778746142,juicydealss,2026-03-12,,No Transcript,0.0,0,648,1,0,1,0.154
7616478998297644318,juicydealss,2026-03-12,,No Transcript,0.0,0,934,2,0,2,0.214
7616479794909252878,dr_idara,2026-03-12,,No Transcript,0.0,0,306,0,0,0,0.0
7616482455091957006,franklin_thebulldog,2026-03-12,,No Transcript,0.0,0,1127,2,0,2,0.177
7616482831430159630,carolynvb24,2026-03-12,,No Transcript,0.0,0,144,0,0,0,0.0
7616484336145124622,jtaylor1225,2026-03-12,,No Transcript,0.0,0,816,4,3,7,0.858
7616485311949982989,jessandmialife,2026-03-12,,No Transcript,0.0,0,441,3,0,3,0.68
7616487423748427039,nicolelake53,2026-03-12,,No Transcript,0.0,0,175,4,1,5,2.857
7616489047044787469,kimberly.never.kim,2026-03-13,,No Transcript,0.0,0,101,5,0,5,4.95
7616492051370102030,jtaylor1225,2026-03-12,,No Transcript,0.0,0,1216,8,0,8,0.658
7616495201506315533,carolynvb24,2026-03-12,,No Transcript,0.0,0,195,0,0,0,0.0
7616498188282891551,deal_duo,2026-03-12,,No Transcript,0.0,0,114,0,0,0,0.0
7616502422051015966,mileidy.martinez8,2026-03-12,,No Transcript,0.0,0,64,4,0,4,6.25
7616502965632863519,wherebebe,2026-03-12,,No Transcript,0.0,0,1327,22,1,23,1.733
7616504835726118174,mileidy.martinez8,2026-03-12,,No Transcript,0.0,0,82,4,0,4,4.878
7616507767120989454,sandrorussor,2026-03-12,,No Transcript,0.0,0,639,9,5,14,2.191
7616509922284555550,mileidy.martinez8,2026-03-12,,No Transcript,0.0,0,126,5,0,5,3.968
7616519215356366093,ivonne0217,2026-03-12,,No Transcript,0.0,0,847,14,5,19,2.243
7616521167075020062,yaneli_heredia,2026-03-12,,No Transcript,0.0,0,125,4,0,4,3.2
7616526420742819102,samantha.mitchene,2026-03-13,,No Transcript,0.0,0,428,6,1,7,1.636
7616541755877362975,valdkm,2026-03-13,,No Transcript,0.0,0,815,5,2,7,0.859
7616542745414421773,karendenisse029,2026-03-13,,No Transcript,0.0,0,146,5,0,5,3.425
7616544230730747149,efat254,2026-03-13,,No Transcript,0.0,0,995,26,6,32,3.216
7616586812311620894,sashaelizabeth39,2026-03-13,,No Transcript,0.0,0,104,2,0,2,1.923
7616613465817500941,dealsandtrends4all,2026-03-13,,No Transcript,0.0,0,799,1,0,1,0.125
7616632039495765262,double_trouble403,2026-03-13,,No Transcript,0.0,0,589,1,0,1,0.17
7616685592302161165,dr_idara,2026-03-13,,No Transcript,0.0,0,585,1,0,1,0.171
7616706121780202782,chic_nice,2026-03-13,,No Transcript,0.0,0,297,0,0,0,0.0
7616709981596847374,moefindsdeals,2026-03-13,,No Transcript,0.0,0,961,0,0,0,0.0
7616737819389644045,franklin_thebulldog,2026-03-13,Let's go! This is the AutoBrush. Make sure you,Demo / Product Intro,0.0,0,1569,4,0,4,0.255
7616746785582697759,valdkm,2026-03-13,,No Transcript,0.0,0,547,2,0,2,0.366
7616753685867105566,loriyoung814,2026-03-13,,No Transcript,0.0,0,807,2,0,2,0.248
7616794548945161502,or.mohammed,2026-03-13,"In 3 seconds, it brushes your teeth. In 3",Bold Claim / Benefit,0.0,0,2949,21,6,27,0.916
7616797601186319646,loriyoung814,2026-03-13,,No Transcript,0.0,0,1389,2,0,2,0.144
7616797978958892301,livinglifewtina,2026-03-13,,No Transcript,0.0,0,616,7,0,7,1.136
7616808487481281806,gourmand_combo.queen,2026-03-13,,No Transcript,0.0,0,1181,12,0,12,1.016
7616809337712807199,daisydelatorre04,2026-03-13,,No Transcript,0.0,0,112,1,0,1,0.893
7616810843849772319,daisydelatorre04,2026-03-13,,No Transcript,0.0,0,120,3,0,3,2.5
7616814900425362719,daisydelatorre04,2026-03-13,,No Transcript,0.0,0,104,3,0,3,2.885
7616818669619858702,mainemamax3,2026-03-13,,No Transcript,0.0,0,1358,31,14,45,3.314
7616822227576638751,daisydelatorre04,2026-03-13,,No Transcript,0.0,0,89,3,0,3,3.371
7616826914627456287,nicolelake53,2026-03-13,,No Transcript,0.0,0,148,2,0,2,1.351
7616830158556695839,deal_duo,2026-03-13,,No Transcript,0.0,0,126,1,0,1,0.794
7616830308033334559,tiktokshopsbestshop,2026-03-13,,No Transcript,0.0,0,43,1,0,1,2.326
7616840538519637279,sharelovewithus,2026-03-13,,No Transcript,0.0,0,37547,199,3,202,0.538
7616844578959789343,juicydealss,2026-03-13,,No Transcript,0.0,0,772,2,0,2,0.259
7616847362790640926,gregmorris84,2026-03-13,,No Transcript,0.0,0,1466,3,0,3,0.205
7616860893711748383,peace6081,2026-03-13,,No Transcript,0.0,0,571,6,0,6,1.051
7616878026223127822,myboo01,2026-03-13,,No Transcript,0.0,0,450,7,0,7,1.556
7616884753920249119,loriyoung814,2026-03-13,,No Transcript,0.0,0,3204,7,1,8,0.25
7616886118562139422,daisydelatorre04,2026-03-13,,No Transcript,0.0,0,175,7,0,7,4.0
7616891404018650398,mamakimalways,2026-03-14,,No Transcript,0.0,0,389,8,1,9,2.314
7616894917482138911,stellar0916,2026-03-14,,No Transcript,0.0,0,1353,3,0,3,0.222
7616895475031051551,ivana.de.roslen,2026-03-14,,No Transcript,0.0,0,238,4,0,4,1.681
7616900117722844447,tiktokshopsbestshop,2026-03-14,,No Transcript,0.0,0,350,5,0,5,1.429
7616902905416699167,daisydelatorre04,2026-03-14,,No Transcript,0.0,0,52,4,0,4,7.692
7616907043131133215,chic_nice,2026-03-14,,No Transcript,0.0,0,0,0,0,0,0
7616907378432167198,daisydelatorre04,2026-03-14,,No Transcript,0.0,0,58,3,0,3,5.172
7616920614628117790,lovelauren96,2026-03-14,,No Transcript,0.0,0,608,17,0,17,2.796
7616937217457540365,tv.finds,2026-03-14,,No Transcript,0.0,0,508,3,1,4,0.787
7616939633322052894,the_lasthokage_,2026-03-14,,No Transcript,0.0,0,2912,10,0,10,0.343
7616943996501265695,johnsshop24,2026-03-14,,No Transcript,0.0,0,1023,0,0,0,0.0
7616950440604749086,videoshak,2026-03-13,,No Transcript,0.0,0,120,0,0,0,0.0
7616973928900201742,kourtybug,2026-03-14,,No Transcript,0.0,0,681,7,3,10,1.468
7617024937139735838,shopdealsbyrick,2026-03-14,,No Transcript,0.0,0,1538,4,0,4,0.26
7617069817702403341,goodheartednurse,2026-03-14,This toothbrush is either genius... or ridiculous A toothbrush,Curiosity / Open Loop,0.0,0,1162,4,1,5,0.43
7617090275395030302,chic_nice,2026-03-14,,No Transcript,0.0,0,945,1,0,1,0.106
7617102027033726222,3dtimelapse32,2026-03-14,,No Transcript,0.0,0,675,1,0,1,0.148
7617108452187409695,lovechaos85,2026-03-14,,No Transcript,0.0,0,135,6,4,10,7.407
7617112002669858061,3dtimelapse32,2026-03-14,,No Transcript,0.0,0,535,0,0,0,0.0
7617113947493125407,daisydelatorre04,2026-03-14,,No Transcript,0.0,0,40,2,0,2,5.0
7617115264638881054,daisydelatorre04,2026-03-14,,No Transcript,0.0,0,337,6,0,6,1.78
7617120088977689886,thatshopgirljulie,2026-03-14,,No Transcript,0.0,0,407,0,0,0,0.0
7617122017099205918,birdtakes,2026-03-14,,No Transcript,0.0,0,897,1,0,1,0.111
7617132696350854414,3dtimelapse32,2026-03-14,,No Transcript,0.0,0,688,0,0,0,0.0
7617133867840965902,youknowitskellyjo,2026-03-14,Not even gonna lie I got my daughter the,Personal Story / POV,0.0,0,1343,9,8,17,1.266
7617134346058747166,buncfinds,2026-03-14,,No Transcript,0.0,0,334,0,0,0,0.0
7617141752847142157,mavericksmammaforever,2026-03-14,,No Transcript,0.0,0,862,4,0,4,0.464
7617146712171351327,kaylamarie.official,2026-03-14,,No Transcript,0.0,0,351,1,0,1,0.285
7617152885490601246,sasay.g,2026-03-14,,No Transcript,0.0,0,755,10,0,10,1.325
7617154610968481037,arynf7,2026-03-14,,No Transcript,0.0,0,1336,3,1,4,0.299
7617163812839394573,tinaswift5678,2026-03-14,,No Transcript,0.0,0,782,1,0,1,0.128
7617164225407913247,beautybabe_blossom,2026-03-14,", Just received this package from autobrush. , ,",Other / No Clear Hook,0.0,0,5106,2,0,2,0.039
7617165962126609677,tinaswift5678,2026-03-14,,No Transcript,0.0,0,289,0,0,0,0.0
7617171508145802510,dih._cheese,2026-03-14,,No Transcript,0.0,0,827,47,2,49,5.925
7617196765124611341,3dtimelapse32,2026-03-14,,No Transcript,0.0,0,680,0,0,0,0.0
7617206185493679390,sharelovewithus,2026-03-14,,No Transcript,0.0,0,808,6,0,6,0.743
7617207954495884575,kingpivi,2026-03-14,"Hold up, read before brushing. The only correct Autobrush",Shock / Warning / Pattern Interrupt,0.0,0,1130,7,0,7,0.619
7617215155520261389,povshopdeals,2026-03-14,,No Transcript,0.0,0,820,0,0,0,0.0
7617215801749212447,mamakimalways,2026-03-15,,No Transcript,0.0,0,302,12,2,14,4.636
7617224731749616926,videoshak,2026-03-14,I have a small mouth. Will it fit? It's,Question,0.0,0,3807,15,0,15,0.394
7617229262885604638,amanda.strahan,2026-03-14,,No Transcript,0.0,0,650,4,0,4,0.615
7617231535225294093,kenziefordham,2026-03-14,,No Transcript,0.0,0,914,8,0,8,0.875
7617266843958480141,tomtok28,2026-03-14,,No Transcript,0.0,0,3,0,0,0,0.0
7617268368348810510,tomtok28,2026-03-15,,No Transcript,0.0,0,809,0,0,0,0.0
7617272232745651470,cherry4co,2026-03-15,,No Transcript,0.0,0,935,10,0,10,1.07
7617273144478305549,tomtok28,2026-03-15,,No Transcript,0.0,0,699,0,0,0,0.0
7617276624223898910,imustbuy1,2026-03-15,,No Transcript,0.0,0,1000,1,0,1,0.1
7617282276300246302,misty.w44,2026-03-15,,No Transcript,0.0,0,1290,2,0,2,0.155
7617285263957445918,schmeglysrevenge,2026-03-15,Who else lost all self control when they saw,Question,0.0,0,1803,1,0,1,0.055
7617288719850163469,roshansathyapuri,2026-03-15,,No Transcript,0.0,0,817,14,1,15,1.836
7617295046198545694,tiktokshopsbestshop,2026-03-15,,No Transcript,0.0,0,576,3,0,3,0.521
7617295162909199629,absedgwick,2026-03-15,,No Transcript,0.0,0,886,5,0,5,0.564
7617295538496507150,taylorking131,2026-03-15,,No Transcript,0.0,0,621,10,2,12,1.932
7617297240826105118,loriyoung814,2026-03-15,,No Transcript,0.0,0,3466,8,2,10,0.289
7617300045599083807,dano_approved,2026-03-15,,No Transcript,0.0,0,709,4,0,4,0.564
7617301105680092447,johnsshop24,2026-03-15,,No Transcript,0.0,0,1001,0,0,0,0.0
7617303110024809742,my.shopping.cartt,2026-03-15,,No Transcript,0.0,0,233,1,0,1,0.429
7617317893734239502,tinaswift5678,2026-03-15,,No Transcript,0.0,0,911,3,2,5,0.549
7617321792264244493,crystalann815,2026-03-15,,No Transcript,0.0,0,574,5,0,5,0.871
7617331935970331917,family.royal.us,2026-03-15,,No Transcript,0.0,0,1683,23,2,25,1.485
7617350986759294239,kanchu_suru1111,2026-03-14,,No Transcript,0.0,0,54,0,0,0,0.0
7617354185884880142,beeyoutfulllll,2026-03-15,,No Transcript,0.0,0,600,1,0,1,0.167
7617393781993753869,daisydelatorre04,2026-03-15,,No Transcript,0.0,0,104,3,0,3,2.885
7617399956969737502,amanda.strahan,2026-03-15,IF YOU WANT A SUPER CLEAN MOUTH OR YOU,Direct Audience Call-Out,0.0,0,1242,2,0,2,0.161
7617443482268978463,ximenac92,2026-03-15,,No Transcript,0.0,0,484,5,0,5,1.033
7617456153768824077,moefindsdeals,2026-03-15,,No Transcript,0.0,0,1087,0,0,0,0.0
7617464792130882846,abbs6335,2026-03-16,,No Transcript,0.0,0,866,0,0,0,0.0
7617467602637442335,the_lasthokage_,2026-03-15,,No Transcript,0.0,0,1307,2,0,2,0.153
7617474554755026189,dr_idara,2026-03-15,,No Transcript,0.0,0,317,1,0,1,0.315
7617497267401919758,sherlandafaye,2026-03-15,,No Transcript,0.0,0,961,1,0,1,0.104
7617498193319808269,livinglifewtina,2026-03-15,,No Transcript,0.0,0,331,0,0,0,0.0
7617502666599550239,kanchu_suru1111,2026-03-15,,No Transcript,0.0,0,468,36,10,46,9.829
7617513295045610782,awkwardreviews,2026-03-15,,No Transcript,0.0,0,199,3,0,3,1.508
7617521528816536845,savingyourcart,2026-03-15,Here's how to get this on a triple discount.,Offer / Deal / Urgency,0.0,0,1798,1,0,1,0.056
7617526190714129678,yey_valdez,2026-03-15,,No Transcript,0.0,0,186,4,0,4,2.151
7617526554490359071,buncfinds,2026-03-15,,No Transcript,0.0,0,1281,3,0,3,0.234
7617535189849345294,ictoa_shops,2026-03-15,,No Transcript,0.0,0,1,0,0,0,0.0
7617546720628575519,mamakimalways,2026-03-16,,No Transcript,0.0,0,598,9,0,9,1.505
7617553884705279246,yagirlcedes,2026-03-15,YOUR KIDS NEW FAVORITE TOOTHBRUSH You're the parent that,Bold Claim / Benefit,0.0,0,1597,8,0,8,0.501
7617555900492057870,radianta.deals,2026-03-15,Day 6 of brushing my teeth in 30 seconds.,Personal Story / POV,0.0,0,8190,12,0,12,0.147
7617559476849118478,anewchapterwithchrist,2026-03-15,,No Transcript,0.0,0,904,2,2,4,0.442
7617565068103798029,tinaswift5678,2026-03-15,,No Transcript,0.0,0,1432,8,2,10,0.698
7617573045573602591,itsoneidaaa,2026-03-15,,No Transcript,0.0,0,325,13,0,13,4.0
7617608984341597470,loriyoung814,2026-03-15,,No Transcript,0.0,0,40,1,0,1,2.5
7617611588710763807,loriyoung814,2026-03-15,,No Transcript,0.0,0,1202,4,2,6,0.499
7617613418115206430,akgreenkilburn,2026-03-15,,No Transcript,0.0,0,536,0,0,0,0.0
7617614656642845966,paolakunhardt,2026-03-15,,No Transcript,0.0,0,122,4,1,5,4.098
7617615567427554573,anshuuprety123,2026-03-15,,No Transcript,0.0,0,176,10,5,15,8.523
7617620287923735838,loriyoung814,2026-03-15,,No Transcript,0.0,0,765,0,0,0,0.0
7617629470186360095,vanessafairyann,2026-03-15,,No Transcript,0.0,0,313,4,1,5,1.597
7617633274613009694,tatianaperez7722,2026-03-15,,No Transcript,0.0,0,1002,9,0,9,0.898
7617643362027359519,kabitasharma69,2026-03-16,,No Transcript,0.0,0,1470,42,2,44,2.993
7617650904413605133,eltiktokshopdelisi,2026-03-16,,No Transcript,0.0,0,211,5,0,5,2.37
7617673250390183198,mmaylynnlove,2026-03-16,,No Transcript,0.0,0,438,3,0,3,0.685
7617674198797782286,poetry1980444,2026-03-16,,No Transcript,0.0,0,336,11,8,19,5.655
7617677644926045453,karlaapproved,2026-03-16,,No Transcript,0.0,0,959,1,0,1,0.104
7617685886414769439,madyy220,2026-03-16,,No Transcript,0.0,0,424,6,0,6,1.415
7617696181367360782,kourtybug,2026-03-16,,No Transcript,0.0,0,10675,44,5,49,0.459
7617702779263388941,currentinnovations.89,2026-03-16,,No Transcript,0.0,0,539,9,17,26,4.824
7617702884649536798,lolaandspyke,2026-03-16,,No Transcript,0.0,0,651,1,0,1,0.154
7617706879166205214,nayeliambrizz,2026-03-16,,No Transcript,0.0,0,500,11,0,11,2.2
7617707863850405151,candii_babyy,2026-03-16,,No Transcript,0.0,0,428,6,0,6,1.402
7617709232787361054,candii_babyy,2026-03-16,,No Transcript,0.0,0,1690,8,0,8,0.473
7617746847972527391,beautycomeswithin1,2026-03-16,,No Transcript,0.0,0,673,1,0,1,0.149
7617827774710959390,bigsavingshop,2026-03-16,,No Transcript,0.0,0,541,0,0,0,0.0
7617837800213187870,yustin.04,2026-03-16,,No Transcript,0.0,0,536,4,0,4,0.746
7617843337403338014,roselabele02,2026-03-16,,No Transcript,0.0,0,492,3,0,3,0.61
7617866701719309581,povshopdeals,2026-03-16,,No Transcript,0.0,0,642,0,0,0,0.0
7617868506851265823,tophealthbuys,2026-03-16,,No Transcript,0.0,0,556,0,0,0,0.0
7617868934687051038,tophealthbuys,2026-03-16,,No Transcript,0.0,0,294,0,0,0,0.0
7617869306314886430,tophealthbuys,2026-03-17,,No Transcript,0.0,0,393,0,0,0,0.0
7617869520371272990,tophealthbuys,2026-03-17,,No Transcript,0.0,0,467,1,0,1,0.214
7617875865753505055,brittanii.realtor,2026-03-16,,No Transcript,0.0,0,1825,8,0,8,0.438
7617883401038597407,the_lasthokage_,2026-03-16,,No Transcript,0.0,0,676,3,0,3,0.444
7617888410614631694,blessedandoutnumberedx5,2026-03-16,,No Transcript,0.0,0,1106,15,1,16,1.447
7617889983881334030,sabrinas_palace,2026-03-16,,No Transcript,0.0,0,765,4,0,4,0.523
7617895371922066702,my.shopping.cartt,2026-03-16,,No Transcript,0.0,0,113,0,0,0,0.0
7617899036305050893,mel_review,2026-03-16,,No Transcript,0.0,0,451,6,4,10,2.217
7617899351083437326,my.shopping.cartt,2026-03-16,,No Transcript,0.0,0,373,0,0,0,0.0
7617900713905114381,vndeal,2026-03-16,,No Transcript,0.0,0,184,0,0,0,0.0
7617902345464057102,mel_review,2026-03-16,,No Transcript,0.0,0,486,2,0,2,0.412
7617903290889571615,yanexykevin,2026-03-16,,No Transcript,0.0,0,437,34,2,36,8.238
7617904753355279629,mel_review,2026-03-16,,No Transcript,0.0,0,886,3,0,3,0.339
7617906631183027487,dailen192,2026-03-16,,No Transcript,0.0,0,42,4,1,5,11.905
7617906924901764365,mel_review,2026-03-16,,No Transcript,0.0,0,615,4,0,4,0.65
7617921986873904415,yessica29h0,2026-03-16,,No Transcript,0.0,0,543,6,0,6,1.105
7617922387404705054,lachuchita91,2026-03-16,,No Transcript,0.0,0,458,8,0,8,1.747
7617922938813107469,heavensent381,2026-03-16,,No Transcript,0.0,0,211,0,0,0,0.0
7617923585167953165,heavensent381,2026-03-16,,No Transcript,0.0,0,924,0,0,0,0.0
7617930390069644574,rosita.t.shop,2026-03-16,,No Transcript,0.0,0,334,6,0,6,1.796
7617931804787477774,jennifer.nicole.24,2026-03-16,,No Transcript,0.0,0,2,0,0,0,0.0
7617934560398953742,buyfromgabby,2026-03-16,,No Transcript,0.0,0,813,2,0,2,0.246
7617934626966867214,jennifer.nicole.24,2026-03-16,,No Transcript,0.0,0,56,2,0,2,3.571
7617937641014693133,stephaniie112694,2026-03-16,,No Transcript,0.0,0,777,21,4,25,3.218
7617938398212295967,wildttfinds,2026-03-16,,No Transcript,0.0,0,1154,0,0,0,0.0
7617938556668906782,wildttfinds,2026-03-16,,No Transcript,0.0,0,851,1,0,1,0.118
7617938646221589791,wildttfinds,2026-03-16,,No Transcript,0.0,0,767,3,0,3,0.391
7617939226117573901,teresasanchez50477,2026-03-16,,No Transcript,0.0,0,455,2,0,2,0.44
7617939357013527821,yanin_mairena,2026-03-16,,No Transcript,0.0,0,789,14,1,15,1.901
7617942934142471437,franklin_thebulldog,2026-03-16,,No Transcript,0.0,0,1108,4,0,4,0.361
7617945730921090318,abigaelantoined,2026-03-16,,No Transcript,0.0,0,780,2,0,2,0.256
7617952819156421918,daisydelatorre04,2026-03-16,,No Transcript,0.0,0,5,0,0,0,0.0
7617953557127482655,daisydelatorre04,2026-03-16,,No Transcript,0.0,0,211,4,0,4,1.896
7617955414205828365,deniellemeagan,2026-03-16,,No Transcript,0.0,0,502,7,0,7,1.394
7617957659542572319,cabrerasobelda,2026-03-16,,No Transcript,0.0,0,722,2,0,2,0.277
7617960681735785758,syllishares,2026-03-16,,No Transcript,0.0,0,400,0,0,0,0.0
7617964241051520286,mccaulibryant,2026-03-16,,No Transcript,0.0,0,849,3,0,3,0.353
7617964276501826847,skhanal1,2026-03-16,,No Transcript,0.0,0,139,1,0,1,0.719
7617973060150267167,daisydelatorre04,2026-03-16,,No Transcript,0.0,0,70,6,0,6,8.571
7617979463560711437,sadie.lane.design,2026-03-16,,No Transcript,0.0,0,488,7,0,7,1.434
7617986900946619678,maryshop91,2026-03-16,,No Transcript,0.0,0,683,3,0,3,0.439
7617990495528045838,emily_brisbois,2026-03-16,,No Transcript,0.0,0,1004,8,0,8,0.797
7617992658090233101,sandrorussor,2026-03-17,,No Transcript,0.0,0,219,5,1,6,2.74
7618001586681367822,jdlmoneyy,2026-03-16,,No Transcript,0.0,0,652,3,0,3,0.46
7618007296261754125,bomboncito127,2026-03-16,,No Transcript,0.0,0,120,3,0,3,2.5
7618007689792212237,stacyd1973.53,2026-03-17,,No Transcript,0.0,0,706,2,0,2,0.283
7618009953122487565,thuyaittran,2026-03-17,,No Transcript,0.0,0,1146,22,3,25,2.182
7618014287860124958,dustibraschler,2026-03-17,,No Transcript,0.0,0,790,3,0,3,0.38
7618014413467028766,queen_w27,2026-03-17,,No Transcript,0.0,0,387,0,0,0,0.0
7618015343977434382,juicydealss,2026-03-17,,No Transcript,0.0,0,605,3,0,3,0.496
7618020394267675934,mavericksmammaforever,2026-03-17,,No Transcript,0.0,0,903,1,0,1,0.111
7618024439044738334,the.real.hp,2026-03-17,,No Transcript,0.0,0,734,1,0,1,0.136
7618034805380336910,celenarivera15,2026-03-17,,No Transcript,0.0,0,916,3,0,3,0.328
7618035289667292430,dealfindsforyoueveryday,2026-03-17,,No Transcript,0.0,0,414,0,0,0,0.0
7618036121150197023,mommahavens,2026-03-17,,No Transcript,0.0,0,1058,17,1,18,1.701
7618036640300289310,als6075,2026-03-17,,No Transcript,0.0,0,34,0,0,0,0.0
7618047675245563149,knotty_prints,2026-03-17,,No Transcript,0.0,0,734,21,1,22,2.997
7618052527656897823,thriftytom2,2026-03-16,,No Transcript,0.0,0,603,0,0,0,0.0
7618055369637612813,bestorieever,2026-03-17,,No Transcript,0.0,0,58,0,0,0,0.0
7618071071064952078,ugcvibes_katy,2026-03-17,,No Transcript,0.0,0,543,3,1,4,0.737
7618071111120456991,schmeglysrevenge,2026-03-17,,No Transcript,0.0,0,1484,1,0,1,0.067
7618074088698924319,jhoalex35,2026-03-17,,No Transcript,0.0,0,598,6,0,6,1.003
7618088034159955231,aestheticjennrn,2026-03-17,,No Transcript,0.0,0,433,9,2,11,2.54
7618090383834139918,siacreatesit,2026-03-17,,No Transcript,0.0,0,737,29,12,41,5.563
7618139885123243277,thertoo80,2026-03-17,,No Transcript,0.0,0,37,7,0,7,18.919
7618141125051813150,lovie3333,2026-03-17,,No Transcript,0.0,0,548,2,0,2,0.365
7618204021987265822,nadousainthilaire0,2026-03-17,,No Transcript,0.0,0,83,19,10,29,34.94
7618217733343153439,wherebebe,2026-03-17,,No Transcript,0.0,0,582,5,0,5,0.859
7618220120745200910,juicydealss,2026-03-17,,No Transcript,0.0,0,584,2,0,2,0.342
7618220824847305997,jimmy_findz,2026-03-17,,No Transcript,0.0,0,374,5,0,5,1.337
7618231106575322399,tophealthbuys,2026-03-17,,No Transcript,0.0,0,285,0,0,0,0.0
7618231233138494750,tophealthbuys,2026-03-17,,No Transcript,0.0,0,637,1,0,1,0.157
7618231507320098079,tophealthbuys,2026-03-18,,No Transcript,0.0,0,352,1,1,2,0.568
7618232756220267806,tophealthbuys,2026-03-18,,No Transcript,0.0,0,244,0,0,0,0.0
7618239897299701023,legacybeauty95,2026-03-17,Brush your teeth in 20s A perfect girl A,Bold Claim / Benefit,0.0,0,2237,10,1,11,0.492
7618240732725382414,chismecitoshop,2026-03-17,This is an automatic toothbrush. This is a toothbrush,Demo / Product Intro,0.0,0,842,1,0,1,0.119
7618243499229498654,asiajae24,2026-03-17,,No Transcript,0.0,0,2421,21,4,25,1.033
7618247680233442590,birdtakes,2026-03-17,,No Transcript,0.0,0,693,1,0,1,0.144
7618254560783764766,birdtakes,2026-03-17,,No Transcript,0.0,0,9,0,0,0,0.0
7618257209201331469,shelonabelchicago,2026-03-17,,No Transcript,0.0,0,940,3,2,5,0.532
7618261512351681823,birdtakes,2026-03-17,,No Transcript,0.0,0,718,1,0,1,0.139
7618266247070780702,banohelen123,2026-03-17,,No Transcript,0.0,0,841,110,64,174,20.69
7618267616620203278,juicydealss,2026-03-17,,No Transcript,0.0,0,636,2,0,2,0.314
7618267955872271629,phamsfinds,2026-03-17,,No Transcript,0.0,0,643,0,0,0,0.0
7618293500659895566,myroomessantials,2026-03-17,,No Transcript,0.0,0,562,0,0,0,0.0
7618299911951469837,rosy.reyes.23,2026-03-17,,No Transcript,0.0,0,555,3,1,4,0.721
7618302698940566814,hunterscott336,2026-03-17,,No Transcript,0.0,0,318,3,0,3,0.943
7618308164777184543,laurenland77,2026-03-17,,No Transcript,0.0,0,3517,8,0,8,0.227
7618309546561391886,thattiktokgirl70,2026-03-17,,No Transcript,0.0,0,599,3,0,3,0.501
7618310581543652621,arle_dd_mom,2026-03-17,,No Transcript,0.0,0,621,19,8,27,4.348
7618311098751536397,jessandmialife,2026-03-17,,No Transcript,0.0,0,550,1,0,1,0.182
7618313633939934495,diane.smc,2026-03-17,,No Transcript,0.0,0,638,2,0,2,0.313
7618318517737213215,radhikanplbhattarai,2026-03-17,,No Transcript,0.0,0,190,12,3,15,7.895
7618324099806317837,phamsfinds,2026-03-17,,No Transcript,0.0,0,448,0,0,0,0.0
7618337114933021966,jennifer.nicole.24,2026-03-17,,No Transcript,0.0,0,57,4,0,4,7.018
7618337949943385374,dschwartziee,2026-03-17,,No Transcript,0.0,0,2015,3,0,3,0.149
7618338266835733790,beautyashnc,2026-03-17,,No Transcript,0.0,0,1071,6,0,6,0.56
7618339239654116621,nocapdeals1,2026-03-17,,No Transcript,0.0,0,551,0,0,0,0.0
7618348693988658462,belsbestfinds,2026-03-17,,No Transcript,0.0,0,979,0,0,0,0.0
7618368134776360223,jhoalex35,2026-03-17,,No Transcript,0.0,0,412,1,0,1,0.243
7618371983419428109,nocapdeals3,2026-03-17,,No Transcript,0.0,0,1661,4,0,4,0.241
7618377963855219982,kourtybug,2026-03-17,,No Transcript,0.0,0,2410,10,0,10,0.415
7618382875540344077,borninthe1990s,2026-03-18,,No Transcript,0.0,0,522,0,0,0,0.0
7618383155459935501,ttdealsalways,2026-03-18,,No Transcript,0.0,0,520,0,0,0,0.0
7618383206278106382,ttdealsalways,2026-03-18,,No Transcript,0.0,0,653,0,0,0,0.0
7618383231758486798,ttdealsalways,2026-03-18,,No Transcript,0.0,0,538,2,0,2,0.372
7618390861574835486,ffanick,2026-03-18,,No Transcript,0.0,0,505,27,13,40,7.921
7618391364341976334,jazzywazzy691,2026-03-18,,No Transcript,0.0,0,241,7,0,7,2.905
7618396285653011743,jhoalex35,2026-03-18,,No Transcript,0.0,0,1024,2,0,2,0.195
7618405559011642654,dschwartziee,2026-03-18,,No Transcript,0.0,0,1238,1,0,1,0.081
7618410924885478669,david.saldivar96,2026-03-18,,No Transcript,0.0,0,1137,8,0,8,0.704
7618415520089492749,dorotheajording,2026-03-18,,No Transcript,0.0,0,504,6,2,8,1.587
7618418019118648589,stephenp777,2026-03-18,,No Transcript,0.0,0,875,3,0,3,0.343
7618418275759705357,livinglifewtina,2026-03-18,,No Transcript,0.0,0,527,5,0,5,0.949
7618418347880828174,hustlehusbandsllc,2026-03-17,,No Transcript,0.0,0,54,0,0,0,0.0
7618424378585320735,lemon.finds,2026-03-18,,No Transcript,0.0,0,587,0,0,0,0.0
7618424570143411486,lemon.finds,2026-03-18,,No Transcript,0.0,0,197,0,0,0,0.0
7618426162427006239,fanyrecomienda,2026-03-18,,No Transcript,0.0,0,96,5,0,5,5.208
7618437673723661599,lemon.finds,2026-03-18,,No Transcript,0.0,0,125,0,0,0,0.0
7618439403320429838,cibelysmartinez35,2026-03-18,,No Transcript,0.0,0,202,6,0,6,2.97
7618440217392860430,goldenmangofinds,2026-03-18,,No Transcript,0.0,0,606,1,0,1,0.165
7618440683325541646,nocapdeals3,2026-03-18,,No Transcript,0.0,0,956,0,0,0,0.0
7618440869456268557,goldenmangofinds,2026-03-18,,No Transcript,0.0,0,582,1,0,1,0.172
7618441404770962702,goldenmangofinds,2026-03-18,,No Transcript,0.0,0,968,0,0,0,0.0
7618441737647738126,goldenmangofinds,2026-03-18,,No Transcript,0.0,0,2103,0,0,0,0.0
7618443143649791263,ttaylorfam,2026-03-18,,No Transcript,0.0,0,980,9,1,10,1.02
7618450463062576397,giselle8mugc,2026-03-18,,No Transcript,0.0,0,135,3,0,3,2.222
7618466775193160973,jaredtofy7,2026-03-18,,No Transcript,0.0,0,812,0,0,0,0.0
7618468224073534733,kat_glamgirl,2026-03-18,,No Transcript,0.0,0,144,0,0,0,0.0
7618490260472810766,nocapdeals1,2026-03-18,,No Transcript,0.0,0,641,0,0,0,0.0
7618506017432702239,mariebarnett318,2026-03-18,,No Transcript,0.0,0,137,8,0,8,5.839
7618508594060872990,mariebarnett318,2026-03-19,,No Transcript,0.0,0,6,0,0,0,0.0
7618544718850346271,ancestralshowcase,2026-03-18,,No Transcript,0.0,0,27,0,0,0,0.0
7618581092722937101,stacyd1973.53,2026-03-19,,No Transcript,0.0,0,808,4,0,4,0.495
7618582945107954974,nicolelake53,2026-03-18,,No Transcript,0.0,0,104,2,0,2,1.923
7618593516683267342,julianavollstedt,2026-03-18,,No Transcript,0.0,0,1676,3,3,6,0.358
7618604191300226334,mariebarnett318,2026-03-20,,No Transcript,0.0,0,36,0,0,0,0.0
7618611719866256654,darlinechery7,2026-03-18,,No Transcript,0.0,0,173,1,1,2,1.156
7618632421365402911,tiktokshopsbestshop,2026-03-18,,No Transcript,0.0,0,276,1,0,1,0.362
7618634212047899935,dailydealswithjay,2026-03-18,,No Transcript,0.0,0,258,0,0,0,0.0
7618635141065313567,dailydealswithjay,2026-03-18,,No Transcript,0.0,0,73,0,0,0,0.0
7618636562649173278,dailydealswithjay,2026-03-18,,No Transcript,0.0,0,85,0,0,0,0.0
7618640423505939726,mindforge_168,2026-03-18,,No Transcript,0.0,0,179,1,0,1,0.559
7618641029545200926,productsreview24,2026-03-18,,No Transcript,0.0,0,857,22,5,27,3.151
7618645785743281421,hpg5502,2026-03-18,,No Transcript,0.0,0,769,4,1,5,0.65
7618661789659565342,darra.da.gemini,2026-03-18,,No Transcript,0.0,0,60,0,0,0,0.0
7618663343817035038,homewithmechanelle,2026-03-18,,No Transcript,0.0,0,961,9,2,11,1.145
7618676965863640334,mommahannah5,2026-03-18,,No Transcript,0.0,0,453,1,0,1,0.221
7618680850783292685,tiktokshopsbestshop,2026-03-18,,No Transcript,0.0,0,1,0,0,0,0.0
7618682815441276173,tiktokshopsbestshop,2026-03-18,,No Transcript,0.0,0,73,0,0,0,0.0
7618685242475400478,kels.oconnor,2026-03-18,,No Transcript,0.0,0,1309,1,0,1,0.076
7618685628980514061,turtledealz,2026-03-18,,No Transcript,0.0,0,172,0,0,0,0.0
7618685918106438925,turtledealz,2026-03-18,,No Transcript,0.0,0,100,1,0,1,1.0
7618698922982165791,deal_duo,2026-03-18,,No Transcript,0.0,0,192,0,0,0,0.0
7618714775836445965,aldomendoza1287,2026-03-18,,No Transcript,0.0,0,539,0,0,0,0.0
7618726376249625870,jazzyredd786,2026-03-18,,No Transcript,0.0,0,581,7,1,8,1.377
7618727567012482318,gaellecineas7,2026-03-18,,No Transcript,0.0,0,93,3,0,3,3.226
7618730390999649566,dailydealswithjay,2026-03-18,,No Transcript,0.0,0,433,5,0,5,1.155
7618737996157783309,aracely29martinez,2026-03-18,,No Transcript,0.0,0,579,4,0,4,0.691
7618741828988243230,shopvibezone,2026-03-18,,No Transcript,0.0,0,115,0,0,0,0.0
7618742017757154591,sportsmomhacks1,2026-03-18,,No Transcript,0.0,0,91,2,0,2,2.198
7618742229003160862,shopvibezone,2026-03-18,,No Transcript,0.0,0,222,0,0,0,0.0
7618742662060838174,shopvibezone,2026-03-18,,No Transcript,0.0,0,218,0,0,0,0.0
7618761328760589599,helpthemommas,2026-03-19,,No Transcript,0.0,0,593,1,0,1,0.169
7618765802677832990,mariagabrielacova,2026-03-19,,No Transcript,0.0,0,115,2,0,2,1.739
7618765925680024846,bamabikermom,2026-03-19,,No Transcript,0.0,0,912,15,6,21,2.303
7618770873620745485,oh.hello.pretty,2026-03-19,,No Transcript,0.0,0,630,2,0,2,0.317
7618772429422234910,insusz,2026-03-19,,No Transcript,0.0,0,452,0,0,0,0.0
7618772623861828895,insusz,2026-03-19,,No Transcript,0.0,0,328,1,0,1,0.305
7618774548678233358,rae.meaux,2026-03-19,,No Transcript,0.0,0,544,3,0,3,0.551
7618774774067498253,nicoleowens559,2026-03-19,,No Transcript,0.0,0,616,5,0,5,0.812
7618777207359442207,mariagabrielacova,2026-03-19,,No Transcript,0.0,0,206,4,0,4,1.942
7618777520128724237,addtocartwithmegan,2026-03-19,,No Transcript,0.0,0,333,1,0,1,0.3
7618777570821016862,danick19_,2026-03-19,,No Transcript,0.0,0,1335,5,0,5,0.375
7618782839764487454,mariagabrielacova,2026-03-19,,No Transcript,0.0,0,100,3,0,3,3.0
7618786029637487886,my.shopping.cartt,2026-03-19,,No Transcript,0.0,0,595,0,0,0,0.0
7618786588239138061,oh.hello.pretty,2026-03-19,,No Transcript,0.0,0,589,0,0,0,0.0
7618800629510704397,jillybuglove,2026-03-19,,No Transcript,0.0,0,228,3,2,5,2.193
7618809324109827342,oh.hello.pretty,2026-03-19,,No Transcript,0.0,0,764,1,0,1,0.131
7618810600407174431,affiliate_ang_,2026-03-19,,No Transcript,0.0,0,276,2,0,2,0.725
7618813937055747359,schmeglysrevenge,2026-03-19,,No Transcript,0.0,0,1281,0,0,0,0.0
7618822784575114527,mariebarnett318,2026-03-19,,No Transcript,0.0,0,513,1,0,1,0.195
7618926683827047710,remygonzalo0,2026-03-19,,No Transcript,0.0,0,558,5,0,5,0.896
7618949434126126350,lorii_niicole,2026-03-19,,No Transcript,0.0,0,752,5,1,6,0.798
7618963711226694925,jazzyredd786,2026-03-19,,No Transcript,0.0,0,149,10,2,12,8.054
7618969911691382030,talkmommatome,2026-03-19,,No Transcript,0.0,0,437,1,0,1,0.229
7618973384436632846,mrs.kbhy,2026-03-19,,No Transcript,0.0,0,1151,5,0,5,0.434
7618981643935567118,amberkelleyaden,2026-03-19,,No Transcript,0.0,0,744,2,0,2,0.269
7618981666807172366,addtocartwithmegan,2026-03-19,,No Transcript,0.0,0,538,1,0,1,0.186
7618982157452692749,meganrenee7821,2026-03-19,,No Transcript,0.0,0,78,0,0,0,0.0
7618987738112494861,mg.aou,2026-03-19,,No Transcript,0.0,0,352,1,0,1,0.284
7618994495836802317,smalltownteacherlife1,2026-03-19,,No Transcript,0.0,0,481,7,5,12,2.495
7619004795847838990,daifindscollabs,2026-03-19,,No Transcript,0.0,0,503,3,0,3,0.596
7619006103933685022,mariebarnett318,2026-03-19,,No Transcript,0.0,0,69,0,0,0,0.0
7619010272631475486,universe.pro77,2026-03-19,,No Transcript,0.0,0,126,8,3,11,8.73
7619016333597936927,zielzebub,2026-03-19,,No Transcript,0.0,0,8919,208,0,208,2.332
7619020885789379870,affiliatezshop.us,2026-03-19,,No Transcript,0.0,0,1595,1,0,1,0.063
7619023652813671710,insider.deals,2026-03-19,,No Transcript,0.0,0,197,0,0,0,0.0
7619023739358842143,affiliatezshop.us,2026-03-19,,No Transcript,0.0,0,1327,2,0,2,0.151
7619027826842275103,,2026-03-19,,No Transcript,0.0,0,83,1,0,1,1.205
7619028061488434445,savingyourcart,2026-03-19,,No Transcript,0.0,0,652,0,0,0,0.0
7619028291575467277,elmagilbert1910,2026-03-19,,No Transcript,0.0,0,1307,10,6,16,1.224
7619036603486440718,classyepic,2026-03-19,,No Transcript,0.0,0,47,0,0,0,0.0
7619038374556454175,icyyrolex,2026-03-19,,No Transcript,0.0,0,1049,1,0,1,0.095
7619044958158327053,_yesitsyess,2026-03-19,,No Transcript,0.0,0,282,6,1,7,2.482
7619047894645067022,madambaniza,2026-03-19,,No Transcript,0.0,0,1220,12,2,14,1.148
7619052318893362445,mindforge_168,2026-03-19,,No Transcript,0.0,0,830,5,0,5,0.602
7619061529467424030,cozyfindsbyvk,2026-03-19,,No Transcript,0.0,0,243,2,0,2,0.823
7619064803012709646,jennicepiris,2026-03-19,,No Transcript,0.0,0,356,9,8,17,4.775
7619067627796761887,crazynaturevideos,2026-03-19,,No Transcript,0.0,0,280,1,0,1,0.357
7619067690686188830,crazynaturevideos,2026-03-19,,No Transcript,0.0,0,164,1,0,1,0.61
7619069139629395214,kimberlyratzell,2026-03-19,,No Transcript,0.0,0,614,3,4,7,1.14
7619069404369734943,crazynaturevideos,2026-03-19,,No Transcript,0.0,0,356,0,0,0,0.0
7619077580695670029,franklin_thebulldog,2026-03-19,,No Transcript,0.0,0,1164,12,13,25,2.148
7619081286820400398,judyk125,2026-03-19,,No Transcript,0.0,0,575,2,0,2,0.348
7619087534513081614,danielaa.aah,2026-03-19,,No Transcript,0.0,0,321,9,0,9,2.804
7619092219596770591,one_strong_mother,2026-03-19,,No Transcript,0.0,0,1995,12,0,12,0.602
7619097518063865119,david.diy88,2026-03-19,Today is the last day of the biggest sale,Offer / Deal / Urgency,0.0,0,1940,2,2,4,0.206
7619097747605556511,dschwartziee,2026-03-19,,No Transcript,0.0,0,1493,2,0,2,0.134
7619098010697354526,david.diy88,2026-03-19,Anyone else grabbing a boatload of the Autobrush today,Social Proof / Testimonial,0.0,0,1881,1,0,1,0.053
7619101133067390239,keyrireyes12,2026-03-19,,No Transcript,0.0,0,860,2,0,2,0.233
7619104329202470158,cblanchard76,2026-03-19,,No Transcript,0.0,0,1376,20,16,36,2.616
7619109016953769247,wellnessandwhiskers,2026-03-20,,No Transcript,0.0,0,921,7,0,7,0.76
7619109763984411917,tiktokshopsbestshop,2026-03-19,,No Transcript,0.0,0,658,2,0,2,0.304
7619115308086840590,tiktokshopsbestshop,2026-03-19,,No Transcript,0.0,0,842,5,0,5,0.594
7619117430148779295,shop.with.naomi,2026-03-19,,No Transcript,0.0,0,2052,4,0,4,0.195
7619118779175308558,roxbox273,2026-03-19,,No Transcript,0.0,0,573,1,0,1,0.175
7619120729426021645,yey_valdez,2026-03-20,,No Transcript,0.0,0,395,3,0,3,0.759
7619125040340077838,roxbox273,2026-03-20,,No Transcript,0.0,0,426,0,0,0,0.0
7619125409115835678,remygonzalo0,2026-03-20,,No Transcript,0.0,0,557,1,0,1,0.18
7619126457771592991,virgobosslady.ugc,2026-03-20,Adult electric toothbrush. So I got the adult electric,Demo / Product Intro,0.0,0,1319,7,1,8,0.607
7619128828790672670,remygonzalo0,2026-03-20,,No Transcript,0.0,0,512,1,0,1,0.195
7619136557945081102,hudsondeuxparfume,2026-03-20,,No Transcript,0.0,0,925,6,1,7,0.757
7619143568711503118,sandrorussor,2026-03-20,,No Transcript,0.0,0,545,4,1,5,0.917
7619175912264781087,videoshak,2026-03-20,,No Transcript,0.0,0,888,6,2,8,0.901
7619181012601310477,faithjdeals,2026-03-20,,No Transcript,0.0,0,580,0,0,0,0.0
7619194733830737166,tiktokshopsbestshop,2026-03-20,,No Transcript,0.0,0,613,3,0,3,0.489
7619195572934675742,ralphiesreviews,2026-03-20,,No Transcript,0.0,0,1164,9,1,10,0.859
7619195808109317389,tiktokshopsbestshop,2026-03-20,,No Transcript,0.0,0,567,2,0,2,0.353
7619197514125724941,tiktokshopsbestshop,2026-03-20,,No Transcript,0.0,0,527,1,0,1,0.19
7619198500965780749,daisydelatorre04,2026-03-20,,No Transcript,0.0,0,257,2,0,2,0.778
7619199370264677662,melenalpz,2026-03-21,,No Transcript,0.0,0,718,4,4,8,1.114
7619213832195673375,shendzdeals,2026-03-20,,No Transcript,0.0,0,707,0,0,0,0.0
7619214322039934239,shendzdeals,2026-03-20,,No Transcript,0.0,0,605,0,0,0,0.0
7619222804663225614,missxkenshin,2026-03-20,,No Transcript,0.0,0,4358,13,0,13,0.298
7619225120166415629,tt.so,2026-03-20,,No Transcript,0.0,0,1177,6,0,6,0.51
7619231270278614285,jellyblueguy,2026-03-20,,No Transcript,0.0,0,606,0,0,0,0.0
7619231670696234254,jellyblueguy,2026-03-20,,No Transcript,0.0,0,411,0,0,0,0.0
7619231930260737293,jellyblueguy,2026-03-20,,No Transcript,0.0,0,577,0,0,0,0.0
7619236198002789645,reyandmomadventures,2026-03-20,,No Transcript,0.0,0,624,1,0,1,0.16
7619243290478644494,carolinachiick,2026-03-20,,No Transcript,0.0,0,605,3,0,3,0.496
7619253320846314783,hidden_gems44,2026-03-20,,No Transcript,0.0,0,1837,1,0,1,0.054
7619258017174785310,affiliatezshop.us,2026-03-20,,No Transcript,0.0,0,3163,3,0,3,0.095
7619259619260501261,cblanchard76,2026-03-20,,No Transcript,0.0,0,1013,9,4,13,1.283
7619322963946441997,daisydelatorre04,2026-03-20,,No Transcript,0.0,0,206,2,0,2,0.971
7619327118467517709,christyyoo,2026-03-20,,No Transcript,0.0,0,1789,23,14,37,2.068
7619334489843535134,cozyfindsbyvk,2026-03-20,,No Transcript,0.0,0,267,2,1,3,1.124
7619339321035771149,franklin_thebulldog,2026-03-20,,No Transcript,0.0,0,1194,2,0,2,0.168
7619344433431039245,kaidynash,2026-03-20,,No Transcript,0.0,0,985,7,2,9,0.914
7619344937875787038,mariebarnett318,2026-03-20,,No Transcript,0.0,0,31,0,0,0,0.0
7619345689855659295,kelseysfavfinds,2026-03-20,,No Transcript,0.0,0,1468,1,0,1,0.068
7619345859393654046,mrsnadeige,2026-03-20,,No Transcript,0.0,0,207,3,2,5,2.415
7619348113408494878,mariebarnett318,2026-03-21,,No Transcript,0.0,0,161,3,0,3,1.863
7619351118681820447,tiktokshopsbestshop,2026-03-20,,No Transcript,0.0,0,982,2,0,2,0.204
7619353867158883615,ppierre1234,2026-03-20,,No Transcript,0.0,0,1118,4,0,4,0.358
7619357724953922847,vickyapproved,2026-03-20,,No Transcript,0.0,0,449,3,0,3,0.668
7619360127501618446,crazynaturevideos,2026-03-20,,No Transcript,0.0,0,237,1,0,1,0.422
7619361291290873101,crazynaturevideos,2026-03-20,,No Transcript,0.0,0,187,0,0,0,0.0
7619361402188221727,ppierre1234,2026-03-20,,No Transcript,0.0,0,2522,11,2,13,0.515
7619362741597244702,facesbytiffy,2026-03-20,,No Transcript,0.0,0,928,1,0,1,0.108
7619371471865007374,kimberlyratzell,2026-03-20,,No Transcript,0.0,0,12,0,0,0,0.0
7619373917093858573,kimberlyratzell,2026-03-20,That thing looks wild! This is how you use,Bold Claim / Benefit,0.0,0,1150,2,1,3,0.261
7619376314616728845,tiktokshopsbestshop,2026-03-20,,No Transcript,0.0,0,624,1,0,1,0.16
7619386672580529438,tiktokshopsbestshop,2026-03-20,,No Transcript,0.0,0,1003,1,0,1,0.1
7619396522748153118,chronically_demi,2026-03-20,,No Transcript,0.0,0,47,2,0,2,4.255
7619402800400747807,pincinella,2026-03-20,,No Transcript,0.0,0,1323,15,2,17,1.285
7619416362838002958,tiktokshopsbestshop,2026-03-20,,No Transcript,0.0,0,833,2,0,2,0.24
7619425458265918750,kayla_noel92,2026-03-20,,No Transcript,0.0,0,1224,19,1,20,1.634
7619428688228093198,jessica_waldrop,2026-03-20,,No Transcript,0.0,0,3352,44,3,47,1.402
7619437598209101086,kylobear333,2026-03-21,,No Transcript,0.0,0,1058,6,0,6,0.567
7619439507124817182,ariashopppp,2026-03-20,,No Transcript,0.0,0,546,1,0,1,0.183
7619466100782288158,crazynaturevideos,2026-03-22,,No Transcript,0.0,0,1417,2,0,2,0.141
7619468287621041422,cblanchard76,2026-03-20,,No Transcript,0.0,0,1184,4,2,6,0.507
7619470838965865742,cblanchard76,2026-03-20,,No Transcript,0.0,0,602,5,2,7,1.163
7619476250620415263,selena_g.r,2026-03-20,,No Transcript,0.0,0,1303,9,0,9,0.691
7619486283777232142,cherishtheealexanders,2026-03-20,,No Transcript,0.0,0,838,14,8,22,2.625
7619501135824571679,rosy.reyes.23,2026-03-21,,No Transcript,0.0,0,662,12,0,12,1.813
7619506018078231821,tiktokshopsbestshop,2026-03-21,,No Transcript,0.0,0,553,0,0,0,0.0
7619507991766633759,jennyb12312001,2026-03-21,,No Transcript,0.0,0,642,0,0,0,0.0
7619521860119579918,sierravanwinkle8,2026-03-21,,No Transcript,0.0,0,710,2,0,2,0.282
7619525825662045471,schmeglysrevenge,2026-03-21,,No Transcript,0.0,0,2883,2,0,2,0.069
7619528949294632222,therealthoard93,2026-03-21,,No Transcript,0.0,0,353,0,0,0,0.0
7619529685797571871,_raikss,2026-03-21,,No Transcript,0.0,0,1076,7,0,7,0.651
7619542153496202526,eeveesmama1,2026-03-21,,No Transcript,0.0,0,820,4,0,4,0.488
7619546183005981983,jenniferfanmokap123,2026-03-21,,No Transcript,0.0,0,828,4,2,6,0.725
7619552213165231391,natashadp12621,2026-03-21,,No Transcript,0.0,0,933,5,0,5,0.536
7619562183428476191,martinezzz5o3,2026-03-21,,No Transcript,0.0,0,1215,2,0,2,0.165
7619568028224589069,,2026-03-21,,No Transcript,0.0,0,54,4,0,4,7.407
7619570390611807501,marcefinds1,2026-03-21,,No Transcript,0.0,0,43,1,0,1,2.326
7619604666988514574,sebastiansfilms209,2026-03-21,,No Transcript,0.0,0,10,1,0,1,10.0
7619674493132344607,,2026-03-21,,No Transcript,0.0,0,1698,1,0,1,0.059
7619682117835902221,juicydealss,2026-03-21,,No Transcript,0.0,0,1271,1,0,1,0.079
7619684327869271326,,2026-03-21,,No Transcript,0.0,0,1175,1,0,1,0.085
7619694830867778830,siacreatesit,2026-03-21,It's drill weekend and I'm running late so let's,Personal Story / POV,0.0,0,1236,22,5,27,2.184
7619706836500925709,cblanchard76,2026-03-21,,No Transcript,0.0,0,840,6,5,11,1.31
7619707943063162125,dang_it_mike,2026-03-21,,No Transcript,0.0,0,263,0,0,0,0.0
7619713663515004173,juicydealss,2026-03-21,,No Transcript,0.0,0,2577,3,0,3,0.116
7619738878215228685,duranfinds,2026-03-21,,No Transcript,0.0,0,887,0,0,0,0.0
7619740458918432030,xoash311,2026-03-21,,No Transcript,0.0,0,1206,5,4,9,0.746
7619750089409563918,lakevion1920,2026-03-21,,No Transcript,0.0,0,708,12,0,12,1.695
7619752858963004703,tashiasnowmosley,2026-03-21,,No Transcript,0.0,0,974,2,0,2,0.205
7619754337757105422,ictoa_shops,2026-03-21,,No Transcript,0.0,0,1236,10,0,10,0.809
7619766845289106702,franklin_thebulldog,2026-03-21,,No Transcript,0.0,0,501,6,1,7,1.397
7619771689211006239,.godislove1,2026-03-21,,No Transcript,0.0,0,690,2,0,2,0.29
7619781481229077774,juicydealss,2026-03-21,,No Transcript,0.0,0,1043,1,0,1,0.096
7619790496747080974,drewstersdeals,2026-03-21,,No Transcript,0.0,0,167,0,0,0,0.0
7619801521479322894,naturally_mia,2026-03-21,,No Transcript,0.0,0,1507,7,0,7,0.464
7619804353276169503,garjarai12,2026-03-21,,No Transcript,0.0,0,639,29,1,30,4.695
7619806549460012301,easydealz3,2026-03-21,,No Transcript,0.0,0,842,1,0,1,0.119
7619814575734672654,lavidaofcassie,2026-03-21,,No Transcript,0.0,0,773,14,0,14,1.811
7619831094208253215,mydadmexicanaf,2026-03-21,,No Transcript,0.0,0,28,0,0,0,0.0
7619832752036138271,ariashopppp,2026-03-21,,No Transcript,0.0,0,103,1,0,1,0.971
7619835928571333918,becausekoacares,2026-03-21,,No Transcript,0.0,0,238,2,0,2,0.84
7619838489554701598,candi.land18,2026-03-21,,No Transcript,0.0,0,102,2,0,2,1.961
7619846768167095582,sheli01,2026-03-21,,No Transcript,0.0,0,387,7,0,7,1.809
7619866566347296013,user8480080225861,2026-03-22,,No Transcript,0.0,0,928,18,4,22,2.371
7619867022368754974,simplesmithlife,2026-03-22,"Hey y'all, hope you're having a good one. We",Other / No Clear Hook,0.0,0,1476,7,0,7,0.474
7619877766619499790,nikkiwash17,2026-03-22,,No Transcript,0.0,0,615,0,0,0,0.0
7619879572191956254,becausekoacares,2026-03-22,,No Transcript,0.0,0,164,0,0,0,0.0
7619881644777917709,stephenp777,2026-03-22,,No Transcript,0.0,0,658,2,0,2,0.304
7619883466418621709,destinie424,2026-03-22,,No Transcript,0.0,0,679,21,7,28,4.124
7619894206554852622,collabwithhollyb,2026-03-22,,No Transcript,0.0,0,683,9,0,9,1.318
7619897407890902303,mycatsapprovethis,2026-03-22,,No Transcript,0.0,0,1272,105,0,105,8.255
7619910399105748255,kathyfamilyof6,2026-03-22,,No Transcript,0.0,0,1499,5,1,6,0.4
7619912723815501087,ashman.finds,2026-03-22,,No Transcript,0.0,0,266,4,0,4,1.504
7619917337377983757,siacreatesit,2026-03-22,Look how soft these bristles are... but they still,Demo / Product Intro,0.0,0,1684,17,4,21,1.247
7619925564962442527,hidden_gems44,2026-03-22,,No Transcript,0.0,0,1696,2,0,2,0.118
7619926776457809182,becausekoacares,2026-03-22,,No Transcript,0.0,0,495,1,0,1,0.202
7619930222821002509,dara_sahm,2026-03-22,,No Transcript,0.0,0,775,12,10,22,2.839
7619933376648170782,tiktokshopsbestshop,2026-03-22,,No Transcript,0.0,0,1121,3,0,3,0.268
7619934520048979213,nyequestrian,2026-03-22,,No Transcript,0.0,0,369,2,0,2,0.542
7619940003887467790,stephenp777,2026-03-22,,No Transcript,0.0,0,830,3,0,3,0.361
7619955824793881887,claudiaorellanamoz,2026-03-22,,No Transcript,0.0,0,893,2,0,2,0.224
7619956839366626574,risingphoenix_007,2026-03-22,,No Transcript,0.0,0,1574,15,11,26,1.652
7619970513691102495,affiliatezshop.us,2026-03-22,,No Transcript,0.0,0,1224,0,0,0,0.0
7620065740632116494,juicydealss,2026-03-22,,No Transcript,0.0,0,1817,1,0,1,0.055
7620083031092514079,larios_29,2026-03-22,,No Transcript,0.0,0,718,25,8,33,4.596
7620092132551888158,alchemistvibes369,2026-03-22,,No Transcript,0.0,0,1302,8,14,22,1.69
7620107797664992543,kingpivi,2026-03-22,,No Transcript,0.0,0,1286,13,3,16,1.244
7620113901836848397,godchild137,2026-03-22,,No Transcript,0.0,0,390,4,0,4,1.026
7620115501447908639,dominique.presume2,2026-03-22,,No Transcript,0.0,0,828,2,0,2,0.242
7620117190079024414,charleysmom14,2026-03-22,,No Transcript,0.0,0,830,2,0,2,0.241
7620121169215130910,pattisagersenn,2026-03-22,,No Transcript,0.0,0,280,6,1,7,2.5
7620127115987488013,msjvckson4,2026-03-22,,No Transcript,0.0,0,1824,4,0,4,0.219
7620128706350042398,abbs6335,2026-03-22,,No Transcript,0.0,0,999,24,6,30,3.003
7620147343815445773,colleenwilly,2026-03-22,,No Transcript,0.0,0,156,5,0,5,3.205
7620148336510782733,odalyssanchez57,2026-03-22,,No Transcript,0.0,0,674,6,3,9,1.335
7620161547712728350,mamakimalways,2026-03-23,,No Transcript,0.0,0,8738,56,2,58,0.664
7620175316828392717,tiktokshopsbestshop,2026-03-22,,No Transcript,0.0,0,2001,2,0,2,0.1
7620190315885907214,peoples1969genx,2026-03-22,,No Transcript,0.0,0,833,0,0,0,0.0
7620204711227968798,chaparritacastromakeup,2026-03-22,,No Transcript,0.0,0,2140,3,0,3,0.14
7620205942050704654,allayshe,2026-03-22,,No Transcript,0.0,0,27966,19,0,19,0.068
7620234652845968671,tiktokshopsbestshop,2026-03-23,,No Transcript,0.0,0,1615,4,0,4,0.248
7620235747370601742,girlmomentswithbrooke,2026-03-23,,No Transcript,0.0,0,1473,3,0,3,0.204
7620237203473583390,kingpivi,2026-03-23,Coucou ma belle. Alors voici la brosse là qui,Other / No Clear Hook,0.0,0,1105,11,0,11,0.995
7620245907988024590,nikkiwash17,2026-03-23,,No Transcript,0.0,0,905,1,0,1,0.11
7620252087145860365,curatedbykara,2026-03-23,,No Transcript,0.0,0,836,0,0,0,0.0
7620254106640338207,ralphiesreviews,2026-03-23,,No Transcript,0.0,0,1229,7,0,7,0.57
7620259451085409566,_i_am_gotti,2026-03-23,,No Transcript,0.0,0,1661,45,5,50,3.01
7620266086835014943,ralphiesreviews,2026-03-23,,No Transcript,0.0,0,1505,6,0,6,0.399
7620267741899017503,lovelykanchi2005,2026-03-23,,No Transcript,0.0,0,1485,15,0,15,1.01
7620284123088751902,wellnessandwhiskers,2026-03-23,,No Transcript,0.0,0,1697,4,0,4,0.236
7620284945562389790,kennedylin01,2026-03-23,,No Transcript,0.0,0,542,15,9,24,4.428
7620291074711489806,casarra.rose.moralez,2026-03-22,,No Transcript,0.0,0,10,0,0,0,0.0
7620292923594231070,wellnessandwhiskers,2026-03-23,,No Transcript,0.0,0,1680,4,0,4,0.238
7620293233490365727,tiktokshopsbestshop,2026-03-23,,No Transcript,0.0,0,1059,2,0,2,0.189
7620302714999688461,casarra.rose.moralez,2026-03-23,,No Transcript,0.0,0,1106,0,0,0,0.0
7620303778197048590,une_bellebouche,2026-03-23,,No Transcript,0.0,0,654,1,0,1,0.153
7620307481239047454,angelskye05,2026-03-23,,No Transcript,0.0,0,1594,3,1,4,0.251
7620309357451889934,momfindsbytrezh,2026-03-22,,No Transcript,0.0,0,2,0,0,0,0.0
7620310017064832270,momfindsbytrezh,2026-03-23,,No Transcript,0.0,0,60,6,0,6,10.0
7620340034255817997,sebastiansfilms209,2026-03-23,,No Transcript,0.0,0,32,1,0,1,3.125
7620345190359829774,sebastiansfilms209,2026-03-23,,No Transcript,0.0,0,35,0,0,0,0.0
7620356289398410509,paolaaa_perdomo,2026-03-23,,No Transcript,0.0,0,1265,6,0,6,0.474
7620403061885799710,lilylifestyle32,2026-03-23,,No Transcript,0.0,0,829,11,0,11,1.327
7620422809004592397,tiktokshopsbestshop,2026-03-23,,No Transcript,0.0,0,2054,3,2,5,0.243
7620433516857150733,franklin_thebulldog,2026-03-23,,No Transcript,0.0,0,770,2,0,2,0.26
7620439461872110862,bearsbuys,2026-03-23,,No Transcript,0.0,0,635,0,0,0,0.0
7620448852855852319,faith_rose536,2026-03-23,,No Transcript,0.0,0,1303,2,0,2,0.153
7620450538219490590,ralphiesreviews,2026-03-23,,No Transcript,0.0,0,1207,4,0,4,0.331
7620460613738728718,buzzinvestments,2026-03-23,,No Transcript,0.0,0,1142,0,0,0,0.0
7620481522319117582,sebastiansfilms209,2026-03-23,,No Transcript,0.0,0,106,0,0,0,0.0
7620509228884692237,cinnataco725,2026-03-23,,No Transcript,0.0,0,175,0,0,0,0.0
7620513079511633182,radhacm6,2026-03-23,,No Transcript,0.0,0,219,3,1,4,1.826
7620517352051838239,gracekraf,2026-03-23,,No Transcript,0.0,0,12,0,0,0,0.0
7620521038954188045,cinnataco725,2026-03-23,,No Transcript,0.0,0,656,1,0,1,0.152
7620527620656024863,gracekraf,2026-03-23,,No Transcript,0.0,0,1706,6,0,6,0.352
7620531744931974414,yolandaromero1111,2026-03-23,,No Transcript,0.0,0,785,5,1,6,0.764
7620533227295477022,kim_berrrrr,2026-03-23,Say goodbye to manual brushing and hello to the,Bold Claim / Benefit,0.0,0,1087,2,0,2,0.184
7620541384629554446,buzzinvestments,2026-03-23,,No Transcript,0.0,0,769,0,0,0,0.0
7620543507652005134,ladomi664,2026-03-23,,No Transcript,0.0,0,1423,5,1,6,0.422
7620551426422410527,deadra_s_s,2026-03-23,,No Transcript,0.0,0,86,3,0,3,3.488
7620556733538176270,contactowen,2026-03-23,,No Transcript,0.0,0,566,0,0,0,0.0
7620556746943204639,homeofbehishta,2026-03-23,"Every mother, along with me, struggles with brushing their",Direct Audience Call-Out,0.0,0,2657,116,0,116,4.366
7620558846641196301,cvasiliqi,2026-03-23,,No Transcript,0.0,0,332,4,0,4,1.205
7620562370598800671,marinadelnar,2026-03-23,,No Transcript,0.0,0,306,4,1,5,1.634
7620586532952460557,tiktokshopsbestshop,2026-03-23,,No Transcript,0.0,0,576,0,0,0,0.0
7620600310934867231,buzzinvestments,2026-03-23,,No Transcript,0.0,0,952,1,0,1,0.105
7620604540521368846,jessicalauren202,2026-03-23,,No Transcript,0.0,0,917,3,0,3,0.327
7620608909312544013,ny199560,2026-03-24,,No Transcript,0.0,0,386,4,0,4,1.036
7620609601670614302,tacietalks,2026-03-24,,No Transcript,0.0,0,335,4,3,7,2.09
7620610824679214349,brendasantosvzla,2026-03-24,,No Transcript,0.0,0,1563,7,0,7,0.448
7620611743605181709,sandrorussor,2026-03-24,,No Transcript,0.0,0,548,4,2,6,1.095
7620616482279476511,elis_cubanita,2026-03-24,,No Transcript,0.0,0,1423,9,0,9,0.632
7620623211360800013,stephsteeed,2026-03-24,,No Transcript,0.0,0,715,4,0,4,0.559
7620624192244944159,johnnyplug,2026-03-24,,No Transcript,0.0,0,104,0,0,0,0.0
7620625778086120717,mitostiendita,2026-03-24,,No Transcript,0.0,0,121,10,0,10,8.264
7620627385116806414,mitostiendita,2026-03-24,,No Transcript,0.0,0,170,8,0,8,4.706
7620629260000152846,mitostiendita,2026-03-24,,No Transcript,0.0,0,174,12,0,12,6.897
7620630158436797727,claudiaorellanamoz,2026-03-24,,No Transcript,0.0,0,521,0,0,0,0.0
7620634457921424670,sidetrack99,2026-03-24,,No Transcript,0.0,0,599,6,0,6,1.002
7620642110907108639,jesellz19,2026-03-24,,No Transcript,0.0,0,519,0,0,0,0.0
7620642289479601421,wisquitomama,2026-03-24,,No Transcript,0.0,0,466,4,1,5,1.073
7620642484883950878,tiktokshopsbestshop,2026-03-24,,No Transcript,0.0,0,541,1,0,1,0.185
7620650752586911006,jesellz19,2026-03-24,Here's how to get this on a triple discount.,Offer / Deal / Urgency,0.0,0,902,0,0,0,0.0
7620651802127617293,lucymoon17,2026-03-24,,No Transcript,0.0,0,818,2,0,2,0.244
7620655618205977887,ralphiesreviews,2026-03-24,,No Transcript,0.0,0,1009,7,0,7,0.694
7620657976449256735,gettheseproductz,2026-03-24,,No Transcript,0.0,0,32,1,0,1,3.125
7620664470058061086,tiktokshopsbestshop,2026-03-24,,No Transcript,0.0,0,596,2,0,2,0.336
7620667772091108622,ny199560,2026-03-24,,No Transcript,0.0,0,433,3,0,3,0.693
7620670426498288927,happyjujustar,2026-03-24,,No Transcript,0.0,0,2080,8,3,11,0.529
7620676942303464718,valunattshop,2026-03-24,,No Transcript,0.0,0,369,1,0,1,0.271
7620686609830169869,charliesympho5,2026-03-24,,No Transcript,0.0,0,144,5,1,6,4.167
7620687714374913293,lylyafuentes,2026-03-24,,No Transcript,0.0,0,136,2,0,2,1.471
7620688751823555854,lylyafuentes,2026-03-24,,No Transcript,0.0,0,89,3,0,3,3.371
7620689733319937311,larios_29,2026-03-24,,No Transcript,0.0,0,824,12,1,13,1.578
7620690299521781005,lylyafuentes,2026-03-24,,No Transcript,0.0,0,67,4,0,4,5.97
7620698413146983693,mijindonp,2026-03-24,,No Transcript,0.0,0,761,1,0,1,0.131
7620717215419026702,smile__more,2026-03-24,,No Transcript,0.0,0,199,1,0,1,0.503
7620717274193775885,tarajaff95,2026-03-24,If you have a child that hates brushing their,Direct Audience Call-Out,0.0,0,1556,14,0,14,0.9
7620733607585402142,jattcali13,2026-03-24,Oh haan ji kida babeyo babeyo babeyo Jina de,Other / No Clear Hook,0.0,0,4705,28,0,28,0.595
7620764163366833439,sidetrack99,2026-03-24,,No Transcript,0.0,0,606,1,0,1,0.165
7620782675535629581,stellaknight_xo,2026-03-24,,No Transcript,0.0,0,1188,1,0,1,0.084
7620793379227438366,ximenac92,2026-03-24,,No Transcript,0.0,0,825,17,3,20,2.424
7620802387866832141,tiktokshopsbestshop,2026-03-24,,No Transcript,0.0,0,635,2,0,2,0.315
7620808084029492494,deal.plug4,2026-03-24,,No Transcript,0.0,0,1304,1,0,1,0.077
7620830619144047886,travelertracey,2026-03-24,,No Transcript,0.0,0,1,0,0,0,0.0
7620830826623716622,travelertracey,2026-03-24,,No Transcript,0.0,0,1146,9,16,25,2.182
7620840127023156510,daisydelatorre04,2026-03-24,,No Transcript,0.0,0,79,5,0,5,6.329
7620856818369105165,allie_momlife,2026-03-24,,No Transcript,0.0,0,1143,3,0,3,0.262
7620856908752178445,brendasantosvzla,2026-03-24,"Estoy simplemente enamorada con mi cepillo de dientes automático,",Social Proof / Testimonial,0.0,0,7302,14,2,16,0.219
7620860603929857293,siacreatesit,2026-03-24,,No Transcript,0.0,0,432,31,8,39,9.028
7620871060656770335,vickyvolz,2026-03-24,"So, hey guys, check this out. We just got",Demo / Product Intro,0.0,0,16275,52,3,55,0.338
7620875626823617823,kayla_noel92,2026-03-24,,No Transcript,0.0,0,471,11,2,13,2.76
7620899717093838093,classyepic,2026-03-24,,No Transcript,0.0,0,35,0,0,0,0.0
7620901016015310093,franklin_thebulldog,2026-03-24,,No Transcript,0.0,0,384,2,0,2,0.521
7620901072629959949,dlocmps02,2026-03-24,,No Transcript,0.0,0,346,8,1,9,2.601
7620902875492928782,sand0valrivera,2026-03-24,,No Transcript,0.0,0,125,6,0,6,4.8
7620905676323245325,classyepic,2026-03-24,,No Transcript,0.0,0,177,3,0,3,1.695
7620907014356520205,missaorion,2026-03-24,,No Transcript,0.0,0,163,5,0,5,3.067
7620909206350155022,lorii_niicole,2026-03-24,,No Transcript,0.0,0,943,15,8,23,2.439
7620912358398954765,aurabella072,2026-03-24,,No Transcript,0.0,0,378,3,3,6,1.587
7620913264721022238,sharelovewithus,2026-03-24,,No Transcript,0.0,0,2469,14,0,14,0.567
7620915022117489934,annanguyen080,2026-03-24,,No Transcript,0.0,0,663,1,0,1,0.151
7620920856507698463,tinytina1111,2026-03-24,,No Transcript,0.0,0,1093,7,0,7,0.64
7620922221384535309,amy.marie5432,2026-03-24,,No Transcript,0.0,0,81,10,3,13,16.049
7620925111746465038,leviii1998,2026-03-24,,No Transcript,0.0,0,532,6,0,6,1.128
7620932920697474317,dara_sahm,2026-03-24,,No Transcript,0.0,0,588,13,7,20,3.401
7620936740877962527,thegracebreon,2026-03-24,,No Transcript,0.0,0,586,5,0,5,0.853
7620938453282229534,thegracebreon,2026-03-25,,No Transcript,0.0,0,519,2,2,4,0.771
7620947604561480973,sifamariaa5,2026-03-24,,No Transcript,0.0,0,2034,29,0,29,1.426
7620950272273091870,deal.plug4,2026-03-24,,No Transcript,0.0,0,494,0,0,0,0.0
7620950577966533901,franklin_thebulldog,2026-03-24,,No Transcript,0.0,0,1194,1,0,1,0.084
7620960380772224286,michelle13579,2026-03-24,,No Transcript,0.0,0,559,2,0,2,0.358
7620963182420561165,amy.marie5432,2026-03-24,,No Transcript,0.0,0,447,8,3,11,2.461
7620976600439344414,michellelei2,2026-03-25,,No Transcript,0.0,0,287,3,0,3,1.045
7620996647723552013,gaellecineas7,2026-03-25,,No Transcript,0.0,0,130,4,0,4,3.077
7621001910111292686,lavidaofcassie,2026-03-25,,No Transcript,0.0,0,890,6,0,6,0.674
7621003581876997407,its_nays_world,2026-03-25,,No Transcript,0.0,0,728,2,1,3,0.412
7621011263732124942,naina.beaute.natu,2026-03-25,,No Transcript,0.0,0,1100,20,0,20,1.818
7621019542134738206,spookystories_bymichelle,2026-03-25,,No Transcript,0.0,0,1868,4,1,5,0.268
7621020516907830541,propromostore,2026-03-25,,No Transcript,0.0,0,84,4,2,6,7.143
7621024556689460511,magicalpricellc,2026-03-25,,No Transcript,0.0,0,54,5,3,8,14.815
7621024986991512845,phamsfinds,2026-03-25,,No Transcript,0.0,0,760,0,0,0,0.0
7621026274689010957,nish2594,2026-03-25,,No Transcript,0.0,0,1241,7,1,8,0.645
7621026713161551135,rosbritshop,2026-03-25,,No Transcript,0.0,0,664,0,0,0,0.0
7621027493331422478,espanolitahh,2026-03-25,,No Transcript,0.0,0,741,3,1,4,0.54
7621031672108027167,thegracebreon,2026-03-25,,No Transcript,0.0,0,1748,64,2,66,3.776
7621047835009486110,healingallthings,2026-03-25,Brushing my teeth in 20 seconds and you gotta,Bold Claim / Benefit,0.0,0,1398,3,1,4,0.286
7621055821383863583,affiliatezshop.us,2026-03-25,,No Transcript,0.0,0,1125,1,0,1,0.089
7621064399297465614,kaylaadingess,2026-03-25,,No Transcript,0.0,0,850,13,1,14,1.647
7621081138420813069,phamsfinds,2026-03-25,,No Transcript,0.0,0,1340,2,0,2,0.149
7621134199952559373,josephlourdesmia103,2026-03-25,,No Transcript,0.0,0,750,13,11,24,3.2
7621169825418661151,nicholesahmlife3,2026-03-25,,No Transcript,0.0,0,329,14,7,21,6.383
7621201741660310798,cindyjimnez51,2026-03-25,,No Transcript,0.0,0,319,9,0,9,2.821
7621202861690473741,odalyssanchez57,2026-03-25,,No Transcript,0.0,0,342,5,2,7,2.047
7621206091468164383,sadie.lane.design,2026-03-25,,No Transcript,0.0,0,97,4,0,4,4.124
7621215691856760077,revibe_tribe,2026-03-25,,No Transcript,0.0,0,1930,4,0,4,0.207
7621219063003434254,laurapaniagua59,2026-03-25,,No Transcript,0.0,0,1286,6,1,7,0.544
7621228889867554061,missaorion,2026-03-25,,No Transcript,0.0,0,404,8,0,8,1.98
7621233425059433742,charliapproved86,2026-03-30,,No Transcript,0.0,0,1251,2,0,2,0.16
7621237474882325773,charliapproved86,2026-03-30,,No Transcript,0.0,0,1061,3,1,4,0.377
7621239887005617438,lifewithlisadawn,2026-03-25,,No Transcript,0.0,0,1326,5,3,8,0.603
7621247958436138254,emmweenie,2026-03-25,,No Transcript,0.0,0,1517,10,1,11,0.725
7621255079105924365,fatherfinds.by.me,2026-03-25,,No Transcript,0.0,0,951,1,0,1,0.105
7621261272012590367,deal.plug4,2026-03-25,,No Transcript,0.0,0,619,0,0,0,0.0
7621262206600006925,lazara849,2026-03-25,,No Transcript,0.0,0,332,6,0,6,1.807
7621265023708450062,elmagilbert1910,2026-03-25,,No Transcript,0.0,0,1,0,0,0,0.0
7621267526340627725,the_homesteading_nurse,2026-03-25,,No Transcript,0.0,0,2026,3,0,3,0.148
7621267819304357134,elmagilbert1910,2026-03-25,,No Transcript,0.0,0,839,16,7,23,2.741
7621274205299952927,vivian.alfonso,2026-03-25,,No Transcript,0.0,0,89,2,1,3,3.371
7621278931836095774,yestyecan,2026-03-25,,No Transcript,0.0,0,725,0,0,0,0.0
7621284781375982879,rebeccatriedit,2026-03-25,,No Transcript,0.0,0,1342,7,0,7,0.522
7621293236614630670,mg.aou,2026-03-25,,No Transcript,0.0,0,419,4,0,4,0.955
7621295266209058079,kels.oconnor,2026-03-25,,No Transcript,0.0,0,1697,3,0,3,0.177
7621311150835158302,abbyshop94,2026-03-25,autobrush sonic autobrush sonic Di adiós a los problemas,Other / No Clear Hook,0.0,0,1100,13,1,14,1.273
7621316017779723550,drkwds,2026-03-25,,No Transcript,0.0,0,456,11,1,12,2.632
7621318293713931533,mg.aou,2026-03-25,,No Transcript,0.0,0,211,2,1,3,1.422
7621318837761215758,sweetestanna,2026-03-25,,No Transcript,0.0,0,1475,5,3,8,0.542
7621331562201763102,chloes_cart,2026-03-25,,No Transcript,0.0,0,2269,14,0,14,0.617
7621333335788260639,deal.plug4,2026-03-25,,No Transcript,0.0,0,557,0,0,0,0.0
7621333636956081439,chloes_cart,2026-03-25,,No Transcript,0.0,0,3154,21,0,21,0.666
7621339154915364127,samy_houstonlovebosna,2026-03-25,,No Transcript,0.0,0,1185,212,121,333,28.101
7621345082565741855,gymreviews_epak,2026-03-25,,No Transcript,0.0,0,528,7,0,7,1.326
7621350504777469215,shanleechapman,2026-03-26,,No Transcript,0.0,0,121,4,0,4,3.306
7621353235651005710,sarahmorgannn,2026-03-26,,No Transcript,0.0,0,356,7,4,11,3.09
7621355707077577998,risingphoenix_007,2026-03-26,,No Transcript,0.0,0,948,7,1,8,0.844
7621355821695388942,210commander,2026-03-26,,No Transcript,0.0,0,647,2,0,2,0.309
7621360268164992287,sushilathapa2015,2026-03-26,,No Transcript,0.0,0,264,15,5,20,7.576
7621370625629703437,oscoelio,2026-03-26,,No Transcript,0.0,0,1316,0,0,0,0.0
7621372651075898637,bmshutt,2026-03-26,,No Transcript,0.0,0,351,3,0,3,0.855
7621399651362573581,propromostore,2026-03-26,,No Transcript,0.0,0,121,5,2,7,5.785
7621400754573561118,nelaj13,2026-03-26,Trying the viral automatic toothbrush. You don't brush your,Demo / Product Intro,0.0,0,2622,11,0,11,0.42
7621407182638157086,alwayzchyna,2026-03-26,,No Transcript,0.0,0,712,17,16,33,4.635
7621408697591270670,gigi.stigrm.7,2026-03-26,,No Transcript,0.0,0,393,4,0,4,1.018
7621409765721230606,sebastiansfilms209,2026-03-26,,No Transcript,0.0,0,262,4,0,4,1.527
7621413618051058957,sweetestanna,2026-03-27,,No Transcript,0.0,0,971,6,2,8,0.824
7621419234114964750,fabiolavelarde1,2026-03-26,,No Transcript,0.0,0,92,1,0,1,1.087
7621419762538564877,chelsea._.hart,2026-03-26,,No Transcript,0.0,0,245,2,0,2,0.816
7621424871981075742,totstyles,2026-03-26,,No Transcript,0.0,0,801,3,0,3,0.375
7621427971525446926,ckaris725,2026-03-26,,No Transcript,0.0,0,881,4,1,5,0.568
7621449055402577166,paolaaa_perdomo,2026-03-26,,No Transcript,0.0,0,397,8,1,9,2.267
7621449539664301342,leslie.c7z,2026-03-26,,No Transcript,0.0,0,512,4,0,4,0.781
7621449916027522334,yaneli_heredia,2026-03-26,,No Transcript,0.0,0,466,5,0,5,1.073
7621503600509897997,sabitrab_,2026-03-26,,No Transcript,0.0,0,447,21,4,25,5.593
7621560503768255758,elaineperez922,2026-03-26,,No Transcript,0.0,0,988,77,10,87,8.806
7621563292774829326,bmshutt,2026-03-26,,No Transcript,0.0,0,362,6,0,6,1.657
7621567164033584398,sirjana25,2026-03-26,,No Transcript,0.0,0,266,9,1,10,3.759
7621576053806468382,kadfinds,2026-03-26,,No Transcript,0.0,0,834,0,0,0,0.0
7621584227812805902,daylinrojas01,2026-03-26,,No Transcript,0.0,0,968,7,0,7,0.723
7621588859251412238,dorotheajording,2026-03-26,,No Transcript,0.0,0,344,1,0,1,0.291
7621611686193122574,tiktokshopsbestshop,2026-03-26,,No Transcript,0.0,0,635,4,0,4,0.63
7621612498092854558,s_lambeaux,2026-03-27,My first not so favorite TTS find. Alright. Hundred,Personal Story / POV,0.0,0,3802,8,0,8,0.21
7621612644172156173,tiktokshopsbestshop,2026-03-26,,No Transcript,0.0,0,376,1,0,1,0.266
7621612841233108237,tiktokshopsbestshop,2026-03-26,,No Transcript,0.0,0,435,1,0,1,0.23
7621613546417245454,tiktokshopsbestshop,2026-03-26,,No Transcript,0.0,0,374,2,0,2,0.535
7621614013427780878,dollys_tok,2026-03-26,,No Transcript,0.0,0,65,0,0,0,0.0
7621614597711072526,kimkar0413,2026-03-26,,No Transcript,0.0,0,1109,3,1,4,0.361
7621616865697107213,jessandmialife,2026-03-26,,No Transcript,0.0,0,667,3,0,3,0.45
7621623369288535310,tiktokshopdelarubia,2026-03-26,,No Transcript,0.0,0,4263,101,4,105,2.463
7621623406630325535,saduliazamor19,2026-03-26,,No Transcript,0.0,0,966,3,0,3,0.311
7621624679282822431,nisha.bajgain05,2026-03-26,,No Transcript,0.0,0,583,14,1,15,2.573
7621626716305313038,fit_faith_fashion_donna,2026-03-26,,No Transcript,0.0,0,195,2,0,2,1.026
7621628143912160526,chareevibes,2026-03-26,,No Transcript,0.0,0,1307,10,0,10,0.765
7621629446168104205,asmibhusal03,2026-03-26,,No Transcript,0.0,0,316,7,0,7,2.215
7621639557922000141,kimkar0413,2026-03-26,,No Transcript,0.0,0,682,3,1,4,0.587
7621643542577892639,deal.plug4,2026-03-26,,No Transcript,0.0,0,1141,1,0,1,0.088
7621645069271059725,sheistycanady,2026-03-26,,No Transcript,0.0,0,211,1,0,1,0.474
7621646706240687373,yestyecan,2026-03-26,,No Transcript,0.0,0,158,0,0,0,0.0
7621667903594597646,mg.aou,2026-03-26,,No Transcript,0.0,0,322,5,0,5,1.553
7621668368168291597,mg.aou,2026-03-26,,No Transcript,0.0,0,427,7,0,7,1.639
7621676675939519757,gingerssweetthings2,2026-03-26,,No Transcript,0.0,0,36,3,2,5,13.889
7621684419337719071,brownsugar_experiences,2026-03-26,,No Transcript,0.0,0,824,3,0,3,0.364
7621690672961064223,deal.plug4,2026-03-26,,No Transcript,0.0,0,704,0,0,0,0.0
7621690677641891086,dianicamaguey,2026-03-26,,No Transcript,0.0,0,667,4,0,4,0.6
7621699326451944718,eliahneemendoza,2026-03-26,,No Transcript,0.0,0,438,3,0,3,0.685
7621707364164439309,90smusicmomma,2026-03-26,,No Transcript,0.0,0,1916,7,0,7,0.365
7621728991887609119,tiktokshopsbestshop,2026-03-27,,No Transcript,0.0,0,373,1,0,1,0.268
7621729883076431134,tiktokshopsbestshop,2026-03-27,,No Transcript,0.0,0,368,1,0,1,0.272
7621731044839935262,tiktokshopsbestshop,2026-03-27,,No Transcript,0.0,0,351,1,0,1,0.285
7621731975820299551,tiktokshopsbestshop,2026-03-27,,No Transcript,0.0,0,281,1,0,1,0.356
7621733972854213919,yany04.12,2026-03-27,,No Transcript,0.0,0,1137,10,1,11,0.967
7621735718225710349,msjvckson4,2026-03-27,,No Transcript,0.0,0,893,1,0,1,0.112
7621742882671676685,karuna.bhujel8,2026-03-27,,No Transcript,0.0,0,815,17,8,25,3.067
7621749740841078047,rosbritshop,2026-03-27,,No Transcript,0.0,0,92,1,1,2,2.174
7621761333649739021,sandrorussor,2026-03-27,,No Transcript,0.0,0,418,3,2,5,1.196
7621765836205821214,ambersanders26,2026-03-26,,No Transcript,0.0,0,57,0,0,0,0.0
7621768349889957150,ambersanders26,2026-03-27,,No Transcript,0.0,0,15802,52,3,55,0.348
7621772803750104334,amor.yvida,2026-03-27,,No Transcript,0.0,0,53,3,0,3,5.66
7621772983484370190,amanda.sahm3,2026-03-27,,No Transcript,0.0,0,388,3,0,3,0.773
7621777635005254926,beatriz_82.2,2026-03-27,,No Transcript,0.0,0,582,12,0,12,2.062
7621780678895570207,jtightbabytooth,2026-03-27,,No Transcript,0.0,0,509,2,1,3,0.589
7621782422442560781,hm_clipz,2026-03-27,,No Transcript,0.0,0,420,2,0,2,0.476
7621786040579149070,valad569,2026-03-27,,No Transcript,0.0,0,82,1,2,3,3.659
7621787630572752142,currentinnovations.89,2026-03-27,,No Transcript,0.0,0,461,16,4,20,4.338
7621788645946674462,jtightbabytooth,2026-03-27,,No Transcript,0.0,0,341,1,2,3,0.88
7621788985450335501,whoslex381,2026-03-27,Why are you still brushing your own teeth??? As,Question,0.0,0,1202,13,1,14,1.165
7621789944469622046,jtightbabytooth,2026-03-27,,No Transcript,0.0,0,581,7,1,8,1.377
7621796297518877965,beatriz_82.2,2026-03-27,,No Transcript,0.0,0,467,15,1,16,3.426
7621796696623680798,schmeglysrevenge,2026-03-27,,No Transcript,0.0,0,2713,2,0,2,0.074
7621799272576486686,antoniorecomienda,2026-03-27,,No Transcript,0.0,0,245,0,0,0,0.0
7621805946997706015,antoniorecomienda,2026-03-27,,No Transcript,0.0,0,575,1,0,1,0.174
7621842174627384607,claudiaorellanamoz,2026-03-27,,No Transcript,0.0,0,800,2,0,2,0.25
7621848313716804877,soyreinacubana,2026-03-27,,No Transcript,0.0,0,1000,8,5,13,1.3
7621857045930724639,myhomeychiclife,2026-03-27,,No Transcript,0.0,0,757,7,0,7,0.925
7621892107048963359,sar.butler,2026-03-27,,No Transcript,0.0,0,805,9,0,9,1.118
7621918581650967838,tiktokshopsbestshop,2026-03-27,,No Transcript,0.0,0,288,0,0,0,0.0
7621920762978405662,mycatsapprovethis,2026-03-27,,No Transcript,0.0,0,808,101,0,101,12.5
7621945367180872974,arifreeman88,2026-03-27,,No Transcript,0.0,0,455,2,3,5,1.099
7621946014034939167,anis_chic_boutique,2026-03-27,,No Transcript,0.0,0,1566,20,2,22,1.405
7621952407538339102,vixenwigs,2026-03-27,,No Transcript,0.0,0,15429,51,5,56,0.363
7621976415981800735,lifewithmelsies,2026-03-27,,No Transcript,0.0,0,595,3,0,3,0.504
7621979146956082462,crazynaturevideos,2026-03-27,,No Transcript,0.0,0,569,0,0,0,0.0
7621979150177357087,leybranjames,2026-03-27,,No Transcript,0.0,0,259,0,0,0,0.0
7621991759182122254,adritokshop,2026-03-27,,No Transcript,0.0,0,591,51,10,61,10.321
7621998373884726542,leybranjames,2026-03-27,,No Transcript,0.0,0,350,0,0,0,0.0
7621998517464157470,crazynaturevideos,2026-03-27,,No Transcript,0.0,0,864,1,0,1,0.116
7621999838766353695,aprilcorbett00,2026-03-27,,No Transcript,0.0,0,1153,10,0,10,0.867
7621999944357973279,businessbymegs,2026-03-27,,No Transcript,0.0,0,857,10,0,10,1.167
7622005766693735711,brianiegutierrez1,2026-03-27,,No Transcript,0.0,0,71,2,0,2,2.817
7622016647418744078,elizabethpaige_tts,2026-03-27,,No Transcript,0.0,0,521,4,4,8,1.536
7622017813124877599,antoniorecomienda,2026-03-27,,No Transcript,0.0,0,217,1,0,1,0.461
7622024608539004174,gaylahenry1967,2026-03-27,,No Transcript,0.0,0,630,2,0,2,0.317
7622047999845256461,miaaapistilliiii,2026-03-27,,No Transcript,0.0,0,464,0,0,0,0.0
7622048817797467423,peace6081,2026-03-27,,No Transcript,0.0,0,540,0,0,0,0.0
7622054354014457119,barbaritaenusa,2026-03-27,,No Transcript,0.0,0,303,9,3,12,3.96
7622058982538054943,ivonneguille8,2026-03-27,,No Transcript,0.0,0,1217,15,0,15,1.233
7622067298362281229,jessandmialife,2026-03-27,,No Transcript,0.0,0,607,3,0,3,0.494
7622070994500390174,k33ki3ugc,2026-03-27,,No Transcript,0.0,0,908,5,0,5,0.551
7622088868711501069,lylyafuentes,2026-03-27,,No Transcript,0.0,0,55,1,0,1,1.818
7622091247976516878,shellyscoggins,2026-03-28,,No Transcript,0.0,0,1406,10,0,10,0.711
7622093429576600845,angiesvarietyvault,2026-03-28,,No Transcript,0.0,0,1174,8,4,12,1.022
7622097326185729293,whoslex381,2026-03-28,If you got 5 32 48 or however many,Direct Audience Call-Out,0.0,0,1241,14,2,16,1.289
7622097534558702878,resalomeli,2026-03-28,,No Transcript,0.0,0,833,15,3,18,2.161
7622098303819271455,mamaede3nagringa,2026-03-28,,No Transcript,0.0,0,596,4,0,4,0.671
7622099750786977038,torito_tik_tok_shop,2026-03-28,,No Transcript,0.0,0,1655,13,2,15,0.906
7622105907844926750,_raikss,2026-03-28,,No Transcript,0.0,0,985,3,2,5,0.508
7622112552272612621,tiktokshopsbestshop,2026-03-28,,No Transcript,0.0,0,553,1,0,1,0.181
7622126693666360590,natalieseanie13,2026-03-28,,No Transcript,0.0,0,1353,3,0,3,0.222
7622136344189390110,crazynaturevideos,2026-03-28,,No Transcript,0.0,0,1404,2,0,2,0.142
7622136987490831646,leybranjames,2026-03-28,,No Transcript,0.0,0,198,0,0,0,0.0
7622137394082499870,leybranjames,2026-03-28,,No Transcript,0.0,0,489,0,0,0,0.0
7622138244263628062,leybranjames,2026-03-28,,No Transcript,0.0,0,586,1,0,1,0.171
7622138484647562526,leybranjames,2026-03-29,,No Transcript,0.0,0,80,0,0,0,0.0
7622139295968595231,leybranjames,2026-03-29,,No Transcript,0.0,0,178,0,0,0,0.0
7622139532258970910,leybranjames,2026-03-29,,No Transcript,0.0,0,578,0,0,0,0.0
7622140081444228382,leybranjames,2026-03-29,,No Transcript,0.0,0,198,0,0,0,0.0
7622144346460081438,crazynaturevideos,2026-03-29,,No Transcript,0.0,0,1086,0,0,0,0.0
7622146616757128478,crazynaturevideos,2026-03-29,,No Transcript,0.0,0,757,1,0,1,0.132
7622155225067015454,tiktokshopsbestshop,2026-03-28,,No Transcript,0.0,0,579,3,0,3,0.518
7622163454413081870,coffeefirstmama,2026-03-27,,No Transcript,0.0,0,1,0,0,0,0.0
7622169378032848159,evyg07,2026-03-28,,No Transcript,0.0,0,1164,21,2,23,1.976
7622171675534118158,coffeefirstmama,2026-03-28,,No Transcript,0.0,0,2244,24,1,25,1.114
7622207885333826829,tiktakfan72,2026-03-28,,No Transcript,0.0,0,789,63,53,116,14.702
7622302584065264910,chareevibes,2026-03-28,,No Transcript,0.0,0,811,3,1,4,0.493
7622315260757773581,hogeeshouse,2026-03-28,,No Transcript,0.0,0,229,1,2,3,1.31
7622324105093598478,beaubo64,2026-03-28,,No Transcript,0.0,0,1302,0,0,0,0.0
7622353600726977805,tiktokshopsbestshop,2026-03-28,,No Transcript,0.0,0,360,1,0,1,0.278
7622355216343518477,tiktokshopsbestshop,2026-03-28,,No Transcript,0.0,0,286,1,0,1,0.35
7622366404951543054,etelvinadelcidcabrera,2026-03-28,Autobrush Sonic Pro Bundle me estuvo llegando este kit,Personal Story / POV,0.0,0,1407,4,0,4,0.284
7622375132832599327,producttraveler,2026-03-28,,No Transcript,0.0,0,1551,12,3,15,0.967
7622375439545191710,producttraveler,2026-03-28,I am a total nerd for a good toothbrush.,Personal Story / POV,0.0,0,1559,11,0,11,0.706
7622375658651520286,producttraveler,2026-03-28,AUTOBRUS AUTOBRUS AUTOBRUS AUTOBRUS AUTOBRUS autobrush KIDS autobrush KIDS,Other / No Clear Hook,0.0,0,2575,23,0,23,0.893
7622383779578907917,itsthatnorn,2026-03-28,,No Transcript,0.0,0,1225,11,0,11,0.898
7622391189337083167,tiktokshopsbestshop,2026-03-28,,No Transcript,0.0,0,490,2,0,2,0.408
7622395850630647054,cbolden1974,2026-03-28,,No Transcript,0.0,0,41,2,0,2,4.878
7622398742238334238,ivonneguille8,2026-03-29,,No Transcript,0.0,0,164,15,3,18,10.976
7622405401983618335,samrwit2721,2026-03-28,,No Transcript,0.0,0,1207,39,6,45,3.728
7622417498519948557,vicsdailydeals,2026-03-28,,No Transcript,0.0,0,1094,2,0,2,0.183
7622429289341816077,mommashults,2026-03-28,,No Transcript,0.0,0,701,1,0,1,0.143
7622450200119872798,chanetchanteng,2026-03-28,,No Transcript,0.0,0,587,10,0,10,1.704
7622454696296434974,lolitagillespie68,2026-03-28,,No Transcript,0.0,0,196,1,0,1,0.51
7622457532652490014,langiesimeus1,2026-03-28,,No Transcript,0.0,0,803,4,3,7,0.872
7622458628179545374,fatyshop01,2026-03-28,,No Transcript,0.0,0,97,0,0,0,0.0
7622467984971320589,marcianunesmills,2026-03-29,,No Transcript,0.0,0,108,3,0,3,2.778
7622470573360270605,dara_sahm,2026-03-29,,No Transcript,0.0,0,766,11,10,21,2.742
7622474941136522527,roshanbipina19,2026-03-29,,No Transcript,0.0,0,29,1,0,1,3.448
7622483028585106718,selenagrajedaa,2026-03-29,,No Transcript,0.0,0,597,5,0,5,0.838
7622489649981836558,lisashaw2024,2026-03-29,,No Transcript,0.0,0,885,6,9,15,1.695
7622490623169334541,currentinnovations.89,2026-03-29,,No Transcript,0.0,0,252,6,6,12,4.762
7622492405937278222,duranfinds,2026-03-28,,No Transcript,0.0,0,8,0,0,0,0.0
7622494789656644877,duranfinds,2026-03-29,,No Transcript,0.0,0,105,0,0,0,0.0
7622505256542326030,chinadubaibeautyfashion,2026-03-29,,No Transcript,0.0,0,219,10,1,11,5.023
7622507031869623566,nikihutchins1,2026-03-29,,No Transcript,0.0,0,354,2,0,2,0.565
7622512962644823310,nicole_ald8,2026-03-29,,No Transcript,0.0,0,1457,3,0,3,0.206
7622514352234499342,fabiolavelarde1,2026-03-29,,No Transcript,0.0,0,32,2,0,2,6.25
7622515094865366303,mariagabrielacova,2026-03-29,,No Transcript,0.0,0,350,2,0,2,0.571
7622533439652203789,meganrenee7821,2026-03-29,,No Transcript,0.0,0,178,1,0,1,0.562
7622534176859786527,magicalpricellc,2026-03-29,,No Transcript,0.0,0,346,5,3,8,2.312
7622557773695421727,brenda.cruz190,2026-03-29,,No Transcript,0.0,0,847,22,1,23,2.715
7622571277408161055,thismamasonamission,2026-03-29,,No Transcript,0.0,0,1014,49,43,92,9.073
7622577620244319518,gabbyruelasvera,2026-03-29,,No Transcript,0.0,0,681,0,0,0,0.0
7622634554641108254,claudiaorellanamoz,2026-03-29,,No Transcript,0.0,0,593,1,0,1,0.169
7622657706305883405,futurmilliardaire494,2026-03-29,This is the autobrush sonic pro bundle With its,Demo / Product Intro,0.0,0,1287,9,1,10,0.777
7622666717176597791,vivian.alfonso,2026-03-29,,No Transcript,0.0,0,62,1,0,1,1.613
7622680732829224222,millroadpawn,2026-03-29,Running late in the morning? Brush all your teeth,Question,0.0,0,1758,10,4,14,0.796
7622686452966493453,titanthelovable,2026-03-29,,No Transcript,0.0,0,1824,3,0,3,0.164
7622690222848953613,karbear138,2026-03-29,,No Transcript,0.0,0,77,8,4,12,15.584
7622692212983205151,nataliepender2,2026-03-29,,No Transcript,0.0,0,94,2,0,2,2.128
7622722045574515982,itsthatnorn,2026-03-29,,No Transcript,0.0,0,681,7,0,7,1.028
7622727182124616990,tiktokshopsbestshop,2026-03-29,,No Transcript,0.0,0,653,3,0,3,0.459
7622728335709211934,tiktokshopsbestshop,2026-03-29,,No Transcript,0.0,0,614,4,0,4,0.651
7622734362911558942,tiktokshopsbestshop,2026-03-29,,No Transcript,0.0,0,184,1,0,1,0.543
7622734992908602655,nwith36,2026-03-29,,No Transcript,0.0,0,537,0,0,0,0.0
7622735720926432542,tiktokshopsbestshop,2026-03-29,,No Transcript,0.0,0,520,2,0,2,0.385
7622741718235991326,daisydelatorre04,2026-03-29,,No Transcript,0.0,0,30,1,0,1,3.333
7622742253118819598,kaylaboutique8,2026-03-29,,No Transcript,0.0,0,545,5,4,9,1.651
7622743703026814238,bridgettemarie38,2026-03-29,,No Transcript,0.0,0,651,3,0,3,0.461
7622745946371165454,suehellokittylove,2026-03-29,,No Transcript,0.0,0,258,5,2,7,2.713
7622750439804505358,gabylmus0,2026-03-29,,No Transcript,0.0,0,177,6,0,6,3.39
7622759202175372575,gabbyruelasvera,2026-03-29,,No Transcript,0.0,0,705,0,0,0,0.0
7622763749291592991,selenagrajedaa,2026-03-29,,No Transcript,0.0,0,681,8,0,8,1.175
7622776480770149645,taytayfromtexas,2026-03-29,,No Transcript,0.0,0,785,8,0,8,1.019
7622782352845966605,amor.yvida,2026-03-29,,No Transcript,0.0,0,35,3,0,3,8.571
7622784314714934559,_jewlie_,2026-03-29,So I ordered my daughter the autobrush. If you,Personal Story / POV,0.0,0,1055,22,0,22,2.085
7622797047019621662,ivonneguille8,2026-03-29,,No Transcript,0.0,0,794,13,1,14,1.763
7622801144292592909,wdfgoinonnina,2026-03-29,I have another package but I already opened it.,Personal Story / POV,0.0,0,594,0,0,0,0.0
7622803256447733005,jorgel2277,2026-03-29,,No Transcript,0.0,0,1173,5,0,5,0.426
7622807205410082062,tattooedcynn,2026-03-29,,No Transcript,0.0,0,340,5,0,5,1.471
7622814988649942286,joely_en_familia,2026-03-29,,No Transcript,0.0,0,121,4,1,5,4.132
7622819589830806798,joely_en_familia,2026-03-29,,No Transcript,0.0,0,70,2,0,2,2.857
7622821449367178510,joely_en_familia,2026-03-29,,No Transcript,0.0,0,149,2,0,2,1.342
7622822023676415263,mindycuriomysa,2026-03-29,,No Transcript,0.0,0,1860,29,7,36,1.935
7622844916053314846,giianny06,2026-03-30,,No Transcript,0.0,0,505,3,0,3,0.594
7622845711498988830,belsbestfinds,2026-03-30,,No Transcript,0.0,0,185,0,0,0,0.0
7622845723926695199,formidablyfrugal,2026-03-30,,No Transcript,0.0,0,466,8,4,12,2.575
7622862309920148749,jeanienguyen8899,2026-03-30,,No Transcript,0.0,0,74,1,0,1,1.351
7622867717304880398,julianavollstedt,2026-03-30,,No Transcript,0.0,0,471,4,1,5,1.062
7622871823838874893,audreyboltonshops,2026-03-30,,No Transcript,0.0,0,992,2,0,2,0.202
7622874314102066446,teetriedit,2026-03-31,,No Transcript,0.0,0,1405,9,1,10,0.712
7622874969118149919,bonzai_deals,2026-03-30,,No Transcript,0.0,0,990,1,0,1,0.101
7622878135582739725,revibe_tribe,2026-03-30,,No Transcript,0.0,0,1798,5,2,7,0.389
7622886774968208670,junior.faby,2026-03-30,,No Transcript,0.0,0,494,8,0,8,1.619
7622887818985049375,thedealplug_0,2026-03-30,,No Transcript,0.0,0,290,0,0,0,0.0
7622892861029109022,theshopplug_,2026-03-30,,No Transcript,0.0,0,773,0,0,0,0.0
7622892878775291167,theshopplug_,2026-03-30,,No Transcript,0.0,0,1248,0,0,0,0.0
7622898444230757662,bakedfindstoday,2026-03-30,,No Transcript,0.0,0,396,1,0,1,0.253
7622913048784817422,whitechoc757,2026-03-30,,No Transcript,0.0,0,86,0,0,0,0.0
7622913128484916493,whitechoc757,2026-03-30,,No Transcript,0.0,0,121,0,0,0,0.0
7622913152291835150,whitechoc757,2026-03-30,,No Transcript,0.0,0,407,1,0,1,0.246
7622913166615366926,whitechoc757,2026-03-30,,No Transcript,0.0,0,629,0,0,0,0.0
7622919508646268190,jcggshow,2026-03-30,,No Transcript,0.0,0,957,4,0,4,0.418
7622956273520200973,sandraiser,2026-03-30,,No Transcript,0.0,0,3,0,0,0,0.0
7622956831077305613,sandraiser,2026-03-30,,No Transcript,0.0,0,1,0,0,0,0.0
7622962272821988622,sandraiser,2026-03-30,,No Transcript,0.0,0,1,0,0,0,0.0
7622962963124686093,sandraiser,2026-03-30,,No Transcript,0.0,0,583,9,0,9,1.544
7622975767948872974,missxkenshin,2026-03-30,,No Transcript,0.0,0,1390,15,0,15,1.079
7623009636878273823,nicholesahmlife3,2026-03-30,,No Transcript,0.0,0,296,15,7,22,7.432
7623038106588990733,joely_en_familia,2026-03-30,,No Transcript,0.0,0,10,0,0,0,0.0
7623042162757782798,joely_en_familia,2026-03-30,,No Transcript,0.0,0,0,0,0,0,0
7623062186637741325,joely_en_familia,2026-03-30,,No Transcript,0.0,0,108,1,0,1,0.926
7623069754135301389,sebastiansfilms209,2026-03-30,,No Transcript,0.0,0,26,0,0,0,0.0
7623076086057864478,vibinwitdeelogg,2026-03-30,,No Transcript,0.0,0,1389,20,0,20,1.44
7623076845696732447,junior.faby,2026-03-30,,No Transcript,0.0,0,276,4,2,6,2.174
7623092242177133838,seen.904,2026-03-30,,No Transcript,0.0,0,400,1,4,5,1.25
7623093847500934413,joesdeals4u,2026-03-30,,No Transcript,0.0,0,881,1,0,1,0.114
7623094591515888910,joesdeals4u,2026-03-30,,No Transcript,0.0,0,760,0,0,0,0.0
7623104080302460190,cynthialang195,2026-03-30,,No Transcript,0.0,0,795,4,0,4,0.503
7623111212309449997,youknowitskellyjo,2026-03-31,,No Transcript,0.0,0,660,2,2,4,0.606
7623112220104232205,kylareviewsx0,2026-03-30,,No Transcript,0.0,0,1398,37,5,42,3.004
7623113985247776030,marinadelnar,2026-03-30,,No Transcript,0.0,0,464,3,0,3,0.647
7623114430213147917,meghansbestdeals,2026-03-30,,No Transcript,0.0,0,1098,0,0,0,0.0
7623136484001893645,stephbramwell,2026-03-30,"When you're 40, but still want a fun toothbrush",Direct Audience Call-Out,0.0,0,1713,14,2,16,0.934
7623136887049374990,user824149452,2026-03-30,,No Transcript,0.0,0,1190,0,0,0,0.0
7623137937105997070,joely_en_familia,2026-03-30,,No Transcript,0.0,0,182,4,0,4,2.198
7623142838204665118,natalymendoza562,2026-03-30,,No Transcript,0.0,0,801,7,0,7,0.874
7623151185830235406,,2026-03-30,,No Transcript,0.0,0,598,0,0,0,0.0
7623159583636294925,lifeasbekah,2026-03-30,,No Transcript,0.0,0,1215,5,2,7,0.576
7623160101058170142,johnsshop24,2026-03-30,,No Transcript,0.0,0,1178,1,0,1,0.085
7623161203375803661,funkeshop,2026-03-30,,No Transcript,0.0,0,1045,9,0,9,0.861
7623163696205827358,thatsjustkyler,2026-03-30,,No Transcript,0.0,0,630,5,3,8,1.27
7623165326632520990,abbsolutelyabby,2026-03-30,,No Transcript,0.0,0,574,10,0,10,1.742
7623170986547875102,thatsjustkyler,2026-03-31,I hate brushing my teeth. If you hate brushing,Direct Audience Call-Out,0.0,0,1238,26,0,26,2.1
7623171254802976013,brookeeh00,2026-03-30,,No Transcript,0.0,0,47,1,0,1,2.128
7623173476781722911,thatsjustkyler,2026-03-31,,No Transcript,0.0,0,911,3,0,3,0.329
7623180280903372062,kikimaryco,2026-03-30,,No Transcript,0.0,0,159,0,0,0,0.0
7623186662041947406,teetriedit,2026-03-30,,No Transcript,0.0,0,1396,18,5,23,1.648
7623189359872757022,healingallthings,2026-03-30,,No Transcript,0.0,0,3310,3,0,3,0.091
7623189797191814430,healingallthings,2026-03-30,,No Transcript,0.0,0,900,4,0,4,0.444
7623190391080144158,healingallthings,2026-03-30,,No Transcript,0.0,0,1712,7,0,7,0.409
7623196146374135054,oricelda2342,2026-03-30,,No Transcript,0.0,0,232,0,2,2,0.862
7623208162719485198,sandrorussor,2026-03-31,,No Transcript,0.0,0,394,5,2,7,1.777
7623225804729748749,,2026-03-31,,No Transcript,0.0,0,524,27,0,27,5.153
7623227544153672991,wellnessandwhiskers,2026-03-31,,No Transcript,0.0,0,1113,2,0,2,0.18
7623234195317460237,qurenguyen,2026-03-31,,No Transcript,0.0,0,444,20,0,20,4.505
7623244804196961550,itscristydeleon,2026-03-31,,No Transcript,0.0,0,1530,5,0,5,0.327
7623246418651761933,brookeeh00,2026-03-31,,No Transcript,0.0,0,98,1,0,1,1.02
7623253586587159839,buttercreamconfetticake,2026-03-31,,No Transcript,0.0,0,942,8,1,9,0.955
7623259739450887455,buttercreamconfetticake,2026-03-31,,No Transcript,0.0,0,1577,7,3,10,0.634
7623261488383331598,liliandaz1,2026-03-31,,No Transcript,0.0,0,198,2,0,2,1.01
7623262845362310413,fabiolavelarde1,2026-03-31,,No Transcript,0.0,0,63,4,0,4,6.349
7623264357304012045,saltyvibes18,2026-03-31,,No Transcript,0.0,0,401,0,0,0,0.0
7623264913263234317,lagloirededieu995,2026-03-31,,No Transcript,0.0,0,331,6,0,6,1.813
7623382808156769549,guilleandrade27,2026-03-31,,No Transcript,0.0,0,275,6,0,6,2.182
7623398699917413662,marlencuba1969,2026-03-31,,No Transcript,0.0,0,1,0,0,0,0.0
7623402827385179422,theravenmarie2,2026-03-31,,No Transcript,0.0,0,149,0,0,0,0.0
7623405934508920077,bmshutt,2026-03-31,,No Transcript,0.0,0,12,0,0,0,0.0
7623406924825922847,marlencuba1969,2026-03-31,,No Transcript,0.0,0,593,0,0,0,0.0
7623433018283166989,joely_en_familia,2026-03-31,,No Transcript,0.0,0,144,3,0,3,2.083
7623439939258092830,selam_birhane,2026-03-31,,No Transcript,0.0,0,520,16,7,23,4.423
7623449598639475999,tukashazworld,2026-03-31,,No Transcript,0.0,0,153,6,0,6,3.922
7623450844314258718,taylormarie148,2026-03-31,,No Transcript,0.0,0,320,5,0,5,1.562
7623469684569951502,shopalerts,2026-03-31,,No Transcript,0.0,0,1792,0,0,0,0.0
7623474878615801102,taytayfromtexas,2026-03-31,,No Transcript,0.0,0,567,4,2,6,1.058
7623476765238824205,wisquitomama,2026-03-31,,No Transcript,0.0,0,620,0,0,0,0.0
7623477370854427917,wdfgoinonnina,2026-03-31,,No Transcript,0.0,0,615,0,0,0,0.0
7623479701696253215,,2026-03-31,,No Transcript,0.0,0,702,0,0,0,0.0
7623480032207424782,siacreatesit,2026-03-31,,No Transcript,0.0,0,810,5,2,7,0.864
7623480436873874702,paige.registerednurse,2026-03-31,,No Transcript,0.0,0,369,8,0,8,2.168
7623499340534861069,rockstomyownbeat,2026-03-31,,No Transcript,0.0,0,174,2,0,2,1.149
7623511006047767821,stacy.heil,2026-03-31,Do your gums feel tired Meet the brush that's,Question,0.0,0,1363,2,0,2,0.147
7623533723694222622,march_queen28,2026-03-31,,No Transcript,0.0,0,168,48,36,84,50.0
7623534192726527262,loriyoung814,2026-03-31,,No Transcript,0.0,0,1156,2,0,2,0.173
7623535539102240030,sarabloomofficial,2026-03-31,,No Transcript,0.0,0,726,6,0,6,0.826
7623536784596536590,livingsober4life,2026-03-31,,No Transcript,0.0,0,152,0,0,0,0.0
7623536884777487646,saralynnofficial,2026-03-31,,No Transcript,0.0,0,940,2,0,2,0.213
7623537112029121805,90smusicmomma,2026-03-31,,No Transcript,0.0,0,435,0,0,0,0.0
7623549465009392926,_.jacomino._1,2026-03-31,,No Transcript,0.0,0,738,19,2,21,2.846
7623549958704221471,deal.buzz,2026-03-31,,No Transcript,0.0,0,1028,0,0,0,0.0
7623556038721129758,beasfinds,2026-04-01,,No Transcript,0.0,0,48,0,0,0,0.0
7623561846452210958,besties_broadcast,2026-03-31,,No Transcript,0.0,0,634,6,1,7,1.104
7623563076842818829,jae_inthe_lingerie,2026-03-31,,No Transcript,0.0,0,545,0,0,0,0.0
7623567520351522078,oxstrength_,2026-03-31,,No Transcript,0.0,0,636,3,1,4,0.629
7623576929626541343,bonzai_deals,2026-03-31,,No Transcript,0.0,0,893,0,0,0,0.0
7623577885672066335,ashley.hudson66,2026-04-01,,No Transcript,0.0,0,962,1,0,1,0.104
7623585902907919630,saltyvibes18,2026-04-01,,No Transcript,0.0,0,699,2,0,2,0.286
7623591084840602894,shopalerts,2026-04-01,,No Transcript,0.0,0,4572,2,0,2,0.044
7623591257708743949,liliandaz1,2026-04-01,,No Transcript,0.0,0,172,3,2,5,2.907
7623599779574172958,gold_jewelersrhosses,2026-04-01,,No Transcript,0.0,0,88,8,1,9,10.227
7623602534321540383,junior.faby,2026-03-31,,No Transcript,0.0,0,128,0,0,0,0.0
7623602830149979423,kayteefaye,2026-04-01,,No Transcript,0.0,0,911,2,0,2,0.22
7623603312968912141,tiasells,2026-04-01,,No Transcript,0.0,0,792,5,0,5,0.631
7623611207999606029,livingsober4life,2026-04-01,,No Transcript,0.0,0,74,8,1,9,12.162
7623613915989019935,moda.y.estilo.fem,2026-03-31,,No Transcript,0.0,0,916,0,0,0,0.0
7623614113523977486,saltyvibes18,2026-04-01,,No Transcript,0.0,0,502,4,0,4,0.797
7623615761537387789,dabea26,2026-04-01,,No Transcript,0.0,0,787,4,0,4,0.508
7623622464127503646,castellin,2026-04-01,,No Transcript,0.0,0,376,6,0,6,1.596
7623628477538864415,rakedfinds,2026-03-31,,No Transcript,0.0,0,109,0,0,0,0.0
7623628657692593439,rakedfinds,2026-03-31,,No Transcript,0.0,0,118,0,0,0,0.0
7623629053563555102,rakedfinds,2026-03-31,,No Transcript,0.0,0,616,0,0,0,0.0
7623629560218717470,rakedfinds,2026-03-31,,No Transcript,0.0,0,376,0,0,0,0.0
7623633267522112798,affiliatezshop.us,2026-04-01,,No Transcript,0.0,0,1907,0,0,0,0.0
7623635061572734239,dustinrblack,2026-04-01,,No Transcript,0.0,0,567,1,0,1,0.176
7623654975402462495,lavieaveccoco,2026-04-01,,No Transcript,0.0,0,42,4,0,4,9.524
7623656807034146062,xk.carmenjoaquin,2026-04-01,,No Transcript,0.0,0,963,2,0,2,0.208
7623660977237560590,paige.registerednurse,2026-04-01,,No Transcript,0.0,0,329,6,0,6,1.824
7623684143989148941,,2026-04-01,,No Transcript,0.0,0,136,0,0,0,0.0
7623707121174973710,zarxdeals,2026-04-01,,No Transcript,0.0,0,933,3,0,3,0.322
7623724409127243038,widianabourdeau02,2026-04-01,,No Transcript,0.0,0,26106,431,12,443,1.697
7623786575054359839,therealcyncity,2026-04-01,,No Transcript,0.0,0,830,11,0,11,1.325
7623788403510742303,tiktok_made_buy_it,2026-04-01,,No Transcript,0.0,0,175,35,17,52,29.714
7623794468327591181,bluecollarwifeylife,2026-04-01,,No Transcript,0.0,0,1051,11,4,15,1.427
7623805414274026765,bluecollarwifeylife,2026-04-03,,No Transcript,0.0,0,1070,5,4,9,0.841
7623808534085471501,she.deese,2026-04-01,,No Transcript,0.0,0,142,4,0,4,2.817
7623813088357190925,bluecollarwifeylife,2026-04-02,,No Transcript,0.0,0,603,6,2,8,1.327
7623824557324979487,cassiehessen722,2026-04-01,,No Transcript,0.0,0,77,2,1,3,3.896
7623840039759252767,nathalibenitez,2026-04-01,,No Transcript,0.0,0,627,5,0,5,0.797
7623848367059143966,msthorton,2026-04-01,,No Transcript,0.0,0,225,2,0,2,0.889
7623851368427572511,amy_bledsoe1,2026-04-01,,No Transcript,0.0,0,23,0,0,0,0.0
7623856331413327118,yolandaromero1111,2026-04-01,,No Transcript,0.0,0,28,0,0,0,0.0
7623865591136259358,msthorton,2026-04-01,,No Transcript,0.0,0,828,6,1,7,0.845
7623884986743082254,jessandmialife,2026-04-01,,No Transcript,0.0,0,435,4,0,4,0.92
7623892087141879053,zayalook27,2026-04-01,,No Transcript,0.0,0,151,3,0,3,1.987
7623901444042738958,garciasvideo,2026-04-01,,No Transcript,0.0,0,194,4,0,4,2.062
7623903533154274574,birandradahal,2026-04-01,This U-shaped toothbrush is amazing. It has different modes,Bold Claim / Benefit,0.0,0,555,10,0,10,1.802
7623909844906413325,starletwaretaylor,2026-04-01,,No Transcript,0.0,0,1505,10,0,10,0.664
7623925042182671630,stacy.heil,2026-04-01,,No Transcript,0.0,0,629,0,0,0,0.0
7623936708844768526,eli08098,2026-04-01,,No Transcript,0.0,0,172,1,0,1,0.581
7623948594222992671,sofia002603,2026-04-02,,No Transcript,0.0,0,428,14,3,17,3.972
7623951278820855071,ycmworld,2026-04-02,,No Transcript,0.0,0,711,2,0,2,0.281
7623964287223991582,kim_berrrrr,2026-04-02,,No Transcript,0.0,0,932,1,0,1,0.107
7623964297441463582,bonzai_deals,2026-04-01,,No Transcript,0.0,0,1161,0,0,0,0.0
7623967177862892813,found.it.first,2026-04-01,,No Transcript,0.0,0,80,0,0,0,0.0
7623970136231365918,jaymee.lynne,2026-04-02,,No Transcript,0.0,0,1830,2,0,2,0.109
7623979067766852878,found.it.first,2026-04-01,,No Transcript,0.0,0,76,0,0,0,0.0
7623983355574406413,rashel514,2026-04-02,,No Transcript,0.0,0,338,4,0,4,1.183
7623986608697609485,sebalbeauty29,2026-04-01,,No Transcript,0.0,0,84,0,0,0,0.0
7623990124744903967,kayla_noel92,2026-04-02,,No Transcript,0.0,0,315,10,2,12,3.81
7623999496568982798,aj_.6.7,2026-04-02,This product right here is an absolute game changer.,Bold Claim / Benefit,0.0,0,2736,12,0,12,0.439
7624013290577923359,tiktokshopsbestshop,2026-04-01,,No Transcript,0.0,0,842,0,0,0,0.0
7624020148596329759,jcggshow,2026-04-02,,No Transcript,0.0,0,1332,4,1,5,0.375
7624023429078945055,jcggshow,2026-04-02,,No Transcript,0.0,0,919,2,0,2,0.218
7624035317858700558,paige.registerednurse,2026-04-02,,No Transcript,0.0,0,96,2,2,4,4.167
7624046892342676767,jcggshow,2026-04-02,,No Transcript,0.0,0,1417,6,0,6,0.423
7624107633968024846,thatmomemily2,2026-04-02,,No Transcript,0.0,0,242,9,3,12,4.959
7624124087895330062,holi_grit_momma,2026-04-02,,No Transcript,0.0,0,354,13,1,14,3.955
7624168386150403342,velvet.birch,2026-04-02,,No Transcript,0.0,0,806,0,0,0,0.0
7624170844289355022,revibe_tribe,2026-04-02,,No Transcript,0.0,0,203,1,0,1,0.493
7624171207109152031,msthorton,2026-04-02,,No Transcript,0.0,0,398,16,4,20,5.025
7624175147217358094,nolimit_mo63,2026-04-02,Oubliez les dentistes les gars c'est une perte de,Shock / Warning / Pattern Interrupt,0.0,0,24501,113,5,118,0.482
7624179510346304799,cursinggg,2026-04-02,,No Transcript,0.0,0,942,10,2,12,1.274
7624182344135494942,claudiaorellanamoz,2026-04-02,,No Transcript,0.0,0,183,0,0,0,0.0
7624197562412567839,hyppoviou,2026-04-02,,No Transcript,0.0,0,50,5,1,6,12.0
7624214402039893278,cassiehessen722,2026-04-02,,No Transcript,0.0,0,142,4,0,4,2.817
7624222799179074846,pudge5551,2026-04-02,,No Transcript,0.0,0,854,15,2,17,1.991
7624236655012072735,hidden_gems44,2026-04-02,,No Transcript,0.0,0,1909,5,0,5,0.262
7624236872025246989,freeorfun,2026-04-02,,No Transcript,0.0,0,949,1,0,1,0.105
7624238948012821773,shopwithhaileee,2026-04-02,,No Transcript,0.0,0,268,0,0,0,0.0
7624243226609847582,demaryfinds,2026-04-02,,No Transcript,0.0,0,1514,0,0,0,0.0
7624243450350816543,demaryfinds,2026-04-02,,No Transcript,0.0,0,1662,0,0,0,0.0
7624244400041872670,insanediscounts,2026-04-02,,No Transcript,0.0,0,724,1,0,1,0.138
7624245514665495839,loriyoung814,2026-04-02,Come on out and I'm gonna get my bright,Demo / Product Intro,0.0,0,1502,2,4,6,0.399
7624245627899202846,ivonneguille8,2026-04-02,,No Transcript,0.0,0,83,6,0,6,7.229
7624250611407605023,macrosandmovement,2026-04-02,,No Transcript,0.0,0,709,0,0,0,0.0
7624266141434727693,damberi17,2026-04-02,,No Transcript,0.0,0,86,0,0,0,0.0
7624272160227347742,kim_berrrrr,2026-04-02,,No Transcript,0.0,0,14,1,0,1,7.143
7624273903522696461,fatalsigns,2026-04-02,,No Transcript,0.0,0,656,0,0,0,0.0
7624274636573887774,nickshoppingfinds,2026-04-02,,No Transcript,0.0,0,687,1,0,1,0.146
7624274941780725023,nickshoppingfinds,2026-04-02,,No Transcript,0.0,0,1112,0,0,0,0.0
7624276846053543199,tiktokshopsbestshop,2026-04-02,,No Transcript,0.0,0,557,0,0,0,0.0
7624283449519557918,becausekoacares,2026-04-02,,No Transcript,0.0,0,117,1,0,1,0.855
7624285352223575309,chrisliftsshopp,2026-04-02,,No Transcript,0.0,0,105,0,0,0,0.0
7624291552407407903,tiktokshopsbestshop,2026-04-02,,No Transcript,0.0,0,671,0,0,0,0.0
7624296296337165599,tiktokshopsbestshop,2026-04-02,,No Transcript,0.0,0,161,0,0,0,0.0
7624296652886625567,tiktokshopsbestshop,2026-04-02,,No Transcript,0.0,0,671,0,0,0,0.0
7624296822344846622,tiktokshopsbestshop,2026-04-02,,No Transcript,0.0,0,469,0,0,0,0.0
7624316498454138125,rjrthapa1,2026-04-03,,No Transcript,0.0,0,58,11,3,14,24.138
7624316896745229599,apinkergal,2026-04-03,,No Transcript,0.0,0,959,5,2,7,0.73
7624319167323262239,coongardencattery.com,2026-04-03,,No Transcript,0.0,0,911,4,0,4,0.439
7624320243933973790,samy_houstonlovebosna,2026-04-03,,No Transcript,0.0,0,972,63,65,128,13.169
7624323537309912351,bonzai_deals,2026-04-02,,No Transcript,0.0,0,622,0,0,0,0.0
7624326493098757389,bonesdealz,2026-04-03,,No Transcript,0.0,0,357,0,0,0,0.0
7624326986277735711,tiktokshopsbestshop,2026-04-03,,No Transcript,0.0,0,175,0,0,0,0.0
7624327422422387998,tiktokshopsbestshop,2026-04-03,,No Transcript,0.0,0,462,1,0,1,0.216
7624328028243496222,tiktokshopsbestshop,2026-04-03,,No Transcript,0.0,0,505,2,0,2,0.396
7624331747127332110,haleyjohutton,2026-04-03,,No Transcript,0.0,0,515,4,1,5,0.971
7624347001571904798,jessicaleemcgrath,2026-04-03,I already brush my teeth really well but this,Personal Story / POV,0.0,0,1453,129,0,129,8.878
7624355270835129613,heartofadiamond,2026-04-03,,No Transcript,0.0,0,43,3,1,4,9.302
7624356030562045198,heartofadiamond,2026-04-03,,No Transcript,0.0,0,53,3,1,4,7.547
7624363045678025997,sandrorussor,2026-04-03,,No Transcript,0.0,0,439,0,0,0,0.0
7624368087168503071,kellydawn0318,2026-04-03,,No Transcript,0.0,0,2582,32,5,37,1.433
7624368929263127838,macrosandmovement,2026-04-03,,No Transcript,0.0,0,782,2,0,2,0.256
7624371305755790605,phamsfinds,2026-04-02,,No Transcript,0.0,0,859,0,0,0,0.0
7624376397351374111,candi.land18,2026-04-03,,No Transcript,0.0,0,223,1,3,4,1.794
7624376401952574750,becausekoacares,2026-04-03,,No Transcript,0.0,0,111,2,0,2,1.802
7624378363003653407,anna.mincey,2026-04-03,,No Transcript,0.0,0,111,1,0,1,0.901
7624378757004004621,aj_.6.7,2026-04-03,,No Transcript,0.0,0,4616,5,0,5,0.108
7624379098743295262,kim_berrrrr,2026-04-03,,No Transcript,0.0,0,993,0,0,0,0.0
7624380106382855438,klarasfinds,2026-04-03,,No Transcript,0.0,0,1133,7,2,9,0.794
7624387615843699981,paige.registerednurse,2026-04-03,,No Transcript,0.0,0,238,1,0,1,0.42
7624392326680530190,yazzjackie,2026-04-03,,No Transcript,0.0,0,1310,14,1,15,1.145
7624394347844226317,amor.yvida,2026-04-03,,No Transcript,0.0,0,23,3,0,3,13.043
7624404797415820574,danimalsfinds,2026-04-03,,No Transcript,0.0,0,126,0,0,0,0.0
7624412014215056653,stacy.heil,2026-04-02,,No Transcript,0.0,0,1075,0,0,0,0.0
7624412618056355085,heartofadiamond,2026-04-03,,No Transcript,0.0,0,125,8,10,18,14.4
7624467496971570462,glitteryglowy,2026-04-03,,No Transcript,0.0,0,476,0,0,0,0.0
7624495411650170125,kaylaboutique8,2026-04-03,,No Transcript,0.0,0,34,0,0,0,0.0
7624498153273789709,sjmiamor,2026-04-03,,No Transcript,0.0,0,494,3,0,3,0.607
7624517226992798989,amitshreemalartstudio,2026-04-03,,No Transcript,0.0,0,2967,4,0,4,0.135
7624539448679681293,tiktokshopsbestshop,2026-04-03,,No Transcript,0.0,0,651,1,0,1,0.154
7624540529438575902,anna.mincey,2026-04-03,,No Transcript,0.0,0,563,0,0,0,0.0
7624546765827525901,sgp_67,2026-04-03,,No Transcript,0.0,0,373,8,5,13,3.485
7624558552182492429,duranfinds,2026-04-03,,No Transcript,0.0,0,18,1,0,1,5.556
7624559827422940447,msthorton,2026-04-03,,No Transcript,0.0,0,461,4,0,4,0.868
7624570862645038350,phamsfinds,2026-04-03,,No Transcript,0.0,0,1183,0,0,0,0.0
7624573942765735182,benjidavis222222,2026-04-03,,No Transcript,0.0,0,40,0,0,0,0.0
7624574708918340878,benjidavis222222,2026-04-03,,No Transcript,0.0,0,115,2,0,2,1.739
7624581992713063710,becausekoacares,2026-04-03,,No Transcript,0.0,0,181,2,0,2,1.105
7624584356266380575,insanediscounts,2026-04-03,,No Transcript,0.0,0,1127,1,0,1,0.089
7624601684945210637,peteypablo1990,2026-04-03,,No Transcript,0.0,0,1226,3,0,3,0.245
7624614215747144991,dreektv,2026-04-03,,No Transcript,0.0,0,1671,10,1,11,0.658
7624631566169394445,audreyboltonshops,2026-04-03,,No Transcript,0.0,0,758,4,0,4,0.528
7624645956964715790,jessandmialife,2026-04-03,,No Transcript,0.0,0,265,2,0,2,0.755
7624650906306366733,siacreatesit,2026-04-03,,No Transcript,0.0,0,636,4,0,4,0.629
7624651055543962910,kay_kay0413,2026-04-03,,No Transcript,0.0,0,373,4,0,4,1.072
7624655548079754526,joyfullycurated4,2026-04-03,,No Transcript,0.0,0,499,9,0,9,1.804
7624656508223098126,franklin_thebulldog,2026-04-03,,No Transcript,0.0,0,3155,16,17,33,1.046
7624660397278137613,chenlifarmlife,2026-04-03,,No Transcript,0.0,0,264,3,1,4,1.515
7624667458770636063,affiliatezshop.us,2026-04-03,,No Transcript,0.0,0,3028,1,0,1,0.033
7624676159095065869,earthlyfinds,2026-04-03,,No Transcript,0.0,0,231,0,0,0,0.0
7624700175218396430,mommatiffy2008,2026-04-04,,No Transcript,0.0,0,126,18,19,37,29.365
7624711401780645133,earthlyfinds,2026-04-04,,No Transcript,0.0,0,152,4,0,4,2.632
7624712325039213837,earthlyfinds,2026-04-04,,No Transcript,0.0,0,353,2,0,2,0.567
7624713114130337055,bonzai_deals,2026-04-04,,No Transcript,0.0,0,970,1,0,1,0.103
7624713248943672607,mamablaine23,2026-04-04,,No Transcript,0.0,0,1402,47,11,58,4.137
7624714024562789645,earthlyfinds,2026-04-04,,No Transcript,0.0,0,201,1,0,1,0.498
7624717059326315806,bonzai_deals,2026-04-05,,No Transcript,0.0,0,1128,2,0,2,0.177
7624723389604809997,earthlyfinds,2026-04-04,,No Transcript,0.0,0,125,2,0,2,1.6
7624725064491044110,breanimal1125,2026-04-04,,No Transcript,0.0,0,842,16,2,18,2.138
7624725181356936462,karendenisse029,2026-04-04,,No Transcript,0.0,0,92,11,0,11,11.957
7624731848911883534,earthlyfinds,2026-04-04,,No Transcript,0.0,0,542,1,0,1,0.185
7624733292763417870,shopelizabeth20,2026-04-04,,No Transcript,0.0,0,104,1,0,1,0.962
7624733850114985230,athompsontale,2026-04-04,,No Transcript,0.0,0,113,14,7,21,18.584
7624734275442674974,ptstools,2026-04-04,,No Transcript,0.0,0,1193,5,1,6,0.503
7624735850089221407,ptstools,2026-04-04,,No Transcript,0.0,0,1136,3,0,3,0.264
7624738401585057037,coffeefirstmama,2026-04-04,,No Transcript,0.0,0,2718,52,1,53,1.95
7624740883937774861,stephenp777,2026-04-04,,No Transcript,0.0,0,640,2,0,2,0.312
7624742031541226766,drachnik,2026-04-04,,No Transcript,0.0,0,2668,20,1,21,0.787
7624742692328721678,drachnik,2026-04-04,,No Transcript,0.0,0,2104,39,2,41,1.949
7624743028791479583,kim_berrrrr,2026-04-04,,No Transcript,0.0,0,534,0,0,0,0.0
7624743639880699167,ellabella.collabs,2026-04-04,,No Transcript,0.0,0,49,1,0,1,2.041
7624744033843236110,earthlyfinds,2026-04-04,,No Transcript,0.0,0,659,2,0,2,0.303
7624744856073653517,earthlyfinds,2026-04-04,,No Transcript,0.0,0,591,2,0,2,0.338
7624745682158554381,earthlyfinds,2026-04-04,,No Transcript,0.0,0,445,3,0,3,0.674
7624746578363878669,drachnik,2026-04-04,,No Transcript,0.0,0,2720,26,1,27,0.993
7624754526775528734,aprilc_43,2026-04-04,,No Transcript,0.0,0,499,2,0,2,0.401
7624796955725614366,missmayplus3,2026-04-04,,No Transcript,0.0,0,396,3,0,3,0.758
7624831609572822285,cblanchard76,2026-04-04,,No Transcript,0.0,0,506,8,3,11,2.174
7624891507459231006,nicolestanton320,2026-04-04,,No Transcript,0.0,0,374,2,0,2,0.535
7624893060983311646,jaymee.lynne,2026-04-04,,No Transcript,0.0,0,726,1,1,2,0.275
7624894133143932191,jaymee.lynne,2026-04-04,,No Transcript,0.0,0,960,3,0,3,0.312
7624905164964629773,stacy.heil,2026-04-04,,No Transcript,0.0,0,758,1,0,1,0.132
7624910588879129887,latoya.vs.toya,2026-04-04,,No Transcript,0.0,0,168,3,2,5,2.976
7624910838490516767,only1kurstye,2026-04-04,,No Transcript,0.0,0,89,2,0,2,2.247
7624911927067692319,only1kurstye,2026-04-04,Okay. Let's brush your teeth. We're gonna put toothpaste,Demo / Product Intro,0.0,0,12393,94,5,99,0.799
7624913257773534494,kaysplaydays,2026-04-04,,No Transcript,0.0,0,558,5,0,5,0.896
7624914431310302478,lianet.soto.medin,2026-04-04,,No Transcript,0.0,0,281,0,0,0,0.0
7624920227146435853,joely_en_familia,2026-04-04,,No Transcript,0.0,0,107,3,0,3,2.804
7624923135933943070,dealswithhollyf,2026-04-04,,No Transcript,0.0,0,402,9,1,10,2.488
7624924922015452446,latoya.vs.toya,2026-04-04,,No Transcript,0.0,0,278,2,0,2,0.719
7624928694133394719,latoya.vs.toya,2026-04-04,,No Transcript,0.0,0,185,3,0,3,1.622
7624930587236699422,nathalibenitez,2026-04-04,,No Transcript,0.0,0,484,8,0,8,1.653
7624935275474603278,baylieconwaykehn,2026-04-04,,No Transcript,0.0,0,226,6,0,6,2.655
7624937348228254989,baylieconwaykehn,2026-04-04,,No Transcript,0.0,0,457,3,2,5,1.094
7624940586541370637,alexdude95,2026-04-04,,No Transcript,0.0,0,305,0,0,0,0.0
7624941347690007822,alexdude95,2026-04-04,,No Transcript,0.0,0,346,0,0,0,0.0
7624941848695524622,stankretsu,2026-04-04,,No Transcript,0.0,0,5686,13,0,13,0.229
7624952641226853645,naturalonehundred,2026-04-07,,No Transcript,0.0,0,1131,2,0,2,0.177
7624953222846745887,ptstools,2026-04-04,,No Transcript,0.0,0,2393,4,0,4,0.167
7624955448961060126,ameliasaldana8,2026-04-04,,No Transcript,0.0,0,632,5,0,5,0.791
7624959302746361101,mamatomberlin,2026-04-04,,No Transcript,0.0,0,175,4,2,6,3.429
7624972851682053389,jillcampbellhorton,2026-04-04,,No Transcript,0.0,0,862,6,2,8,0.928
7624978029143641357,trosemade,2026-04-04,Your kids teeth look like this because you're making,Shock / Warning / Pattern Interrupt,0.0,0,1173,14,0,14,1.194
7624983275483712781,ourshopfinds,2026-04-04,,No Transcript,0.0,0,295,2,0,2,0.678
7624983422443834655,branntski,2026-04-04,I just woke up to the Autobrush Sonic Pro,Personal Story / POV,0.0,0,1348,3,0,3,0.223
7624989724293303583,maiteaguilar95,2026-04-04,,No Transcript,0.0,0,108,7,0,7,6.481
7624991880048020750,brookeeh00,2026-04-04,,No Transcript,0.0,0,97,1,0,1,1.031
7624996811463281950,mrsnadeige,2026-04-04,,No Transcript,0.0,0,210,1,0,1,0.476
7625014326230846750,glosssyambssteve,2026-04-04,,No Transcript,0.0,0,748,4,0,4,0.535
7625017254316477709,audreyboltonshops,2026-04-04,,No Transcript,0.0,0,1300,3,0,3,0.231
7625030188199382303,eusnaur,2026-04-04,,No Transcript,0.0,0,954,1,2,3,0.314
7625037512360086798,stacy.heil,2026-04-04,,No Transcript,0.0,0,848,1,0,1,0.118
7625045197386288414,eusnaur,2026-04-05,,No Transcript,0.0,0,839,1,1,2,0.238
7625048555945725214,maryshop91,2026-04-04,,No Transcript,0.0,0,768,8,1,9,1.172
7625058657574702367,affiliatezshop.us,2026-04-05,,No Transcript,0.0,0,3537,4,0,4,0.113
7625071758143524109,naturalonehundred,2026-04-06,,No Transcript,0.0,0,1446,6,0,6,0.415
7625072768672910605,lince.lanegra.est,2026-04-05,,No Transcript,0.0,0,27,1,0,1,3.704
7625075347821808927,only1kurstye,2026-04-05,,No Transcript,0.0,0,307,16,8,24,7.818
7625087440117583118,shaki_ruiz,2026-04-05,,No Transcript,0.0,0,686,18,10,28,4.082
7625089902169951519,kitchentasticdeals,2026-04-05,,No Transcript,0.0,0,850,0,0,0,0.0
7625096009890204958,gabesgotdeals,2026-04-05,,No Transcript,0.0,0,1689,5,0,5,0.296
7625096256842419487,gabesgotdeals,2026-04-05,,No Transcript,0.0,0,1171,6,0,6,0.512
7625096651019013407,layanaa132,2026-04-05,,No Transcript,0.0,0,324,23,3,26,8.025
7625101745718447391,kim_berrrrr,2026-04-05,,No Transcript,0.0,0,817,1,0,1,0.122
7625104514822982943,gabesgotdeals,2026-04-05,,No Transcript,0.0,0,972,1,0,1,0.103
7625111789017058591,vanessark27,2026-04-05,,No Transcript,0.0,0,4525,33,2,35,0.773
7625123116187979038,mondaynightnitro,2026-04-05,,No Transcript,0.0,0,98,4,0,4,4.082
7625132328012090655,loveandchina,2026-04-05,,No Transcript,0.0,0,1061,2,0,2,0.189
7625138583233465614,strong.orellana,2026-04-05,,No Transcript,0.0,0,562,14,4,18,3.203
7625214617253399821,teamwork10986,2026-04-05,,No Transcript,0.0,0,106,0,0,0,0.0
7625246989986434335,xo.bysarah,2026-04-05,,No Transcript,0.0,0,89,7,3,10,11.236
7625289851885194527,tiktokshopsbestshop,2026-04-05,,No Transcript,0.0,0,282,0,0,0,0.0
7625292489745845518,dang_it_mike,2026-04-05,,No Transcript,0.0,0,307,2,0,2,0.651
7625319968480955661,momma_stephy,2026-04-05,,No Transcript,0.0,0,289,3,0,3,1.038
7625323274695724319,random.olive,2026-04-05,,No Transcript,0.0,0,101,0,0,0,0.0
7625344985654643981,shimba242,2026-04-05,,No Transcript,0.0,0,44,15,1,16,36.364
7625355891335908638,heatherlynnrollston,2026-04-05,,No Transcript,0.0,0,17,2,0,2,11.765
7625364068735503647,apinkergal,2026-04-05,,No Transcript,0.0,0,1531,8,1,9,0.588
7625371139392490783,amberfindstt,2026-04-05,,No Transcript,0.0,0,519,2,0,2,0.385
7625371345156656414,amberfindstt,2026-04-05,,No Transcript,0.0,0,1192,1,1,2,0.168
7625372666777603358,deadra_167,2026-04-05,,No Transcript,0.0,0,715,1,0,1,0.14
7625373699645984030,justjulieannac,2026-04-05,,No Transcript,0.0,0,346,2,0,2,0.578
7625376140709956895,daphnemuzuruk,2026-04-05,,No Transcript,0.0,0,146,3,0,3,2.055
7625377206318976286,nathalibenitez,2026-04-05,,No Transcript,0.0,0,276,4,0,4,1.449
7625395143515966750,heatherlynnrollston,2026-04-05,,No Transcript,0.0,0,512,4,1,5,0.977
7625405734884265246,claudiaorellanamoz,2026-04-05,,No Transcript,0.0,0,80,3,0,3,3.75
7625427346710859038,stacesmiless,2026-04-05,,No Transcript,0.0,0,376,8,0,8,2.128
7625428855678979342,cookingwithpassion,2026-04-05,,No Transcript,0.0,0,840,3,0,3,0.357
7625429281820167437,ronnieny87,2026-04-06,,No Transcript,0.0,0,538,0,0,0,0.0
7625429817680268557,ronnieny87,2026-04-06,,No Transcript,0.0,0,383,0,0,0,0.0
7625432031786274061,earthlyfinds,2026-04-06,,No Transcript,0.0,0,648,1,0,1,0.154
7625432437790625038,earthlyfinds,2026-04-06,,No Transcript,0.0,0,594,1,0,1,0.168
7625433038553468174,earthlyfinds,2026-04-06,,No Transcript,0.0,0,588,1,0,1,0.17
7625439512893656351,bonzai_deals,2026-04-06,,No Transcript,0.0,0,674,1,0,1,0.148
7625440150071414029,ohmommyfinds,2026-04-06,,No Transcript,0.0,0,1397,10,6,16,1.145
7625454951224986910,kizzybinvibez,2026-04-06,,No Transcript,0.0,0,393,5,0,5,1.272
7625458736814935327,majasasinpretextos,2026-04-06,,No Transcript,0.0,0,413,28,0,28,6.78
7625464735177133343,_jewlie_,2026-04-06,You guys remember about a week ago I got,Personal Story / POV,0.0,0,1166,30,0,30,2.573
7625466540913151246,julianavollstedt,2026-04-06,,No Transcript,0.0,0,636,4,0,4,0.629
7625469985191644429,milton3608,2026-04-06,,No Transcript,0.0,0,147,0,0,0,0.0
7625470382396411150,milton3608,2026-04-06,,No Transcript,0.0,0,100,2,0,2,2.0
7625478120417627405,stacy.heil,2026-04-06,,No Transcript,0.0,0,908,1,0,1,0.11
7625482403083062542,saanu6858,2026-04-06,,No Transcript,0.0,0,98,2,1,3,3.061
7625483895034711309,oneclassybitchh,2026-04-06,Autobrush. This right here is a adult brush base.,Demo / Product Intro,0.0,0,1137,5,0,5,0.44
7625513237081050399,lifewithmelsies,2026-04-06,Trying the viral auto brush. Diff modes red lighting,Demo / Product Intro,0.0,0,1651,8,1,9,0.545
7625527015063571725,clarofinds,2026-04-06,,No Transcript,0.0,0,1255,1,0,1,0.08
7625537398662827295,schmeglysrevenge,2026-04-06,Something happened in that conference room bc their auto,Curiosity / Open Loop,0.0,0,1789,2,0,2,0.112
7625542018458062093,lemon_finds0,2026-04-06,,No Transcript,0.0,0,1334,1,0,1,0.075
7625542305851673870,lemon_finds0,2026-04-06,If you waited until today you absolutely won because,Offer / Deal / Urgency,0.0,0,1280,2,0,2,0.156
7625542428916862221,lemon_finds0,2026-04-06,,No Transcript,0.0,0,859,0,0,0,0.0
7625542796514004238,lemon_finds0,2026-04-06,Today is the last day of the biggest sale,Offer / Deal / Urgency,0.0,0,1565,1,0,1,0.064
7625607935728569614,dioserivera1,2026-04-06,,No Transcript,0.0,0,545,6,0,6,1.101
7625609179000016159,natalymendoza562,2026-04-06,,No Transcript,0.0,0,879,15,2,17,1.934
7625613227686202638,lupejaycox,2026-04-06,Autobrush Sonic Pro Bundle Right now is On sale,Offer / Deal / Urgency,0.0,0,2153,3,0,3,0.139
7625653053437283614,rociio5732,2026-04-06,,No Transcript,0.0,0,664,2,0,2,0.301
7625669661631188254,cruzdelcarmenespinoza0,2026-04-06,,No Transcript,0.0,0,50,2,0,2,4.0
7625672139663822110,baileynbaxterdoods,2026-04-06,,No Transcript,0.0,0,719,4,0,4,0.556
7625674542169476383,dustibraschler,2026-04-06,,No Transcript,0.0,0,800,4,0,4,0.5
7625687823038876941,nevaehblessen,2026-04-06,,No Transcript,0.0,0,1365,9,0,9,0.659
7625690237125102879,heatherlynnrollston,2026-04-06,,No Transcript,0.0,0,562,2,4,6,1.068
7625699814981782815,millena_tokshop,2026-04-06,,No Transcript,0.0,0,1031,4,1,5,0.485
7625705325198331149,savya92,2026-04-06,,No Transcript,0.0,0,457,10,1,11,2.407
7625706505030880525,clarofinds,2026-04-06,,No Transcript,0.0,0,1299,2,0,2,0.154
7625712975034289422,ats4life1,2026-04-06,,No Transcript,0.0,0,78,1,0,1,1.282
7625718278207458573,nyequestrian,2026-04-06,,No Transcript,0.0,0,369,6,2,8,2.168
7625727391087758606,yelizettorrealbag,2026-04-06,,No Transcript,0.0,0,647,11,2,13,2.009
7625746034555194637,robercass30,2026-04-06,"The No-Fight Toothbrush. Oh this felt so good, it",Bold Claim / Benefit,0.0,0,1073,2,0,2,0.186
7625752572225260830,ginger19665,2026-04-06,,No Transcript,0.0,0,645,2,2,4,0.62
7625757226413706527,juicydealss,2026-04-06,This is going to be the last day to,Offer / Deal / Urgency,0.0,0,1115,1,0,1,0.09
7625757281828785422,benjidavis222222,2026-04-06,,No Transcript,0.0,0,810,2,0,2,0.247
7625758837982661902,franklin_thebulldog,2026-04-06,We've been wanting to try this! Do the kids,Personal Story / POV,0.0,0,1617,7,0,7,0.433
7625773452787584270,sandrorussor,2026-04-07,,No Transcript,0.0,0,353,3,0,3,0.85
7625778886172757262,dara_sahm,2026-04-06,This autobrush has made the easiest brushing routine I,Social Proof / Testimonial,0.0,0,1319,6,1,7,0.531
7625778998123056415,neerugrg1,2026-04-06,,No Transcript,0.0,0,255,29,8,37,14.51
7625784055056862494,perfectlyinseason,2026-04-06,,No Transcript,0.0,0,286,2,0,2,0.699
7625784433630661918,glambyben,2026-04-06,,No Transcript,0.0,0,776,3,0,3,0.387
7625787330925694221,siacreatesit,2026-04-06,,No Transcript,0.0,0,946,11,4,15,1.586
7625790019210317086,chloes_cart,2026-04-06,,No Transcript,0.0,0,2771,16,0,16,0.577
7625795881337392415,mrsnadeige,2026-04-06,,No Transcript,0.0,0,1811,8,1,9,0.497
7625796284846230814,jaymee.lynne,2026-04-06,,No Transcript,0.0,0,785,2,0,2,0.255
7625797091326987551,jaymee.lynne,2026-04-06,,No Transcript,0.0,0,620,3,0,3,0.484
7625797600221924639,jaymee.lynne,2026-04-06,It came! It came! It came!,Other / No Clear Hook,0.0,0,1663,3,0,3,0.18
7625800456035470623,bonzai_deals,2026-04-07,,No Transcript,0.0,0,970,0,0,0,0.0
7625810584830774541,absedgwick,2026-04-07,,No Transcript,0.0,0,1186,3,0,3,0.253
7625823617489571086,np_natalie,2026-04-07,,No Transcript,0.0,0,662,6,0,6,0.906
7625824475820330271,perlaqueens,2026-04-07,,No Transcript,0.0,0,1076,7,0,7,0.651
7625845288967687454,rachazzolini,2026-04-07,,No Transcript,0.0,0,3499,20,0,20,0.572
7625848199835700511,grape.finds,2026-04-07,,No Transcript,0.0,0,516,1,0,1,0.194
7625852854821014797,pauliscat3,2026-04-07,,No Transcript,0.0,0,1110,5,0,5,0.45
7625854142149332255,albadleon3,2026-04-07,,No Transcript,0.0,0,658,8,0,8,1.216
7625856729967791391,ashleythesahmof6,2026-04-07,,No Transcript,0.0,0,589,16,0,16,2.716
7625857119094328607,ivonneguille8,2026-04-07,,No Transcript,0.0,0,649,11,1,12,1.849
7625860100292480269,lachichis_reviews,2026-04-07,,No Transcript,0.0,0,643,23,3,26,4.044
7625968972835425550,juicydealss,2026-04-07,,No Transcript,0.0,0,1044,2,0,2,0.192
7625977473557089549,renebackstage,2026-04-07,,No Transcript,0.0,0,599,1,1,2,0.334
7625978855072763166,samy_houstonlovebosna,2026-04-07,,No Transcript,0.0,0,1,0,0,0,0.0
7625983426448870687,samy_houstonlovebosna,2026-04-07,,No Transcript,0.0,0,1752,167,132,299,17.066
7625993211009322270,charleysmom14,2026-04-07,,No Transcript,0.0,0,419,1,0,1,0.239
7625995244810571039,alchemistvibes369,2026-04-07,,No Transcript,0.0,0,502,10,18,28,5.578
7625999465345748238,robercass30,2026-04-07,,No Transcript,0.0,0,316,4,0,4,1.266
7626006934843378958,franklin_thebulldog,2026-04-07,,No Transcript,0.0,0,481,3,1,4,0.832
7626007472855076127,tammyharrisonhollan,2026-04-07,,No Transcript,0.0,0,14,1,0,1,7.143
7626008399725038878,tammy.r.harrison,2026-04-07,,No Transcript,0.0,0,163,2,0,2,1.227
7626034338185989389,earthlyfinds,2026-04-07,,No Transcript,0.0,0,87,1,0,1,1.149
7626046114654850317,irisonoz828,2026-04-07,,No Transcript,0.0,0,82,5,1,6,7.317
7626053879691595022,np_natalie,2026-04-07,,No Transcript,0.0,0,347,4,0,4,1.153
7626055595237444877,authenticallyaubz,2026-04-07,,No Transcript,0.0,0,889,1,0,1,0.112
7626058971563969822,crazynaturevideos,2026-04-07,,No Transcript,0.0,0,2026,0,0,0,0.0
7626068695139241246,blossomwiththedeals,2026-04-07,,No Transcript,0.0,0,5249,1,0,1,0.019
7626077147156794638,busy.butdigital,2026-04-07,Last chance y'all to take advantage of this crazy,Offer / Deal / Urgency,0.0,0,1270,0,0,0,0.0
7626093461699104031,topshopfavefinds,2026-04-07,,No Transcript,0.0,0,107,17,3,20,18.692
7626106222726450446,meladieugc,2026-04-07,,No Transcript,0.0,0,740,5,1,6,0.811
7626122478489750798,franklin_thebulldog,2026-04-07,,No Transcript,0.0,0,853,4,0,4,0.469
7626128384711593230,kenziefaithh_04,2026-04-07,,No Transcript,0.0,0,525,6,2,8,1.524
7626129086515121422,d.deals.dude,2026-04-07,,No Transcript,0.0,0,536,1,0,1,0.187
7626129623297936654,d.deals.dude,2026-04-07,,No Transcript,0.0,0,568,0,0,0,0.0
7626129993956871437,d.deals.dude,2026-04-07,,No Transcript,0.0,0,289,1,0,1,0.346
7626130634557132045,d.deals.dude,2026-04-07,,No Transcript,0.0,0,693,0,0,0,0.0
7626136159537728782,j.lu1212,2026-04-07,,No Transcript,0.0,0,425,11,0,11,2.588
7626146928555805982,random.olive,2026-04-07,,No Transcript,0.0,0,797,0,0,0,0.0
7626151423138336014,milton3608,2026-04-07,,No Transcript,0.0,0,152,0,0,0,0.0
7626151745172802830,milton3608,2026-04-07,,No Transcript,0.0,0,166,0,0,0,0.0
7626152500705381645,milton3608,2026-04-07,,No Transcript,0.0,0,141,2,0,2,1.418
7626152969301445901,milton3608,2026-04-07,,No Transcript,0.0,0,132,2,0,2,1.515
7626155594965142815,kendalls.page,2026-04-07,,No Transcript,0.0,0,788,1,0,1,0.127
7626164337668934942,caroalvarado33,2026-04-07,,No Transcript,0.0,0,71,4,1,5,7.042
7626166733643975967,justginfinds,2026-04-07,"My kid absolutely hates brushing her teeth, so I'm",Personal Story / POV,0.0,0,1312,8,0,8,0.61
7626182033848454431,bonzai_deals,2026-04-08,,No Transcript,0.0,0,870,3,0,3,0.345
7626183497920679198,juicydealss,2026-04-08,,No Transcript,0.0,0,1301,1,0,1,0.077
7626184192728010014,rakedfinds,2026-04-08,,No Transcript,0.0,0,207,0,0,0,0.0
7626184565932985614,shopandtell1,2026-04-08,,No Transcript,0.0,0,332,0,0,0,0.0
7626185261713558815,rakedfinds,2026-04-08,,No Transcript,0.0,0,691,1,0,1,0.145
7626185694913826079,rakedfinds,2026-04-08,,No Transcript,0.0,0,608,2,0,2,0.329
7626190597321198879,lorenacastro1999,2026-04-08,,No Transcript,0.0,0,406,26,6,32,7.882
7626191091443797262,thejman11,2026-04-08,,No Transcript,0.0,0,596,0,0,0,0.0
7626196848595832095,catracha_brasilera,2026-04-08,,No Transcript,0.0,0,68,7,0,7,10.294
7626197114653003038,wvangel304,2026-04-08,,No Transcript,0.0,0,691,7,0,7,1.013
7626197782948367646,genesisgonzalez1125,2026-04-08,,No Transcript,0.0,0,621,8,2,10,1.61
7626198338660044062,gypsi0011,2026-04-08,,No Transcript,0.0,0,234,4,4,8,3.419
7626208065519389966,nurse.to.natural,2026-04-08,,No Transcript,0.0,0,2041,19,1,20,0.98
7626210592608570654,lifewithjaianna,2026-04-08,,No Transcript,0.0,0,386,44,21,65,16.839
7626212071838960910,katkamp5,2026-04-08,"Kicking screaming crying, that's what brushing our teeth every",Problem / Pain Point,0.0,0,1566,17,20,37,2.363
7626226990634257694,charleysmom14,2026-04-08,,No Transcript,0.0,0,457,0,0,0,0.0
7626233509732011277,puffydesh,2026-04-08,,No Transcript,0.0,0,714,6,0,6,0.84
7626234708317195533,stacy.heil,2026-04-08,,No Transcript,0.0,0,803,1,0,1,0.125
7626239759827913998,paige.registerednurse,2026-04-09,,No Transcript,0.0,0,333,1,0,1,0.3
7626288312952556813,shopandtell1,2026-04-08,,No Transcript,0.0,0,623,2,0,2,0.321
7626290925785959693,shopandtell1,2026-04-08,,No Transcript,0.0,0,909,0,0,0,0.0
7626294682611502350,shopandtell1,2026-04-08,,No Transcript,0.0,0,1357,1,0,1,0.074
7626379986961698061,peaceful_buttafly,2026-04-08,,No Transcript,0.0,0,1541,17,2,19,1.233
7626412550736923934,jovan_olivares,2026-04-08,,No Transcript,0.0,0,945,8,2,10,1.058
7626424449528499486,thehbedit,2026-04-09,,No Transcript,0.0,0,1266,9,3,12,0.948
7626425463182822687,shaquilleodeals,2026-04-08,,No Transcript,0.0,0,759,1,0,1,0.132
7626428636517682462,officialcamm,2026-04-08,TikTok bullied the price down again... these are a,Offer / Deal / Urgency,0.0,0,4744,8,0,8,0.169
7626434249599634702,trosemade,2026-04-08,,No Transcript,0.0,0,597,5,0,5,0.838
7626446592949701902,siacreatesit,2026-04-08,,No Transcript,0.0,0,114,14,0,14,12.281
7626456112929180958,musthavecollective,2026-04-08,,No Transcript,0.0,0,1022,1,0,1,0.098
7626464638934289695,loriyoung814,2026-04-08,,No Transcript,0.0,0,823,2,0,2,0.243
7626466231591226655,heather21de,2026-04-08,POV: you no longer have to fight your child,Personal Story / POV,0.0,0,1768,3,0,3,0.17
7626503056108047629,franklin_thebulldog,2026-04-08,,No Transcript,0.0,0,367,1,0,1,0.272
7626504619098656014,trosemade,2026-04-08,,No Transcript,0.0,0,3560,31,2,33,0.927
7626514030924025119,genesisgonzalez1125,2026-04-08,,No Transcript,0.0,0,654,4,2,6,0.917
7626515261515975950,besties_broadcast,2026-04-08,,No Transcript,0.0,0,153,2,0,2,1.307
7626527305829027085,trosemade,2026-04-08,,No Transcript,0.0,0,666,6,0,6,0.901
7626527680749374751,elevatingwithelonn,2026-04-08,,No Transcript,0.0,0,33,0,0,0,0.0
7626541455116422430,verenice.tts,2026-04-08,,No Transcript,0.0,0,669,3,1,4,0.598
7626541890963279118,franklin_thebulldog,2026-04-08,,No Transcript,0.0,0,3105,17,13,30,0.966
7626543156191874317,franklin_thebulldog,2026-04-09,,No Transcript,0.0,0,345,3,0,3,0.87
7626544063252090126,franklin_thebulldog,2026-04-09,,No Transcript,0.0,0,559,2,0,2,0.358
7626544606812884237,sofiyasth77,2026-04-09,,No Transcript,0.0,0,198,9,3,12,6.061
7626548444655537422,drachnik,2026-04-09,,No Transcript,0.0,0,2313,61,3,64,2.767
7626555326619208973,dara_sahm,2026-04-09,,No Transcript,0.0,0,425,8,8,16,3.765
7626572154213059871,sofi93cher,2026-04-09,,No Transcript,0.0,0,38,8,6,14,36.842
7626572817907174669,trosemade,2026-04-09,,No Transcript,0.0,0,7844,59,2,61,0.778
7626575670440693022,bonzai_deals,2026-04-09,Yo no soy el único que cuando era chico,Personal Story / POV,0.0,0,1160,2,0,2,0.172
7626585245873098014,lovie3333,2026-04-09,,No Transcript,0.0,0,338,6,0,6,1.775
7626587305892990239,mai.tho262,2026-04-09,,No Transcript,0.0,0,313,38,15,53,16.933
7626587503880850718,pragnapratvi,2026-04-09,,No Transcript,0.0,0,35,1,0,1,2.857
7626592953275862303,elevatingwithelonn,2026-04-08,,No Transcript,0.0,0,1,0,0,0,0.0
7626596178217487646,johnsshop24,2026-04-09,,No Transcript,0.0,0,832,1,0,1,0.12
7626603552189828382,today1281,2026-04-09,,No Transcript,0.0,0,858,6,0,6,0.699
7626611913547336973,hobbskim,2026-04-09,,No Transcript,0.0,0,212,5,0,5,2.358
7626615398162631950,natalieseanie13,2026-04-09,,No Transcript,0.0,0,242,5,2,7,2.893
7626620417133923614,elevatingwithelonn,2026-04-09,,No Transcript,0.0,0,1418,14,0,14,0.987
7626704416178998542,sharonlouise8,2026-04-10,,No Transcript,0.0,0,1017,4,1,5,0.492
7626729226799959326,sadiegriffithh,2026-04-09,,No Transcript,0.0,0,1740,4,0,4,0.23
7626731932327496991,lesliebrandt78,2026-04-09,,No Transcript,0.0,0,691,1,0,1,0.145
7626774563958820127,officialcamm,2026-04-09,,No Transcript,0.0,0,971,0,0,0,0.0
7626779176753843487,latoya.vs.toya,2026-04-09,,No Transcript,0.0,0,532,4,0,4,0.752
7626781985943440653,emmapu27,2026-04-09,,No Transcript,0.0,0,1014,11,1,12,1.183
7626785404993260813,authenticallyaubz,2026-04-09,,No Transcript,0.0,0,837,4,0,4,0.478
7626802812965473549,talkmommatome,2026-04-09,,No Transcript,0.0,0,111,2,0,2,1.802
7626805750219754765,shopandtell1,2026-04-09,,No Transcript,0.0,0,75,3,0,3,4.0
7626817679369751839,musthavecollective,2026-04-09,,No Transcript,0.0,0,103,0,0,0,0.0
7626845492940606750,apinkergal,2026-04-09,,No Transcript,0.0,0,465,4,2,6,1.29
7626849735982304526,carolynvb24,2026-04-09,,No Transcript,0.0,0,173,1,0,1,0.578
7626853657534926111,yeliannisgarcadaz,2026-04-09,,No Transcript,0.0,0,169,7,1,8,4.734
7626860005676928287,thatsjustkyler,2026-04-09,,No Transcript,0.0,0,834,47,4,51,6.115
7626868542138240287,laphytaphy,2026-04-09,,No Transcript,0.0,0,422,10,1,11,2.607
7626874440990657805,sarahashleyt,2026-04-09,,No Transcript,0.0,0,4724,7,0,7,0.148
7626880224101174542,d.deals.dude,2026-04-09,,No Transcript,0.0,0,238,1,0,1,0.42
7626880513034292494,d.deals.dude,2026-04-09,,No Transcript,0.0,0,237,0,0,0,0.0
7626880523176267039,the.everydaymama,2026-04-09,,No Transcript,0.0,0,823,10,15,25,3.038
7626880751774010638,d.deals.dude,2026-04-09,,No Transcript,0.0,0,5567,1,0,1,0.018
7626881276821212429,d.deals.dude,2026-04-09,,No Transcript,0.0,0,640,0,0,0,0.0
7626885918774873357,beststreameruniversity,2026-04-09,,No Transcript,0.0,0,401,1,0,1,0.249
7626897213939010830,lidz_8,2026-04-09,,No Transcript,0.0,0,1257,37,5,42,3.341
7626899295974837534,bonzai_deals,2026-04-10,,No Transcript,0.0,0,1213,2,0,2,0.165
7626916448035720462,mamacowsmilkingparlor,2026-04-10,,No Transcript,0.0,0,757,4,3,7,0.925
7626918710216756493,jerseyboyfrank,2026-04-10,,No Transcript,0.0,0,225,0,0,0,0.0
7626928687614659853,poemgautam,2026-04-10,,No Transcript,0.0,0,656,8,0,8,1.22
7626929865328954655,,2026-04-10,,No Transcript,0.0,0,117,2,0,2,1.709
7626930030253198623,,2026-04-10,,No Transcript,0.0,0,90,2,0,2,2.222
7626930752780799245,lanat1216,2026-04-10,,No Transcript,0.0,0,1281,33,4,37,2.888
7626937262378470670,blessedandoutnumbered,2026-04-10,,No Transcript,0.0,0,892,6,0,6,0.673
7626938947217673485,obsessedwithwellness,2026-04-10,,No Transcript,0.0,0,320,0,0,0,0.0
7626943637846363405,benzughimire,2026-04-10,,No Transcript,0.0,0,201,13,4,17,8.458
7626946341847059742,johnsshop24,2026-04-10,,No Transcript,0.0,0,817,0,0,0,0.0
7626952346328730893,thetaraann,2026-04-10,,No Transcript,0.0,0,1212,11,1,12,0.99
7626954706262248718,sandrorussor,2026-04-10,,No Transcript,0.0,0,65,3,1,4,6.154
7626957744645475614,rakedfinds,2026-04-10,,No Transcript,0.0,0,34,1,0,1,2.941
7626957928985120030,rakedfinds,2026-04-10,,No Transcript,0.0,0,145,2,0,2,1.379
7626958196057312543,rakedfinds,2026-04-10,,No Transcript,0.0,0,371,2,0,2,0.539
7626958409841118495,rakedfinds,2026-04-10,,No Transcript,0.0,0,265,1,0,1,0.377
7626967585430441246,blu3iice,2026-04-10,,No Transcript,0.0,0,1554,3,0,3,0.193
7626972390483840287,curl.deals,2026-04-10,,No Transcript,0.0,0,562,0,0,0,0.0
7626977731791686926,scent.collective,2026-04-10,,No Transcript,0.0,0,482,5,0,5,1.037
7626984849252863245,rogue_flounder,2026-04-10,,No Transcript,0.0,0,101,2,0,2,1.98
7626988505121426719,crazytia44,2026-04-10,,No Transcript,0.0,0,104,3,0,3,2.885
7627033270269611295,lopezargueta_,2026-04-10,,No Transcript,0.0,0,569,1,0,1,0.176
7627099650876574990,naturalonehundred,2026-04-14,"Yellow teeth? Fix it FAST ""✨"" No dentist. No",Problem / Pain Point,0.0,0,1429,9,0,9,0.63
7627104364879957279,kristynpageofficial,2026-04-10,,No Transcript,0.0,0,390,13,0,13,3.333
7627115968862407950,milton3608,2026-04-10,,No Transcript,0.0,0,449,3,0,3,0.668
7627116015163362574,milton3608,2026-04-10,,No Transcript,0.0,0,963,1,0,1,0.104
7627116125909683469,milton3608,2026-04-10,,No Transcript,0.0,0,377,3,0,3,0.796
7627122724556573982,charleysmom14,2026-04-10,,No Transcript,0.0,0,125,0,0,0,0.0
7627125516151082253,cmg1nonly,2026-04-10,,No Transcript,0.0,0,523,3,0,3,0.574
7627159224358833438,itsrubybytch,2026-04-10,,No Transcript,0.0,0,501,13,0,13,2.595
7627161481833942286,mamacowsmilkingparlor,2026-04-10,,No Transcript,0.0,0,720,9,0,9,1.25
7627173753360813343,genesisgonzalez1125,2026-04-10,,No Transcript,0.0,0,69,3,0,3,4.348
7627174627625733390,stacy.heil,2026-04-10,,No Transcript,0.0,0,546,1,0,1,0.183
7627179376072772878,re.becca.lynn,2026-04-10,,No Transcript,0.0,0,742,9,0,9,1.213
7627181201236725005,saanu6858,2026-04-10,,No Transcript,0.0,0,157,2,0,2,1.274
7627184351360322847,familia_v.i.p,2026-04-10,,No Transcript,0.0,0,338,8,1,9,2.663
7627222979151203615,yudaisygotay.nails,2026-04-10,,No Transcript,0.0,0,574,7,0,7,1.22
7627233923101117727,monik_castellanos,2026-04-10,,No Transcript,0.0,0,153,14,7,21,13.725
7627256725430603038,deal_doctor,2026-04-10,,No Transcript,0.0,0,127,1,0,1,0.787
7627257873260743949,franklin_thebulldog,2026-04-10,,No Transcript,0.0,0,754,6,0,6,0.796
7627259533299158285,bustayeeb,2026-04-10,,No Transcript,0.0,0,503,2,0,2,0.398
7627273908416154910,kim_berrrrr,2026-04-10,,No Transcript,0.0,0,143,0,0,0,0.0
7627274782165306655,warsans.languagel,2026-04-10,,No Transcript,0.0,0,337,2,0,2,0.593
7627287115650403614,memestumm20,2026-04-11,,No Transcript,0.0,0,339,1,0,1,0.295
7627288874364013854,bonzai_deals,2026-04-11,,No Transcript,0.0,0,611,2,0,2,0.327
7627297695496998158,d.deals.dude,2026-04-11,,No Transcript,0.0,0,101,0,0,0,0.0
7627298306644921613,d.deals.dude,2026-04-11,,No Transcript,0.0,0,1154,0,0,0,0.0
7627298624313019661,d.deals.dude,2026-04-11,,No Transcript,0.0,0,1070,4,0,4,0.374
7627298915297021198,d.deals.dude,2026-04-11,,No Transcript,0.0,0,877,0,0,0,0.0
7627320553287798047,paytonnabbyyy,2026-04-11,,No Transcript,0.0,0,881,12,0,12,1.362
7627325696595021070,readingsbyjessica,2026-04-11,,No Transcript,0.0,0,902,4,0,4,0.443
7627327182360055071,charleysmom14,2026-04-11,,No Transcript,0.0,0,79,0,0,0,0.0
7627329254094540046,santashelbie,2026-04-11,,No Transcript,0.0,0,423,8,2,10,2.364
7627340315023691038,kim_berrrrr,2026-04-11,,No Transcript,0.0,0,86,0,0,0,0.0
7627340398716931359,kim_berrrrr,2026-04-11,,No Transcript,0.0,0,122,0,0,0,0.0
7627341188227550495,kim_berrrrr,2026-04-11,,No Transcript,0.0,0,579,0,0,0,0.0
7627359928847486239,crazytia44,2026-04-11,,No Transcript,0.0,0,101,4,3,7,6.931
7627365118707338526,kendalls.page,2026-04-11,,No Transcript,0.0,0,441,2,0,2,0.454
7627365468134722847,kendalls.page,2026-04-11,,No Transcript,0.0,0,315,4,0,4,1.27
7627365834335227166,kendalls.page,2026-04-11,,No Transcript,0.0,0,321,4,0,4,1.246
7627366188389010718,kendalls.page,2026-04-11,,No Transcript,0.0,0,71,2,0,2,2.817
7627404264083557663,lisbet_hauls,2026-04-11,,No Transcript,0.0,0,159,11,8,19,11.95
7627437096562642206,lovie3333,2026-04-11,,No Transcript,0.0,0,506,3,0,3,0.593
7627494635983621390,leviii1998,2026-04-11,,No Transcript,0.0,0,398,1,0,1,0.251
7627499377749216543,,2026-04-11,,No Transcript,0.0,0,124,1,0,1,0.806
7627508717210160397,veronicacastro7710,2026-04-11,,No Transcript,0.0,0,444,16,3,19,4.279
7627510417652305165,billswafford4,2026-04-11,,No Transcript,0.0,0,41,2,0,2,4.878
7627535968043584799,perfectlyinseason,2026-04-11,,No Transcript,0.0,0,26,0,0,0,0.0
7627539460414098718,omakuik20,2026-04-11,,No Transcript,0.0,0,652,16,1,17,2.607
7627540739802664206,classyepic,2026-04-11,,No Transcript,0.0,0,75,1,1,2,2.667
7627546490256379166,kim_berrrrr,2026-04-11,,No Transcript,0.0,0,58,0,0,0,0.0
7627547979552918815,tiffythecreator,2026-04-11,,No Transcript,0.0,0,324,6,0,6,1.852
7627549025964789022,kim_berrrrr,2026-04-11,,No Transcript,0.0,0,123,0,0,0,0.0
7627549711834058015,kim_berrrrr,2026-04-11,,No Transcript,0.0,0,1196,0,0,0,0.0
7627549762794835230,kim_berrrrr,2026-04-11,,No Transcript,0.0,0,61,0,0,0,0.0
7627564199656394014,warsans.languagel,2026-04-11,,No Transcript,0.0,0,236,3,0,3,1.271
7627571760363277598,marcosmendozat,2026-04-11,,No Transcript,0.0,0,690,16,0,16,2.319
7627574377801944351,lovie3333,2026-04-11,,No Transcript,0.0,0,511,6,0,6,1.174
7627583310960528653,samgnugget,2026-04-11,,No Transcript,0.0,0,419,5,0,5,1.193
7627584768976162078,gembosells,2026-04-11,,No Transcript,0.0,0,1083,10,0,10,0.923
7627590756257107230,blueboxdreaming,2026-04-11,,No Transcript,0.0,0,897,4,0,4,0.446
7627591960118725918,kim_berrrrr,2026-04-12,,No Transcript,0.0,0,40,0,0,0,0.0
7627604916407749918,sarusantoshpanta,2026-04-11,,No Transcript,0.0,0,209,24,4,28,13.397
7627608326871731469,your_daily_deal,2026-04-12,,No Transcript,0.0,0,56,2,0,2,3.571
7627632900564929823,tracydelevie,2026-04-11,,No Transcript,0.0,0,83,7,0,7,8.434
7627636943697775902,mcguccidealss,2026-04-11,,No Transcript,0.0,0,187,0,0,0,0.0
7627644730611862815,samrwit2721,2026-04-11,,No Transcript,0.0,0,637,25,9,34,5.338
7627659428468215070,estheranthony19,2026-04-12,,No Transcript,0.0,0,193,16,5,21,10.881
7627661148648639774,joesephiroth,2026-04-12,,No Transcript,0.0,0,353,3,0,3,0.85
7627675194970082574,jyotidangal07,2026-04-12,,No Transcript,0.0,0,644,25,3,28,4.348
7627679238270799134,saveyourmoneydeals,2026-04-12,,No Transcript,0.0,0,270,0,0,0,0.0
7627693634934115615,smiley_creates,2026-04-12,,No Transcript,0.0,0,539,5,0,5,0.928
7627695844388572447,lahadganga,2026-04-12,,No Transcript,0.0,0,203,9,2,11,5.419
7627705369531354381,kailsunuwar,2026-04-12,,No Transcript,0.0,0,131,16,2,18,13.74
7627716329272855839,taymama31,2026-04-12,,No Transcript,0.0,0,409,2,1,3,0.733
7627740878882278669,forgive5721,2026-04-12,,No Transcript,0.0,0,397,4,1,5,1.259
7627752676171812110,juicydealss,2026-04-12,,No Transcript,0.0,0,629,3,0,3,0.477
7627802861711232287,fitcici_11,2026-04-12,,No Transcript,0.0,0,371,0,0,0,0.0
7627854193197419789,chattypattysplace,2026-04-12,,No Transcript,0.0,0,65,3,2,5,7.692
7627873942828485918,lifeofzaygore,2026-04-12,,No Transcript,0.0,0,276,1,0,1,0.362
7627876890514099470,kaylattsaffiliate,2026-04-12,,No Transcript,0.0,0,530,2,0,2,0.377
7627885527634660638,insanediscounts,2026-04-12,,No Transcript,0.0,0,276,0,0,0,0.0
7627885577551039757,ckaris725,2026-04-12,,No Transcript,0.0,0,95,8,0,8,8.421
7627886683672923422,insanediscounts,2026-04-12,,No Transcript,0.0,0,131,0,0,0,0.0
7627888521931525389,austinfendler,2026-04-12,,No Transcript,0.0,0,1171,8,1,9,0.769
7627893132683726093,austinfendler,2026-04-12,,No Transcript,0.0,0,659,8,2,10,1.517
7627921584430320909,miranda_lerea01,2026-04-12,,No Transcript,0.0,0,392,4,0,4,1.02
7627946127337295135,pragnapratvi,2026-04-12,,No Transcript,0.0,0,48,1,0,1,2.083
7627946280211189022,pragnapratvi,2026-04-12,,No Transcript,0.0,0,23,0,0,0,0.0
7627946479407205663,pragnapratvi,2026-04-12,,No Transcript,0.0,0,43,1,1,2,4.651
7627947012738141454,epiphaniesllc,2026-04-12,,No Transcript,0.0,0,1233,12,4,16,1.298
7627953391339162894,cjoana05,2026-04-12,,No Transcript,0.0,0,121,3,0,3,2.479
7627955016271203598,starlynmorelmarketing,2026-04-12,,No Transcript,0.0,0,1071,6,0,6,0.56
7627956899673165069,stacy.heil,2026-04-12,,No Transcript,0.0,0,231,1,0,1,0.433
7627979461278911758,bonniefinding,2026-04-12,,No Transcript,0.0,0,302,0,0,0,0.0
7627980340015025421,bonniefinding,2026-04-12,,No Transcript,0.0,0,1,0,0,0,0.0
7627980413306244366,bonniefinding,2026-04-12,,No Transcript,0.0,0,138,1,0,1,0.725
7627983927281569055,thesamshu,2026-04-12,,No Transcript,0.0,0,5,0,0,0,0.0
7627992703178984734,thesamshu,2026-04-12,,No Transcript,0.0,0,350,7,0,7,2.0
7628005813843414303,nathalie_larose,2026-04-12,,No Transcript,0.0,0,229,0,0,0,0.0
7628015696286453006,daily_writing_makes_book,2026-04-12,,No Transcript,0.0,0,225,2,0,2,0.889
7628016936391068958,rakedfinds,2026-04-12,,No Transcript,0.0,0,208,1,0,1,0.481
7628017142851521822,rakedfinds,2026-04-12,,No Transcript,0.0,0,108,1,0,1,0.926
7628017488617295135,rakedfinds,2026-04-12,,No Transcript,0.0,0,231,4,0,4,1.732
7628017773486165278,rakedfinds,2026-04-12,,No Transcript,0.0,0,329,0,0,0,0.0
7628027192181624095,bonzai_deals,2026-04-13,,No Transcript,0.0,0,871,4,0,4,0.459
7628035381300137246,lorenacastro1999,2026-04-13,,No Transcript,0.0,0,857,38,4,42,4.901
7628053687662923039,jmejiam1,2026-04-13,,No Transcript,0.0,0,370,8,1,9,2.432
7628061854476143885,juicydealss,2026-04-13,,No Transcript,0.0,0,775,2,0,2,0.258
7628069292541480206,shesninaalexander,2026-04-13,,No Transcript,0.0,0,1174,2,0,2,0.17
7628078374161812749,austinfendler,2026-04-13,,No Transcript,0.0,0,1137,10,0,10,0.88
7628079593634745630,ellabella.collabs,2026-04-13,,No Transcript,0.0,0,99,1,0,1,1.01
7628081218227014925,estefy2797,2026-04-13,,No Transcript,0.0,0,432,5,1,6,1.389
7628081526416133406,ellabella.collabs,2026-04-13,,No Transcript,0.0,0,100,1,0,1,1.0
7628082353755163935,glitteryglowy,2026-04-13,,No Transcript,0.0,0,279,8,2,10,3.584
7628082526577282334,pragnapratvi,2026-04-13,,No Transcript,0.0,0,44,1,0,1,2.273
7628083317300137247,ellabella.collabs,2026-04-13,,No Transcript,0.0,0,144,1,0,1,0.694
7628085531041156383,ellabella.collabs,2026-04-13,,No Transcript,0.0,0,141,1,0,1,0.709
7628087845151919390,linewife_and_makeup_life,2026-04-13,,No Transcript,0.0,0,497,4,0,4,0.805
7628087858955390239,ellabella.collabs,2026-04-13,,No Transcript,0.0,0,120,2,0,2,1.667
7628088512499158302,glitteryglowy,2026-04-13,,No Transcript,0.0,0,382,8,4,12,3.141
7628092844112186655,ellabella.collabs,2026-04-13,,No Transcript,0.0,0,188,1,0,1,0.532
7628095202774863135,spotlightdealz,2026-04-13,,No Transcript,0.0,0,388,0,0,0,0.0
7628095528726793502,spotlightdealz,2026-04-13,,No Transcript,0.0,0,472,0,0,0,0.0
7628095739574357279,terecitacanseco2,2026-04-13,,No Transcript,0.0,0,188,4,1,5,2.66
7628096052238814495,spotlightdealz,2026-04-13,,No Transcript,0.0,0,779,0,0,0,0.0
7628096568004005150,spotlightdealz,2026-04-13,,No Transcript,0.0,0,882,1,0,1,0.113
7628097246612999455,spotlightdealz,2026-04-13,,No Transcript,0.0,0,154,0,0,0,0.0
7628099025291480351,kam.74,2026-04-13,,No Transcript,0.0,0,369,14,1,15,4.065
7628108577244302623,ellabella.collabs,2026-04-13,,No Transcript,0.0,0,99,1,0,1,1.01
7628114134676081951,ellabella.collabs,2026-04-13,,No Transcript,0.0,0,110,1,0,1,0.909
7628115681258573087,ellabella.collabs,2026-04-13,,No Transcript,0.0,0,80,2,1,3,3.75
7628117356690050335,ellabella.collabs,2026-04-13,,No Transcript,0.0,0,73,2,0,2,2.74
7628120465831218463,ellabella.collabs,2026-04-13,,No Transcript,0.0,0,49,2,0,2,4.082
7628122466325417247,ellabella.collabs,2026-04-13,,No Transcript,0.0,0,83,2,0,2,2.41
7628243402538143006,pragnapratvi,2026-04-13,,No Transcript,0.0,0,25,0,0,0,0.0
7628243514253413662,pragnapratvi,2026-04-13,,No Transcript,0.0,0,31,0,0,0,0.0
7628243704993582367,pragnapratvi,2026-04-13,,No Transcript,0.0,0,20,0,0,0,0.0
7628256768434457869,austinfendler,2026-04-13,,No Transcript,0.0,0,1428,11,2,13,0.91
7628259272203177229,freshdailydealz,2026-04-13,,No Transcript,0.0,0,427,1,0,1,0.234
7628259746130300173,austinfendler,2026-04-13,,No Transcript,0.0,0,1033,8,0,8,0.774
7628262643672943902,musthavecollective,2026-04-13,,No Transcript,0.0,0,210,0,0,0,0.0
7628263833848663309,austinfendler,2026-04-13,Sorry you have been replaced I don't know if,Curiosity / Open Loop,0.0,0,1372,7,0,7,0.51
7628276487413665054,meganshenanigans,2026-04-13,,No Transcript,0.0,0,361,2,0,2,0.554
7628279341519998221,juicydealss,2026-04-13,,No Transcript,0.0,0,310,1,0,1,0.323
7628290837209746718,urbaadhikari,2026-04-13,,No Transcript,0.0,0,95,3,1,4,4.211
7628291453596339487,urbaadhikari,2026-04-13,,No Transcript,0.0,0,67,4,1,5,7.463
7628294102630583582,insanediscounts,2026-04-13,,No Transcript,0.0,0,642,0,0,0,0.0
7628303196762557727,insanediscounts,2026-04-13,,No Transcript,0.0,0,143,1,0,1,0.699
7628304384367070495,junjun.deals,2026-04-13,,No Transcript,0.0,0,213,0,0,0,0.0
7628304879576026398,jckvlzqz2.0,2026-04-13,,No Transcript,0.0,0,1174,22,4,26,2.215
7628305400030416142,hey.greggie,2026-04-13,,No Transcript,0.0,0,493,0,0,0,0.0
7628307447098150158,lucysalinas3916,2026-04-13,,No Transcript,0.0,0,324,2,0,2,0.617
7628313691401800974,ramiseda21,2026-04-13,,No Transcript,0.0,0,58,4,0,4,6.897
7628330048440831245,carolinaflee,2026-04-14,,No Transcript,0.0,0,617,39,53,92,14.911
7628333136648097038,jessandmialife,2026-04-13,,No Transcript,0.0,0,663,2,0,2,0.302
7628342374476860686,sandrorussor,2026-04-14,,No Transcript,0.0,0,69,6,1,7,10.145
7628344210978065695,just.being.me.cre,2026-04-13,,No Transcript,0.0,0,3,0,0,0,0.0
7628346510354173215,just.being.me.cre,2026-04-13,,No Transcript,0.0,0,5,0,0,0,0.0
7628348383874321694,just.being.me.cre,2026-04-13,,No Transcript,0.0,0,7,0,0,0,0.0
7628355400403815711,simapanthi,2026-04-13,,No Transcript,0.0,0,80,2,0,2,2.5
7628357779362680095,faithmarishops,2026-04-13,,No Transcript,0.0,0,121,1,0,1,0.826
7628358392481991950,lemon.deals,2026-04-13,,No Transcript,0.0,0,607,3,0,3,0.494
7628377041510960397,_.jaaniiece,2026-04-13,,No Transcript,0.0,0,409,20,0,20,4.89
7628379287300705567,juicydealss,2026-04-13,,No Transcript,0.0,0,828,1,0,1,0.121
7628383106080197901,contentbyjen,2026-04-13,,No Transcript,0.0,0,861,9,4,13,1.51
7628386899102666015,jennygreeneyes,2026-04-13,,No Transcript,0.0,0,233,2,0,2,0.858
7628397555486821663,kensviralfinds,2026-04-13,,No Transcript,0.0,0,1111,15,1,16,1.44
7628400844974656781,shopwmorgan,2026-04-14,"If brushing your kids teeth is always a battle,",Direct Audience Call-Out,0.0,0,1259,4,0,4,0.318
7628409709753552141,yeseniaocegueda72,2026-04-14,,No Transcript,0.0,0,633,1,0,1,0.158
7628410602800680206,yeseniaocegueda72,2026-04-14,,No Transcript,0.0,0,90,1,1,2,2.222
7628411119266319629,yeseniaocegueda72,2026-04-14,,No Transcript,0.0,0,429,1,0,1,0.233
7628411722096725279,just.being.me.cre,2026-04-14,,No Transcript,0.0,0,38,4,1,5,13.158
7628413500301282590,just.being.me.cre,2026-04-14,,No Transcript,0.0,0,50,5,1,6,12.0
7628422704634268942,freshdailydealz,2026-04-14,,No Transcript,0.0,0,404,1,0,1,0.248
7628446280779369759,kim_berrrrr,2026-04-14,,No Transcript,0.0,0,869,1,0,1,0.115
7628446501517233438,kim_berrrrr,2026-04-14,,No Transcript,0.0,0,795,1,0,1,0.126
7628446967017901343,kim_berrrrr,2026-04-14,,No Transcript,0.0,0,920,1,0,1,0.109
7628447390034414879,kim_berrrrr,2026-04-15,,No Transcript,0.0,0,779,1,0,1,0.128
7628459666225253662,johnsshop24,2026-04-14,,No Transcript,0.0,0,1248,1,0,1,0.08
7628472427227516190,get_rich_1000,2026-04-14,,No Transcript,0.0,0,659,3,0,3,0.455
7628472579367521567,shopwithbird,2026-04-14,,No Transcript,0.0,0,122,0,0,0,0.0
7628546112827297055,massielgcm2000,2026-04-14,,No Transcript,0.0,0,401,11,2,13,3.242
7628590746810977549,dang_it_mike,2026-04-14,,No Transcript,0.0,0,39,1,1,2,5.128
7628632614148033822,frantzsiseremosie,2026-04-14,,No Transcript,0.0,0,278,8,4,12,4.317
7628633826037697823,beautifullyinsane30,2026-04-14,,No Transcript,0.0,0,644,4,1,5,0.776
7628638030865255693,revibe_tribe,2026-04-14,Why does this look like a mouthguard... I got,Question,0.0,0,2523,9,0,9,0.357
7628642105497324830,musthavecollective,2026-04-14,,No Transcript,0.0,0,53,0,0,0,0.0
7628642891564387614,musthavecollective,2026-04-14,,No Transcript,0.0,0,381,0,0,0,0.0
7628643995110984991,boymamatiff,2026-04-14,,No Transcript,0.0,0,554,7,9,16,2.888
7628650766957284639,insanediscounts,2026-04-14,,No Transcript,0.0,0,477,0,0,0,0.0
7628652946732993806,pineapplefinds1,2026-04-14,,No Transcript,0.0,0,653,0,0,0,0.0
7628653618811456782,pineapplefinds1,2026-04-14,,No Transcript,0.0,0,351,1,0,1,0.285
7628653709324537102,pineapplefinds1,2026-04-14,,No Transcript,0.0,0,635,1,0,1,0.157
7628654189853429005,pineapplefinds1,2026-04-14,,No Transcript,0.0,0,559,0,0,0,0.0
7628656446644735262,beardedpunk87,2026-04-14,,No Transcript,0.0,0,761,2,0,2,0.263
7628679715473132813,adhikari_bhakti,2026-04-14,,No Transcript,0.0,0,773,9,2,11,1.423
7628684246822964511,insanediscounts,2026-04-14,,No Transcript,0.0,0,712,1,0,1,0.14
7628690427549388063,makeupuakev,2026-04-14,,No Transcript,0.0,0,216,20,6,26,12.037
7628695800234675487,thatsjustkyler,2026-04-14,,No Transcript,0.0,0,719,32,0,32,4.451
7628697153468140813,anothermommas2cents,2026-04-14,,No Transcript,0.0,0,446,8,1,9,2.018
7628699131397082398,thatsjustkyler,2026-04-14,,No Transcript,0.0,0,1978,118,0,118,5.966
7628701404818902285,austinfendler,2026-04-14,Brushing my teeth ✨ Let's go ahead and brush,Demo / Product Intro,0.0,0,1936,26,9,35,1.808
7628704773285416223,thatsjustkyler,2026-04-14,,No Transcript,0.0,0,946,4,0,4,0.423
7628706335307123982,d.deals.dude,2026-04-14,,No Transcript,0.0,0,344,0,0,0,0.0
7628706555067731213,d.deals.dude,2026-04-14,,No Transcript,0.0,0,201,1,0,1,0.498
7628706938330582286,d.deals.dude,2026-04-14,,No Transcript,0.0,0,806,1,0,1,0.124
7628707900004912415,thatsjustkyler,2026-04-14,,No Transcript,0.0,0,348,2,0,2,0.575
7628709043506384141,brunoboy903,2026-04-14,,No Transcript,0.0,0,177,1,0,1,0.565
7628717687803235614,thatsjustkyler,2026-04-14,,No Transcript,0.0,0,927,10,0,10,1.079
7628724491178364191,thatsjustkyler,2026-04-14,,No Transcript,0.0,0,832,2,0,2,0.24
7628756564169575694,kellylolliboujee,2026-04-14,,No Transcript,0.0,0,587,6,0,6,1.022
7628777683165498654,cicimee,2026-04-15,,No Transcript,0.0,0,444,1,0,1,0.225
7628777718653488397,tgade6,2026-04-15,,No Transcript,0.0,0,389,24,11,35,8.997
7628783307940957470,justjen.sahm,2026-04-16,,No Transcript,0.0,0,307,23,11,34,11.075
7628794805400751391,the_caldwell_cart,2026-04-15,,No Transcript,0.0,0,524,0,0,0,0.0
7628801484297080094,_deartiktok_,2026-04-15,,No Transcript,0.0,0,886,4,0,4,0.451
7628805563769539870,yamaliscm,2026-04-15,,No Transcript,0.0,0,320,3,0,3,0.938
7628809551638203662,joe_ttshop,2026-04-15,,No Transcript,0.0,0,640,3,0,3,0.469
7628811502778076430,joe_ttshop,2026-04-15,,No Transcript,0.0,0,947,3,0,3,0.317
7628812799002545422,reluctantlyrelatable2,2026-04-15,,No Transcript,0.0,0,628,2,0,2,0.318
7628817942125251871,michelrivera885,2026-04-15,,No Transcript,0.0,0,223,3,0,3,1.345
7628821020274740511,ellabella.collabs,2026-04-15,,No Transcript,0.0,0,511,4,0,4,0.783
7628835134023765262,iamjust_lisaa,2026-04-15,,No Transcript,0.0,0,822,6,1,7,0.852
7628852822175386911,ellabella.collabs,2026-04-15,,No Transcript,0.0,0,224,4,0,4,1.786
7628855626847767839,toridieter,2026-04-15,,No Transcript,0.0,0,1023,9,3,12,1.173
7628865913424547085,shopandtell1,2026-04-15,,No Transcript,0.0,0,1043,2,0,2,0.192
7628980734639885581,kim_berrrrr,2026-04-15,,No Transcript,0.0,0,1934,0,0,0,0.0
7628980823135358221,daicelshop,2026-04-15,,No Transcript,0.0,0,244,2,0,2,0.82
7628980861815229709,daicelshop,2026-04-15,,No Transcript,0.0,0,434,2,0,2,0.461
7628988898139507981,dara_sahm,2026-04-15,,No Transcript,0.0,0,669,9,4,13,1.943
7628989830042553631,ameliasaldana8,2026-04-15,,No Transcript,0.0,0,609,5,0,5,0.821
7629012356479110414,samu_brisu,2026-04-15,,No Transcript,0.0,0,5,0,0,0,0.0
7629013206408645901,samu_brisu,2026-04-15,,No Transcript,0.0,0,7,0,0,0,0.0
7629015280236121357,samu_brisu,2026-04-15,,No Transcript,0.0,0,404,8,0,8,1.98
7629015397160815886,ambercaraveo1,2026-04-15,,No Transcript,0.0,0,933,3,0,3,0.322
7629015624097844494,jaythegringo,2026-04-15,,No Transcript,0.0,0,444,2,1,3,0.676
7629018122896362783,lovelyladynotes,2026-04-15,,No Transcript,0.0,0,297,5,0,5,1.684
7629024807576718606,pineapplefinds1,2026-04-15,,No Transcript,0.0,0,346,0,0,0,0.0
7629025136649260301,pineapplefinds1,2026-04-15,,No Transcript,0.0,0,902,1,0,1,0.111
7629029430370897183,allynsdeals,2026-04-15,,No Transcript,0.0,0,1259,1,0,1,0.079
7629031731378588959,genesisgonzalez1125,2026-04-15,"Los niños aman este Cepillo de dientes Blondie, Dii",Social Proof / Testimonial,0.0,0,1416,8,1,9,0.636
7629032328999767310,angedalaantoine,2026-04-15,,No Transcript,0.0,0,128,5,0,5,3.906
7629039826594975006,iclouincych,2026-04-15,,No Transcript,0.0,0,102,0,0,0,0.0
7629049450190687519,buttercupblossums,2026-04-15,,No Transcript,0.0,0,1369,1,0,1,0.073
7629051798828879117,austinfendler,2026-04-15,,No Transcript,0.0,0,2018,10,2,12,0.595
7629055130033294622,udy_davila,2026-04-15,,No Transcript,0.0,0,12,0,0,0,0.0
7629055799884614943,musthavecollective,2026-04-15,,No Transcript,0.0,0,133,0,0,0,0.0
7629060887881452830,udy_davila,2026-04-15,,No Transcript,0.0,0,361,9,0,9,2.493
7629061855234772238,loaflifecorgis,2026-04-15,,No Transcript,0.0,0,879,5,1,6,0.683
7629096855074376974,bigsavingshop,2026-04-15,,No Transcript,0.0,0,304,0,0,0,0.0
7629099314081582349,alikarkia,2026-04-15,,No Transcript,0.0,0,191,28,15,43,22.513
7629105335701179679,autobrush,2026-04-16,,No Transcript,0.0,0,1,0,0,0,0.0
7629107895136685325,mama.to.bruh,2026-04-15,,No Transcript,0.0,0,2571,10,1,11,0.428
7629118049311870221,yzarick8,2026-04-15,,No Transcript,0.0,0,642,4,0,4,0.623
7629120447757536526,yzarick8,2026-04-15,,No Transcript,0.0,0,568,5,0,5,0.88
7629121845442170142,kendalls.page,2026-04-15,,No Transcript,0.0,0,467,2,0,2,0.428
7629122542929825054,kendalls.page,2026-04-15,,No Transcript,0.0,0,302,2,0,2,0.662
7629123255818849567,kendalls.page,2026-04-15,,No Transcript,0.0,0,447,2,0,2,0.447
7629123744266505502,kendalls.page,2026-04-15,,No Transcript,0.0,0,354,3,0,3,0.847
7629194133835369759,trissiebaby,2026-04-17,,No Transcript,0.0,0,280,3,0,3,1.071
7629248903442861343,aminas_ambience,2026-04-16,,No Transcript,0.0,0,1109,8,1,9,0.812
7629322665886633246,autobrush,2026-04-18,,No Transcript,0.0,0,8,0,0,0,0.0
7629322873466899725,pineapplefinds1,2026-04-16,,No Transcript,0.0,0,501,0,0,0,0.0
7629323260512963854,pineapplefinds1,2026-04-16,,No Transcript,0.0,0,736,0,0,0,0.0
7629323772759117069,pineapplefinds1,2026-04-16,,No Transcript,0.0,0,701,1,0,1,0.143
7629324139462921485,pineapplefinds1,2026-04-16,,No Transcript,0.0,0,210,0,0,0,0.0
7629331648735120670,autobrush,2026-04-19,,No Transcript,0.0,0,2,0,0,0,0.0
7629338949344955661,santashelbie,2026-04-16,Stop scrolling if your kid hates brushing their teeth...,Shock / Warning / Pattern Interrupt,0.0,0,1719,10,4,14,0.814
7629353248352210206,autobrush,2026-04-20,,No Transcript,0.0,0,273,0,0,0,0.0
7629359546833636638,officialmikemademebuyit,2026-04-16,,No Transcript,0.0,0,1255,3,0,3,0.239
7629376408120282381,ravebuys,2026-04-16,,No Transcript,0.0,0,1280,8,2,10,0.781
7629388026157796621,savingsfordays,2026-04-16,,No Transcript,0.0,0,37,0,0,0,0.0
7629390814707305759,thatsjustkyler,2026-04-16,,No Transcript,0.0,0,795,4,0,4,0.503
7629391549985754382,forgotten.new.york,2026-04-16,This looks really weird but hear me out. This,Curiosity / Open Loop,0.0,0,1033,4,0,4,0.387
7629393086711385375,thatsjustkyler,2026-04-16,,No Transcript,0.0,0,1450,4,3,7,0.483
7629396345253645599,selena_g.r,2026-04-16,,No Transcript,0.0,0,388,10,1,11,2.835
7629396386676477214,thatsjustkyler,2026-04-16,,No Transcript,0.0,0,835,6,0,6,0.719
7629397109145373966,rogue_flounder,2026-04-16,,No Transcript,0.0,0,425,1,0,1,0.235
7629402067760663839,funadorableanimals,2026-04-16,,No Transcript,0.0,0,546,1,0,1,0.183
7629402119954615582,funadorableanimals,2026-04-16,,No Transcript,0.0,0,603,1,0,1,0.166
7629402449014541598,funadorableanimals,2026-04-16,,No Transcript,0.0,0,712,0,0,0,0.0
7629403132082031903,funadorableanimals,2026-04-16,,No Transcript,0.0,0,1040,0,0,0,0.0
7629407476592512269,shopwithdesimarie,2026-04-16,,No Transcript,0.0,0,656,5,0,5,0.762
7629408418712784158,nathyhr14,2026-04-16,,No Transcript,0.0,0,866,7,0,7,0.808
7629411938648345886,thatsjustkyler,2026-04-16,,No Transcript,0.0,0,535,1,0,1,0.187
7629433700253502734,authenticallyaubz,2026-04-16,,No Transcript,0.0,0,357,5,0,5,1.401
7629451886902496543,208_dad,2026-04-16,,No Transcript,0.0,0,380,3,0,3,0.789
7629454035262737695,johnsshop24,2026-04-16,,No Transcript,0.0,0,1154,1,0,1,0.087
7629474832006090015,cassou_durandisse,2026-04-16,,No Transcript,0.0,0,60,2,0,2,3.333
7629483358476619038,ethel.velasquez3,2026-04-16,,No Transcript,0.0,0,113,5,0,5,4.425
7629485529477827853,emberbloomhandcrafts,2026-04-16,,No Transcript,0.0,0,292,4,0,4,1.37
7629495649796410637,ravebuys,2026-04-16,,No Transcript,0.0,0,620,3,0,3,0.484
7629496208481996045,austinfendler,2026-04-16,"Brushing your teeth can be hard, give the auto",Bold Claim / Benefit,0.0,0,1974,24,0,24,1.216
7629498814537256206,ronnieny87,2026-04-17,,No Transcript,0.0,0,314,0,0,0,0.0
7629500429319114015,conniemelton0,2026-04-16,,No Transcript,0.0,0,557,1,0,1,0.18
7629501055088266509,ronnieny87,2026-04-18,,No Transcript,0.0,0,263,0,0,0,0.0
7629502868009028877,ronnieny87,2026-04-16,,No Transcript,0.0,0,242,1,0,1,0.413
7629504550390598926,sandrorussor,2026-04-17,,No Transcript,0.0,0,26,4,2,6,23.077
7629528647375883551,laylow.ton,2026-04-17,,No Transcript,0.0,0,491,2,0,2,0.407
7629530692728163598,daddiedelioncourt,2026-04-17,,No Transcript,0.0,0,313,5,0,5,1.597
7629531510298692877,auryhall,2026-04-17,,No Transcript,0.0,0,2329,20,5,25,1.073
7629550289820912926,jmejiam1,2026-04-17,,No Transcript,0.0,0,410,2,0,2,0.488
7629560864298913054,cuttee123,2026-04-17,,No Transcript,0.0,0,48,1,0,1,2.083
7629573438549560607,primera_norelkys,2026-04-17,,No Transcript,0.0,0,552,5,0,5,0.906
7629574032253291789,igage.it,2026-04-17,,No Transcript,0.0,0,647,4,5,9,1.391
7629591421112175885,pjscakes.more,2026-04-17,,No Transcript,0.0,0,91,0,0,0,0.0
7629616674949385485,sandysummers94,2026-04-17,,No Transcript,0.0,0,903,5,0,5,0.554
7629675170839432478,empoweredwithmel,2026-04-17,,No Transcript,0.0,0,296,5,2,7,2.365
7629675713632800031,empoweredwithmel,2026-04-17,,No Transcript,0.0,0,970,8,2,10,1.031
7629704176020344094,jennyy.0818,2026-04-17,,No Transcript,0.0,0,735,9,0,9,1.224
7629718960820194590,shopsmart2809,2026-04-17,,No Transcript,0.0,0,250,0,0,0,0.0
7629724855574875422,layanaa132,2026-04-17,,No Transcript,0.0,0,430,43,17,60,13.953
7629728048572681486,ang_ski,2026-04-17,,No Transcript,0.0,0,444,8,2,10,2.252
7629731570248633614,jaythegringo,2026-04-17,,No Transcript,0.0,0,864,3,0,3,0.347
7629749612236033293,pineapplefinds1,2026-04-17,,No Transcript,0.0,0,2,0,0,0,0.0
7629750304984141070,pineapplefinds1,2026-04-17,,No Transcript,0.0,0,439,0,0,0,0.0
7629768349366504734,meganrealgsc,2026-04-17,,No Transcript,0.0,0,148,8,2,10,6.757
7629776319135370509,pineapplefinds1,2026-04-17,,No Transcript,0.0,0,526,0,0,0,0.0
7629779829407157517,pineapplefinds1,2026-04-17,,No Transcript,0.0,0,666,0,0,0,0.0
7629786136499506446,sandysummers94,2026-04-17,,No Transcript,0.0,0,402,9,0,9,2.239
7629786621734407438,mamakimeee,2026-04-17,,No Transcript,0.0,0,686,8,4,12,1.749
7629806744033578254,juangonzalezajanel,2026-04-17,,No Transcript,0.0,0,456,3,0,3,0.658
7629821657690983693,lizetestrada001,2026-04-17,,No Transcript,0.0,0,745,3,0,3,0.403
7629830758957337869,savingsfordays,2026-04-17,,No Transcript,0.0,0,60,1,0,1,1.667
7629853036424269069,sharisines,2026-04-17,,No Transcript,0.0,0,1503,12,4,16,1.065
7629856597111573791,shutupandpuppet,2026-04-17,,No Transcript,0.0,0,1451,3,0,3,0.207
7629857522815470862,trosemade,2026-04-17,Can all of us parents please stop making our,Shock / Warning / Pattern Interrupt,0.0,0,7659,58,0,58,0.757
7629858397042560269,minimalmess0,2026-04-17,,No Transcript,0.0,0,1244,6,1,7,0.563
7629866973815508238,zoli246,2026-04-17,,No Transcript,0.0,0,797,26,10,36,4.517
7629880686777797901,bethecryptid,2026-04-17,,No Transcript,0.0,0,687,14,0,14,2.038
7629889071946419470,benzughimire,2026-04-18,Wait before you brush: Flip this card over and,Shock / Warning / Pattern Interrupt,0.0,0,1459,10,0,10,0.685
7629892535132998925,hazejercicio.contigresa,2026-04-18,,No Transcript,0.0,0,149,0,0,0,0.0
7629893153155337485,benzughimire,2026-04-18,,No Transcript,0.0,0,253,22,1,23,9.091
7629893277155740941,hazejercicio.contigresa,2026-04-17,,No Transcript,0.0,0,16,0,0,0,0.0
7629901765567089933,meaganjones219,2026-04-18,,No Transcript,0.0,0,224,5,1,6,2.679
7629910075611696398,estherlidiamarque,2026-04-18,,No Transcript,0.0,0,579,18,6,24,4.145
7629922871921478925,hazejercicio.contigresa,2026-04-18,,No Transcript,0.0,0,40,0,0,0,0.0
7629923368090750221,hazejercicio.contigresa,2026-04-18,,No Transcript,0.0,0,34,0,0,0,0.0
7629924221522545934,hazejercicio.contigresa,2026-04-18,,No Transcript,0.0,0,1,0,0,0,0.0
7629924657008987423,lupegarcia1192,2026-04-18,,No Transcript,0.0,0,991,7,0,7,0.706
7629929689154325774,joe_ttshop,2026-04-18,,No Transcript,0.0,0,686,4,0,4,0.583
7629941437425077518,lucyysfinds,2026-04-18,,No Transcript,0.0,0,863,5,0,5,0.579
7629946142062644494,lachikyg,2026-04-18,,No Transcript,0.0,0,981,8,0,8,0.815
7629947744064392478,anthony.certonio,2026-04-18,,No Transcript,0.0,0,161,0,0,0,0.0
7629947747960933662,anthony.certonio,2026-04-18,,No Transcript,0.0,0,244,0,0,0,0.0
7629950643452562719,gustavoelbendedor_559,2026-04-18,,No Transcript,0.0,0,74,2,0,2,2.703
7629967949830442270,anthony.certonio,2026-04-18,,No Transcript,0.0,0,371,0,0,0,0.0
7629977512507903246,helloitsmel22,2026-04-18,,No Transcript,0.0,0,83,0,0,0,0.0
7629995585851952414,myshelle.gadgetglow,2026-04-18,,No Transcript,0.0,0,1757,8,3,11,0.626
7630077261059788062,mountaintophomestead,2026-04-18,,No Transcript,0.0,0,57,2,0,2,3.509
7630083951100546317,sandysummers94,2026-04-18,,No Transcript,0.0,0,1227,7,3,10,0.815
7630086770285235470,just.kalieschmitt,2026-04-18,,No Transcript,0.0,0,1042,6,0,6,0.576
7630101246812179726,bonniefinding,2026-04-18,,No Transcript,0.0,0,312,1,0,1,0.321
7630101492032228621,bonniefinding,2026-04-18,,No Transcript,0.0,0,64,0,0,0,0.0
7630111099127434510,stacy.heil,2026-04-18,,No Transcript,0.0,0,716,1,0,1,0.14
7630117175629532429,bdoodlemom,2026-04-18,,No Transcript,0.0,0,710,7,0,7,0.986
7630121399578840334,savingsfordays,2026-04-18,,No Transcript,0.0,0,89,0,0,0,0.0
7630130076687912222,xorlyxo,2026-04-18,,No Transcript,0.0,0,1342,22,1,23,1.714
7630139273852800286,michellewest01,2026-04-18,,No Transcript,0.0,0,726,9,0,9,1.24
7630141804595203358,missyfindsss,2026-04-18,,No Transcript,0.0,0,2181,3,0,3,0.138
7630145238824176927,missyfindsss,2026-04-18,,No Transcript,0.0,0,729,0,1,1,0.137
7630156729845681438,chipsmainaccount,2026-04-18,,No Transcript,0.0,0,551,1,0,1,0.181
7630158115165605134,taradlifestyle13,2026-04-18,,No Transcript,0.0,0,453,0,0,0,0.0
7630158950163352863,selena_g.r,2026-04-18,,No Transcript,0.0,0,183,7,0,7,3.825
7630175850100526349,hazejercicio.contigresa,2026-04-18,,No Transcript,0.0,0,1,0,0,0,0.0
7630177854386457870,supportthechange0,2026-04-18,,No Transcript,0.0,0,768,0,0,0,0.0
7630178506558704910,supportthechange0,2026-04-18,,No Transcript,0.0,0,470,0,0,0,0.0
7630178804366871822,supportthechange0,2026-04-18,,No Transcript,0.0,0,300,0,0,0,0.0
7630179850422144269,supportthechange0,2026-04-18,,No Transcript,0.0,0,503,0,0,0,0.0
7630180094220242189,supportthechange0,2026-04-18,,No Transcript,0.0,0,684,2,0,2,0.292
7630180280686447886,supportthechange0,2026-04-18,,No Transcript,0.0,0,475,0,0,0,0.0
7630180702184688910,supportthechange0,2026-04-18,,No Transcript,0.0,0,345,1,0,1,0.29
7630180858007244046,supportthechange0,2026-04-18,,No Transcript,0.0,0,479,1,0,1,0.209
7630181106351967502,supportthechange0,2026-04-18,,No Transcript,0.0,0,388,0,0,0,0.0
7630181407871995149,supportthechange0,2026-04-18,,No Transcript,0.0,0,577,5,0,5,0.867
7630183609541872910,ohsheilafaye,2026-04-18,,No Transcript,0.0,0,502,2,0,2,0.398
7630188153281858829,moryviral,2026-04-18,,No Transcript,0.0,0,231,3,1,4,1.732
7630193461794262285,theonetechguy,2026-04-18,,No Transcript,0.0,0,1267,6,0,6,0.474
7630193470942104846,austinfendler,2026-04-18,It only takes about 30 seconds to take care,Bold Claim / Benefit,0.0,0,2680,6,2,8,0.299
7630193580144971039,shanniesayz,2026-04-18,,No Transcript,0.0,0,1650,1,0,1,0.061
7630212346975227149,shopandtell1,2026-04-18,,No Transcript,0.0,0,578,1,0,1,0.173
7630212837549411615,manstroselects,2026-04-18,Being too lazy to brush ur teeth isn't a,Problem / Pain Point,0.0,0,1030,5,0,5,0.485
7630218380947000606,candii_babyy,2026-04-18,,No Transcript,0.0,0,539,8,1,9,1.67
7630221443002846478,bigtripler,2026-04-18,,No Transcript,0.0,0,279,0,0,0,0.0
7630225562992184589,ronnieny87,2026-04-18,,No Transcript,0.0,0,720,2,0,2,0.278
7630230042529893662,manstroselects,2026-04-18,,No Transcript,0.0,0,940,4,0,4,0.426
7630232483354774798,sierragrace123,2026-04-18,Is this not the coolest toothbrush? And it has,Question,0.0,0,1154,0,0,0,0.0
7630232492724849951,discountsrus,2026-04-18,,No Transcript,0.0,0,268,0,0,0,0.0
7630232520495271198,discountsrus,2026-04-18,,No Transcript,0.0,0,394,2,0,2,0.508
7630234846392012045,d.deals.dude,2026-04-18,,No Transcript,0.0,0,419,1,0,1,0.239
7630236729739349278,shutupandpuppet,2026-04-18,,No Transcript,0.0,0,2048,3,1,4,0.195
7630236770038205710,katielawrence.boymom,2026-04-18,,No Transcript,0.0,0,620,3,0,3,0.484
7630241204025740557,katmindset,2026-04-18,,No Transcript,0.0,0,730,2,0,2,0.274
7630246776607345934,taradlifestyle13,2026-04-18,,No Transcript,0.0,0,368,0,0,0,0.0
7630247627019291935,selena_g.r,2026-04-18,,No Transcript,0.0,0,200,10,1,11,5.5
7630248071619824926,night.shift.mama5,2026-04-18,,No Transcript,0.0,0,509,7,2,9,1.768
7630254216442842382,wisquitomama,2026-04-19,,No Transcript,0.0,0,591,5,1,6,1.015
7630254865876323597,johns_favorites,2026-04-19,,No Transcript,0.0,0,682,2,0,2,0.293
7630263387557072142,d.deals.dude,2026-04-19,,No Transcript,0.0,0,475,0,0,0,0.0
7630267466198879501,d.deals.dude,2026-04-19,,No Transcript,0.0,0,388,0,0,0,0.0
7630267537049029901,bonniefinding,2026-04-19,,No Transcript,0.0,0,277,1,0,1,0.361
7630268108535549198,hazejercicio.contigresa,2026-04-19,,No Transcript,0.0,0,26,0,0,0,0.0
7630275888759803150,authenticallyaubz,2026-04-19,,No Transcript,0.0,0,299,7,0,7,2.341
7630280619297180942,xd_hersh,2026-04-19,,No Transcript,0.0,0,161,2,0,2,1.242
7630282951988628750,giigii_fashion,2026-04-19,,No Transcript,0.0,0,161,4,0,4,2.484
7630287252907756830,anthony.certonio,2026-04-19,,No Transcript,0.0,0,88,0,0,0,0.0
7630292728873520415,itsbrittaniebitch1,2026-04-18,,No Transcript,0.0,0,61,0,0,0,0.0
7630293367951199519,manstroselects,2026-04-19,,No Transcript,0.0,0,630,3,0,3,0.476
7630293531705281823,itsbrittaniebitch1,2026-04-19,,No Transcript,0.0,0,990,1,0,1,0.101
7630300390591892767,dawson_cupons,2026-04-19,,No Transcript,0.0,0,661,0,0,0,0.0
7630312934274632991,manstroselects,2026-04-19,,No Transcript,0.0,0,678,4,0,4,0.59
7630326691528789279,lex_approved,2026-04-19,,No Transcript,0.0,0,86,2,0,2,2.326
7630338271083564301,cjoana05,2026-04-19,,No Transcript,0.0,0,325,5,2,7,2.154
7630340202975776030,paolanolascog,2026-04-19,"Quieres tener una sonrisa fresca, limpia y aparte que",Direct Audience Call-Out,0.0,0,1115,18,4,22,1.973
7630443154478533919,brunoboy903,2026-04-19,,No Transcript,0.0,0,61,0,0,0,0.0
7630449275968687391,thapa.bagala7,2026-04-19,,No Transcript,0.0,0,182,16,12,28,15.385
7630463097135762701,pineapplefinds1,2026-04-19,,No Transcript,0.0,0,953,3,0,3,0.315
7630463708006714638,pineapplefinds1,2026-04-19,,No Transcript,0.0,0,659,0,0,0,0.0
7630493034270051614,baymacsdad1,2026-04-19,,No Transcript,0.0,0,586,4,0,4,0.683
7630504749992905997,chattypattysplace,2026-04-19,,No Transcript,0.0,0,695,3,1,4,0.576
7630509691642088734,empoweredwithmel,2026-04-19,,No Transcript,0.0,0,1094,6,3,9,0.823
7630509984370953503,empoweredwithmel,2026-04-19,,No Transcript,0.0,0,779,5,3,8,1.027
7630512705576783118,ashley.so.audacious,2026-04-19,,No Transcript,0.0,0,713,13,0,13,1.823
7630517739886497037,authenticallyaubz,2026-04-19,,No Transcript,0.0,0,328,3,0,3,0.915
7630518332482948383,manstroselects,2026-04-19,,No Transcript,0.0,0,496,1,0,1,0.202
7630520558672727310,brunoboy903,2026-04-19,,No Transcript,0.0,0,24,0,0,0,0.0
7630527640297917710,chattypattysplace,2026-04-19,,No Transcript,0.0,0,249,1,0,1,0.402
7630529327800519950,jewles.blue,2026-04-19,Brushing Teeth HAS NEVER BEEN EASIER AUTOBRUSH is unlike,Bold Claim / Benefit,0.0,0,1480,3,0,3,0.203
7630533363304058125,ang_ski,2026-04-19,,No Transcript,0.0,0,378,9,1,10,2.646
7630540905929248031,discountsrus,2026-04-19,,No Transcript,0.0,0,94,0,0,0,0.0
7630540951328509214,discountsrus,2026-04-19,,No Transcript,0.0,0,375,1,0,1,0.267
7630542424841915661,ohsheilafaye,2026-04-19,,No Transcript,0.0,0,375,2,0,2,0.533
7630563742866066701,shop.w.rob,2026-04-19,This brush is literally CHEATING 🤯 The only issue,Bold Claim / Benefit,0.0,0,1074,3,1,4,0.372
7630566129911581966,shop.w.rob,2026-04-19,,No Transcript,0.0,0,1521,5,5,10,0.657
7630566495839390989,sandysummers94,2026-04-19,,No Transcript,0.0,0,714,6,1,7,0.98
7630573309997878542,michelletopil,2026-04-19,,No Transcript,0.0,0,808,4,0,4,0.495
7630575293031288078,nachotacotv,2026-04-19,,No Transcript,0.0,0,9,0,0,0,0.0
7630576760282746142,shyanndale1820,2026-04-19,,No Transcript,0.0,0,861,6,0,6,0.697
7630585036969905422,nachotacotv,2026-04-19,,No Transcript,0.0,0,751,0,0,0,0.0
7630588145700048159,serenebyserena,2026-04-19,,No Transcript,0.0,0,81,4,0,4,4.938
7630591092341230862,wisquitomama,2026-04-19,,No Transcript,0.0,0,902,2,0,2,0.222
7630594382403603725,michelletopil,2026-04-19,This is a future of teeth brushing. Right here.,Bold Claim / Benefit,0.0,0,1536,9,0,9,0.586
7630600933013032223,the_lasthokage_,2026-04-19,,No Transcript,0.0,0,994,1,0,1,0.101
7630605989208689951,the_lasthokage_,2026-04-19,,No Transcript,0.0,0,1272,3,0,3,0.236
7630614137751538975,betty.pupo8,2026-04-19,,No Transcript,0.0,0,173,3,1,4,2.312
7630620903784582414,jzfindss,2026-04-19,,No Transcript,0.0,0,1102,7,1,8,0.726
7630637581826362637,modernluxe4,2026-04-20,,No Transcript,0.0,0,108,0,0,0,0.0
7630638137315724558,modernluxe4,2026-04-20,,No Transcript,0.0,0,602,1,0,1,0.166
7630638645589839118,modernluxe4,2026-04-20,,No Transcript,0.0,0,136,0,0,0,0.0
7630645303019949343,digna.miranda44,2026-04-20,,No Transcript,0.0,0,35,1,0,1,2.857
7630648598711045390,1ihanaaa,2026-04-20,,No Transcript,0.0,0,403,10,0,10,2.481
7630651263872437534,digna.miranda44,2026-04-20,,No Transcript,0.0,0,36,2,0,2,5.556
7630653822251142430,digna.miranda44,2026-05-19,,No Transcript,0.0,0,31,3,0,3,9.677
7630659512952769806,ana.solo.wfh.mom,2026-04-20,,No Transcript,0.0,0,303,4,0,4,1.32
7630660821474938143,cleaninglifestyle4u,2026-04-20,,No Transcript,0.0,0,673,2,0,2,0.297
7630675369271610655,manstroselects,2026-04-20,,No Transcript,0.0,0,211,0,0,0,0.0
7630687030481145102,feedingthechaos5,2026-04-20,This is a new level of clean! Imagine brushing,Bold Claim / Benefit,0.0,0,1558,5,0,5,0.321
7630691906950843662,floravilapina,2026-04-20,,No Transcript,0.0,0,169,9,0,9,5.325
7630709845116603678,luisfitnes__,2026-04-20,,No Transcript,0.0,0,1173,11,2,13,1.108
7630710612200262925,mama.dayy,2026-04-20,,No Transcript,0.0,0,493,22,22,44,8.925
7630712440644209951,brownsugar_experiences,2026-04-20,,No Transcript,0.0,0,645,2,0,2,0.31
7630759670038236447,buncfinds,2026-04-20,,No Transcript,0.0,0,753,0,0,0,0.0
7630817305345182990,kookiethehuskie,2026-04-20,,No Transcript,0.0,0,107,1,0,1,0.935
7630817451009248542,kay_kay0413,2026-04-20,,No Transcript,0.0,0,408,5,0,5,1.225
7630817751455616286,kay_kay0413,2026-04-20,,No Transcript,0.0,0,330,4,0,4,1.212
7630817796707912990,jennyy.0818,2026-04-20,,No Transcript,0.0,0,536,11,0,11,2.052
7630825130934996255,manstroselects,2026-04-20,,No Transcript,0.0,0,503,3,0,3,0.596
7630851327999905037,authenticallyaubz,2026-04-20,,No Transcript,0.0,0,58,1,0,1,1.724
7630860017922477343,manstroselects,2026-04-20,,No Transcript,0.0,0,224,0,0,0,0.0
7630868766930324749,joely_en_familia,2026-04-20,,No Transcript,0.0,0,251,2,2,4,1.594
7630871421287206175,suntannedtoes,2026-04-20,,No Transcript,0.0,0,941,2,2,4,0.425
7630880634432441630,denturedame,2026-04-20,,No Transcript,0.0,0,1289,18,1,19,1.474
7630881011290721549,ohsheilafaye,2026-04-20,,No Transcript,0.0,0,102,2,0,2,1.961
7630881115754089742,modernluxe4,2026-04-20,,No Transcript,0.0,0,298,0,0,0,0.0
7630881284935503117,modernluxe4,2026-04-20,,No Transcript,0.0,0,527,0,0,0,0.0
7630882462012394766,modernluxe4,2026-04-20,,No Transcript,0.0,0,373,1,0,1,0.268
7630884169450638605,itsmailtime,2026-04-20,,No Transcript,0.0,0,759,1,1,2,0.264
7630887924556369166,itsmailtime,2026-04-20,,No Transcript,0.0,0,1009,2,1,3,0.297
7630916952021683487,discountsrus,2026-04-20,,No Transcript,0.0,0,783,0,0,0,0.0
7630940537910054157,mr_waylong,2026-04-20,,No Transcript,0.0,0,1605,4,0,4,0.249
7630941953433160990,compoundchronicle,2026-04-20,,No Transcript,0.0,0,178,1,0,1,0.562
7630945242170019085,nic.kiera,2026-04-20,,No Transcript,0.0,0,617,1,1,2,0.324
7630945264311864607,compoundchronicle,2026-04-20,,No Transcript,0.0,0,186,1,0,1,0.538
7630946117957520671,anthony.certonio,2026-04-20,,No Transcript,0.0,0,178,0,0,0,0.0
7630949486130416926,compoundchronicle,2026-04-20,,No Transcript,0.0,0,548,6,0,6,1.095
7630951698789436702,compoundchronicle,2026-04-20,,No Transcript,0.0,0,408,2,0,2,0.49
7630958676576079135,the_lasthokage_,2026-04-20,,No Transcript,0.0,0,757,1,0,1,0.132
7630963090636492063,compoundchronicle,2026-04-20,,No Transcript,0.0,0,485,3,0,3,0.619
7630965313072319775,sajanak123,2026-04-20,,No Transcript,0.0,0,1441,16,4,20,1.388
7630966976516476174,austinfendler,2026-04-20,,No Transcript,0.0,0,1699,10,2,12,0.706
7630970791256952078,sandrorussor,2026-04-21,,No Transcript,0.0,0,334,8,3,11,3.293
7630972509420064014,pineapplefinds1,2026-04-20,,No Transcript,0.0,0,202,0,0,0,0.0
7630988866870070541,joely_en_familia,2026-04-20,,No Transcript,0.0,0,172,3,0,3,1.744
7630989343519280397,kenziefaithh_04,2026-04-20,,No Transcript,0.0,0,572,4,0,4,0.699
7630992770961820942,earthlyfinds,2026-04-20,,No Transcript,0.0,0,354,0,0,0,0.0
7630993822645783822,austinfendler,2026-04-20,,No Transcript,0.0,0,1933,9,3,12,0.621
7630996876250139918,earthlyfinds,2026-04-21,Autobrush Sonic Pro Kids Bundle Technique matters! Autobrush removes,Demo / Product Intro,0.0,0,1070,2,0,2,0.187
7630997178168790285,earthlyfinds,2026-04-21,,No Transcript,0.0,0,427,1,0,1,0.234
7631020686466764045,d.deals.dude,2026-04-21,,No Transcript,0.0,0,546,3,0,3,0.549
7631020898971159822,d.deals.dude,2026-04-21,,No Transcript,0.0,0,216,1,0,1,0.463
7631021102973701389,d.deals.dude,2026-04-21,,No Transcript,0.0,0,306,0,0,0,0.0
7631029906066967822,ravebuys,2026-04-21,,No Transcript,0.0,0,1319,4,1,5,0.379
7631038866954210590,charleysmom14,2026-04-21,,No Transcript,0.0,0,532,3,0,3,0.564
7631044313866063117,team_abejita55,2026-04-21,,No Transcript,0.0,0,887,17,4,21,2.368
7631059837941517581,austinfendler,2026-04-21,Teeth are one of the first things people see,Curiosity / Open Loop,0.0,0,1438,11,0,11,0.765
7631072296332971295,empoweredwithmel,2026-04-21,,No Transcript,0.0,0,811,3,2,5,0.617
7631076372487621919,officialbraydenchaffins,2026-04-21,,No Transcript,0.0,0,791,1,0,1,0.126
7631094783070539021,opalnichole,2026-04-21,,No Transcript,0.0,0,862,2,0,2,0.232
7631108387408776478,buncfinds,2026-04-21,,No Transcript,0.0,0,920,0,0,0,0.0
7631137799810387213,pamanyenwapboule,2026-04-21,,No Transcript,0.0,0,310,65,65,130,41.935
7631161851639827726,hopibynum,2026-04-21,,No Transcript,0.0,0,551,4,0,4,0.726
7631185080983014670,yordanosbekele209,2026-04-21,,No Transcript,0.0,0,1128,6,1,7,0.621
7631205702958189838,elaina.marie32,2026-04-21,,No Transcript,0.0,0,315,8,0,8,2.54
7631206485040696589,houseofbrit,2026-04-26,,No Transcript,0.0,0,2306,9,0,9,0.39
7631209736796392717,katekoko83,2026-04-21,,No Transcript,0.0,0,52,3,0,3,5.769
7631224017332030733,siacreatesit,2026-04-21,,No Transcript,0.0,0,903,22,3,25,2.769
7631230787572075789,breanimal1125,2026-04-21,,No Transcript,0.0,0,1948,10,0,10,0.513
7631231584816893198,pineapplefinds1,2026-04-21,,No Transcript,0.0,0,845,0,0,0,0.0
7631232883285298446,pineapplefinds1,2026-04-21,,No Transcript,0.0,0,564,0,0,0,0.0
7631233332327517454,pineapplefinds1,2026-04-21,,No Transcript,0.0,0,981,0,0,0,0.0
7631234918265277709,pineapplefinds1,2026-04-21,,No Transcript,0.0,0,751,2,0,2,0.266
7631244512811093278,ks11store,2026-04-21,,No Transcript,0.0,0,433,2,1,3,0.693
7631250039435808014,valeriarivera.5,2026-04-21,,No Transcript,0.0,0,553,3,2,5,0.904
7631250246881824030,compoundchronicle,2026-04-21,,No Transcript,0.0,0,413,4,0,4,0.969
7631272439225306381,bigsavingshop,2026-04-21,,No Transcript,0.0,0,953,0,0,0,0.0
7631272812061166861,bigsavingshop,2026-04-21,,No Transcript,0.0,0,677,0,0,0,0.0
7631276403668880653,elaina.marie32,2026-04-21,,No Transcript,0.0,0,961,7,0,7,0.728
7631279878872026399,succulent_sweetheart,2026-04-21,,No Transcript,0.0,0,455,1,0,1,0.22
7631288094838312223,rubyfindsit,2026-04-21,,No Transcript,0.0,0,719,1,0,1,0.139
7631289690804522254,bonniefinding,2026-04-21,,No Transcript,0.0,0,5,1,0,1,20.0
7631290063460109582,bonniefinding,2026-04-21,,No Transcript,0.0,0,11,0,0,0,0.0
7631290222885539086,itsmailtime,2026-04-21,,No Transcript,0.0,0,919,1,1,2,0.218
7631292591664860447,comebackapril20th,2026-04-21,,No Transcript,0.0,0,879,5,0,5,0.569
7631298016619678989,lissett.perdomo,2026-04-21,,No Transcript,0.0,0,134,16,2,18,13.433
7631299436769004814,austinfendler,2026-04-21,I'm not gonna lie at first I thought these,Personal Story / POV,0.0,0,1690,6,0,6,0.355
7631308182920498463,allynsdeals,2026-04-21,I just woke up to the Kids Autobrush Sonic,Personal Story / POV,0.0,0,2095,2,0,2,0.095
7631308911827619085,bigsavingshop,2026-04-21,,No Transcript,0.0,0,639,0,0,0,0.0
7631309560011148575,bmoneys.finds,2026-04-21,,No Transcript,0.0,0,1315,1,0,1,0.076
7631309634497711373,wisenewdeals,2026-04-21,,No Transcript,0.0,0,548,0,0,0,0.0
7631321578428534029,jelykani1,2026-04-21,,No Transcript,0.0,0,490,5,0,5,1.02
7631322574441532703,elaina.tts,2026-04-21,,No Transcript,0.0,0,313,1,0,1,0.319
7631323037433875743,shutupandpuppet,2026-04-21,"Powered on, then you hit it again to start",Demo / Product Intro,0.0,0,1761,1,0,1,0.057
7631324978205445407,ricky.holder,2026-04-21,,No Transcript,0.0,0,899,3,0,3,0.334
7631328420588244254,mahu4christ,2026-04-21,,No Transcript,0.0,0,933,13,6,19,2.036
7631342924592074015,compoundchronicle,2026-04-21,,No Transcript,0.0,0,235,4,2,6,2.553
7631344125693922590,shutupandpuppet,2026-04-21,I thought for sure this was gonna be trash.,Personal Story / POV,0.0,0,1881,5,0,5,0.266
7631349882418138399,thatsjustkyler,2026-04-21,,No Transcript,0.0,0,1474,3,0,3,0.204
7631352059685506334,bigsavingshop,2026-04-21,,No Transcript,0.0,0,458,2,0,2,0.437
7631355955271191821,thoardfindsdaily,2026-04-21,crying because I slept on Autobrush Sonic Pro Bundle,Social Proof / Testimonial,0.0,0,1264,0,0,0,0.0
7631357553053584654,wisenewdeals,2026-04-21,,No Transcript,0.0,0,808,0,0,0,0.0
7631370906656361742,thoardfindsdaily,2026-04-22,,No Transcript,0.0,0,1117,0,0,0,0.0
7631380241952328973,sabitra.gurung76,2026-04-22,,No Transcript,0.0,0,190,6,4,10,5.263
7631381264066514207,hopibynum,2026-04-22,,No Transcript,0.0,0,694,3,0,3,0.432
7631387949933808926,aj_finds14,2026-04-22,,No Transcript,0.0,0,1216,7,10,17,1.398
7631401804185570590,that.girl.blake,2026-04-22,,No Transcript,0.0,0,860,5,0,5,0.581
7631418424173792543,sharayahashby,2026-04-22,,No Transcript,0.0,0,338,0,0,0,0.0
7631436789730823438,joseventas03,2026-04-22,,No Transcript,0.0,0,537,5,1,6,1.117
7631436927043898654,styledbysammy24,2026-04-22,,No Transcript,0.0,0,784,9,1,10,1.276
7631450654988438797,chinadubaibeautyfashion,2026-04-22,,No Transcript,0.0,0,545,12,0,12,2.202
7631492413848030477,ravebuys,2026-04-22,,No Transcript,0.0,0,760,0,0,0,0.0
7631551398932499726,triceedigital,2026-04-22,,No Transcript,0.0,0,361,1,0,1,0.277
7631555099072056590,pineapplefinds1,2026-04-22,,No Transcript,0.0,0,740,1,0,1,0.135
7631575673240374558,beach_daze,2026-04-22,,No Transcript,0.0,0,887,2,0,2,0.225
7631586260418579726,sherline743,2026-04-22,,No Transcript,0.0,0,472,2,0,2,0.424
7631601327910489374,compoundchronicle,2026-04-22,,No Transcript,0.0,0,693,2,0,2,0.289
7631613008338357518,withshylee,2026-04-22,,No Transcript,0.0,0,653,1,0,1,0.153
7631614627641625887,arieljvillamizar,2026-04-22,,No Transcript,0.0,0,1,0,0,0,0.0
7631615654314986782,arieljvillamizar,2026-04-22,,No Transcript,0.0,0,1601,4,0,4,0.25
7631619109624483102,arieljvillamizar,2026-04-22,,No Transcript,0.0,0,758,0,0,0,0.0
7631621239995518239,arieljvillamizar,2026-04-22,,No Transcript,0.0,0,906,0,0,0,0.0
7631626391020195086,elaina.marie32,2026-04-22,,No Transcript,0.0,0,375,4,1,5,1.333
7631636366908067086,minimalmess0,2026-04-22,,No Transcript,0.0,0,1193,5,0,5,0.419
7631643538739957006,rackem88,2026-04-22,,No Transcript,0.0,0,30,0,0,0,0.0
7631643603755945229,rackem88,2026-04-22,,No Transcript,0.0,0,69,1,2,3,4.348
7631644184222436621,rackem88,2026-04-22,,No Transcript,0.0,0,30,0,0,0,0.0
7631644300165664014,rackem88,2026-04-22,,No Transcript,0.0,0,48,0,0,0,0.0
7631644496488303886,rackem88,2026-04-22,,No Transcript,0.0,0,74,3,0,3,4.054
7631644756354862350,rackem88,2026-04-22,,No Transcript,0.0,0,39,0,0,0,0.0
7631645454127664398,rackem88,2026-04-22,,No Transcript,0.0,0,65,1,0,1,1.538
7631681001843854606,deebee4evaaa,2026-04-22,,No Transcript,0.0,0,28,0,0,0,0.0
7631685723460013326,deebee4evaaa,2026-04-22,,No Transcript,0.0,0,41,0,0,0,0.0
7631699679369121055,bpsdailydeals,2026-04-22,,No Transcript,0.0,0,1435,2,0,2,0.139
7631726088774847774,itsmeimjamie,2026-04-22,,No Transcript,0.0,0,77,0,1,1,1.299
7631738735419215118,peacebeautyproductreview,2026-04-23,,No Transcript,0.0,0,191,40,17,57,29.843
7631751996285979917,maydollischacon,2026-04-23,,No Transcript,0.0,0,446,7,0,7,1.57
7631752474432523551,everydaydealz2,2026-04-23,,No Transcript,0.0,0,437,0,0,0,0.0
7631760976487910669,parzival3061,2026-04-23,,No Transcript,0.0,0,982,2,0,2,0.204
7631772852659686669,functionallyunwell,2026-04-23,,No Transcript,0.0,0,390,3,0,3,0.769
7631778386834214175,aews99,2026-04-23,,No Transcript,0.0,0,583,2,0,2,0.343
7631783107728870669,ileanahdez985,2026-04-23,,No Transcript,0.0,0,689,11,0,11,1.597
7631805303557786910,shekiabfit,2026-04-23,,No Transcript,0.0,0,134,1,0,1,0.746
7631806378100690206,hidden_gems44,2026-04-23,,No Transcript,0.0,0,1154,0,0,0,0.0
7631824085852441886,anyelinaseguraa,2026-04-23,,No Transcript,0.0,0,99,2,2,4,4.04
7631830807107226911,anyelinaseguraa,2026-04-23,,No Transcript,0.0,0,80,3,1,4,5.0
7631846490113101070,alvaradosandra27,2026-04-23,,No Transcript,0.0,0,328,9,0,9,2.744
7631927315890523405,jellybeans8991,2026-04-23,,No Transcript,0.0,0,1400,21,17,38,2.714
7631927510019624205,joely_en_familia,2026-04-23,,No Transcript,0.0,0,305,5,1,6,1.967
7631952097088408863,paigebullock80,2026-04-23,,No Transcript,0.0,0,499,52,17,69,13.828
7631953353722842382,triceedigital,2026-04-23,,No Transcript,0.0,0,176,3,1,4,2.273
7631959848741047566,samu_brisu,2026-04-23,,No Transcript,0.0,0,6,0,0,0,0.0
7631960682711305503,stephaniedubeau0,2026-04-23,,No Transcript,0.0,0,1274,5,2,7,0.549
7631966406443027725,samu_brisu,2026-04-23,,No Transcript,0.0,0,249,4,0,4,1.606
7631996077415140621,modernluxe4,2026-04-23,,No Transcript,0.0,0,45,2,0,2,4.444
7631996569050418462,prettyfacelanie,2026-04-23,,No Transcript,0.0,0,17,0,0,0,0.0
7631996957254241549,modernluxe4,2026-04-23,,No Transcript,0.0,0,780,0,0,0,0.0
7631997359269874957,modernluxe4,2026-04-23,,No Transcript,0.0,0,914,0,0,0,0.0
7631998402334641439,genniemarieexplains,2026-04-23,,No Transcript,0.0,0,887,8,0,8,0.902
7632010349302074655,prettyfacelanie,2026-04-23,,No Transcript,0.0,0,710,12,0,12,1.69
7632010624796495118,cam_painting,2026-04-23,,No Transcript,0.0,0,286,1,0,1,0.35
7632039385575230750,maite_dlr,2026-04-23,,No Transcript,0.0,0,173,1,0,1,0.578
7632051813440638221,shopthejourney,2026-04-23,,No Transcript,0.0,0,173,0,0,0,0.0
7632053057785744653,shopthejourney,2026-04-23,,No Transcript,0.0,0,157,0,0,0,0.0
7632053825691471117,shopthejourney,2026-04-23,,No Transcript,0.0,0,76,0,0,0,0.0
7632072302317882655,comebackapril20th,2026-04-23,,No Transcript,0.0,0,357,1,0,1,0.28
7632074587081084173,giigii_fashion,2026-04-23,,No Transcript,0.0,0,212,3,0,3,1.415
7632077952187976974,giigii_fashion,2026-04-23,,No Transcript,0.0,0,198,3,0,3,1.515
7632083451465813262,giigii_fashion,2026-04-23,,No Transcript,0.0,0,195,3,0,3,1.538
7632091355413515534,yamijoyeriayhogar,2026-04-23,,No Transcript,0.0,0,134,2,0,2,1.493
7632092013319458079,branntski,2026-04-23,,No Transcript,0.0,0,733,3,0,3,0.409
7632092462973979935,allynsdeals,2026-04-23,,No Transcript,0.0,0,2020,1,0,1,0.05
7632093758049242381,virgothesiren,2026-04-23,,No Transcript,0.0,0,869,0,0,0,0.0
7632094624605146382,sandrorussor,2026-04-23,,No Transcript,0.0,0,228,5,2,7,3.07
7632097335148907806,itsmeimjamie,2026-04-23,,No Transcript,0.0,0,321,0,0,0,0.0
7632097842693213470,fernando.jose.nol5,2026-04-23,,No Transcript,0.0,0,410,1,0,1,0.244
7632097896975846669,virgothesiren,2026-04-23,,No Transcript,0.0,0,616,0,0,0,0.0
7632126868258442509,jignashapatel913,2026-04-24,,No Transcript,0.0,0,5091,47,0,47,0.923
7632145849996315934,shopwithbird,2026-04-24,,No Transcript,0.0,0,920,1,0,1,0.109
7632154150830230797,melodygraham912,2026-04-24,,No Transcript,0.0,0,2171,10,0,10,0.461
7632156232844889358,rapunzeljoanne.ka,2026-04-24,,No Transcript,0.0,0,1732,0,0,0,0.0
7632157424702475533,rapunzeljoanne.ka,2026-04-24,,No Transcript,0.0,0,841,0,0,0,0.0
7632158777512430861,rapunzeljoanne.ka,2026-04-24,,No Transcript,0.0,0,809,1,0,1,0.124
7632163867459685645,maydollischacon,2026-04-24,,No Transcript,0.0,0,112,4,0,4,3.571
7632171822380846350,maydollischacon,2026-04-24,,No Transcript,0.0,0,292,5,0,5,1.712
7632173389519621390,ouchwasthataghost,2026-04-24,,No Transcript,0.0,0,694,16,0,16,2.305
7632176640612683038,bae.roc,2026-04-24,,No Transcript,0.0,0,734,1,0,1,0.136
7632178183076367646,everydaydealz2,2026-04-24,,No Transcript,0.0,0,1035,0,1,1,0.097
7632181012742671630,melodygraham912,2026-04-24,,No Transcript,0.0,0,1144,2,2,4,0.35
7632182987324460318,favoritefavoritefind,2026-04-24,,No Transcript,0.0,0,589,0,0,0,0.0
7632185328459091213,alemedina133marketing,2026-04-24,,No Transcript,0.0,0,364,5,0,5,1.374
7632243029998406926,joseventas03,2026-04-24,,No Transcript,0.0,0,751,4,0,4,0.533
7632256364357750030,yiyaoyy73,2026-04-25,,No Transcript,0.0,0,118,1,0,1,0.847
7632284697380277518,michelletopil,2026-04-24,,No Transcript,0.0,0,1176,2,0,2,0.17
7632287926122040590,anishabhatta67,2026-04-24,,No Transcript,0.0,0,48,5,0,5,10.417
7632292279578840350,laurenstogsdill,2026-04-24,,No Transcript,0.0,0,768,2,0,2,0.26
7632293851780091150,triceedigital,2026-04-24,,No Transcript,0.0,0,698,0,0,0,0.0
7632318723155610894,franklin_thebulldog,2026-04-24,,No Transcript,0.0,0,1214,16,11,27,2.224
7632350258034461982,alanapuawai,2026-04-24,,No Transcript,0.0,0,2,0,0,0,0.0
7632351870253583647,alanapuawai,2026-04-24,,No Transcript,0.0,0,2304,7,0,7,0.304
7632353504799034654,alanapuawai,2026-04-24,my 3 year old using her autobrush kids toothbrush,Personal Story / POV,0.0,0,1820,11,0,11,0.604
7632355824878374175,thekiddealz,2026-04-24,,No Transcript,0.0,0,67,0,0,0,0.0
7632355884034755870,thekiddealz,2026-04-24,,No Transcript,0.0,0,610,0,0,0,0.0
7632355895183215902,thekiddealz,2026-04-24,,No Transcript,0.0,0,76,1,0,1,1.316
7632362004920945934,dealsandtrends4all,2026-04-24,,No Transcript,0.0,0,113,0,0,0,0.0
7632366802198187277,electricdealz,2026-04-24,,No Transcript,0.0,0,718,0,0,0,0.0
7632366817884900621,electricdealz,2026-04-24,,No Transcript,0.0,0,231,0,0,0,0.0
7632366833865067790,electricdealz,2026-04-24,,No Transcript,0.0,0,601,0,0,0,0.0
7632370776934583565,tomdeals,2026-04-24,,No Transcript,0.0,0,53,1,0,1,1.887
7632370781166505230,tomdeals,2026-04-24,,No Transcript,0.0,0,18,1,0,1,5.556
7632370878604397837,tomdeals,2026-04-24,,No Transcript,0.0,0,33,1,0,1,3.03
7632375008521702669,buzz.finds,2026-04-24,,No Transcript,0.0,0,1167,0,0,0,0.0
7632375019007495438,buzz.finds,2026-04-24,,No Transcript,0.0,0,712,0,0,0,0.0
7632375062640774414,buzz.finds,2026-04-24,,No Transcript,0.0,0,93,0,0,0,0.0
7632381768624033055,itsmeimjamie,2026-04-24,,No Transcript,0.0,0,653,0,0,0,0.0
7632385451017522463,rubyfindsit,2026-04-24,,No Transcript,0.0,0,768,0,0,0,0.0
7632387385422138637,taradlifestyle13,2026-04-24,,No Transcript,0.0,0,1923,2,0,2,0.104
7632391020428135711,a.hernandez96_,2026-04-24,,No Transcript,0.0,0,715,1,0,1,0.14
7632391700119309581,readingsbyjessica,2026-04-24,,No Transcript,0.0,0,1083,4,0,4,0.369
7632392028805958943,a.hernandez96_,2026-04-24,,No Transcript,0.0,0,547,1,0,1,0.183
7632393514189360398,dang_it_mike,2026-04-24,,No Transcript,0.0,0,96,1,1,2,2.083
7632407755139124510,mikefromctown,2026-04-24,Finally got a chance to try the famous autobrush.,Personal Story / POV,0.0,0,1262,5,4,9,0.713
7632415144546520350,a.hernandez96_,2026-04-24,,No Transcript,0.0,0,657,1,0,1,0.152
7632418670328827167,thekiddealz,2026-04-24,,No Transcript,0.0,0,293,0,0,0,0.0
7632418680231546143,thekiddealz,2026-04-24,,No Transcript,0.0,0,40,0,0,0,0.0
7632418697121975583,thekiddealz,2026-04-24,,No Transcript,0.0,0,60,0,0,0,0.0
7632419447482928398,electricdealz,2026-04-24,,No Transcript,0.0,0,93,0,0,0,0.0
7632419487630773518,electricdealz,2026-04-24,,No Transcript,0.0,0,607,0,0,0,0.0
7632419488394120461,electricdealz,2026-04-24,,No Transcript,0.0,0,35,0,0,0,0.0
7632423661277941022,__rraacchheell_,2026-04-24,,No Transcript,0.0,0,704,7,1,8,1.136
7632438023568887071,tomdeals,2026-04-24,,No Transcript,0.0,0,7,1,0,1,14.286
7632438043697335582,tomdeals,2026-04-24,,No Transcript,0.0,0,17,0,0,0,0.0
7632438058691857695,tomdeals,2026-04-24,,No Transcript,0.0,0,6,0,0,0,0.0
7632446968983293197,buzz.finds,2026-04-24,,No Transcript,0.0,0,578,0,0,0,0.0
7632446978059685133,buzz.finds,2026-04-24,,No Transcript,0.0,0,37,0,0,0,0.0
7632446986909666573,buzz.finds,2026-04-24,,No Transcript,0.0,0,644,0,0,0,0.0
7632466788822813966,thenutrideals,2026-04-24,,No Transcript,0.0,0,767,0,0,0,0.0
7632471337226882335,branntski,2026-04-24,,No Transcript,0.0,0,910,3,0,3,0.33
7632491837802138910,drtt.lifestyle,2026-04-25,,No Transcript,0.0,0,1169,4,0,4,0.342
7632495032108338446,everydaydealz2,2026-04-25,,No Transcript,0.0,0,686,0,0,0,0.0
7632495775582309662,jamiseger,2026-04-25,,No Transcript,0.0,0,952,7,0,7,0.735
7632498590115499294,jostts15,2026-04-25,,No Transcript,0.0,0,774,1,0,1,0.129
7632513448428981517,odette_kifum,2026-04-25,,No Transcript,0.0,0,1480,3,0,3,0.203
7632520131255586079,shopwithstefanie,2026-04-25,,No Transcript,0.0,0,1055,5,0,5,0.474
7632522633354956062,shopwithstefanie,2026-04-25,,No Transcript,0.0,0,966,5,1,6,0.621
7632523231089528077,itza.taylor,2026-04-25,,No Transcript,0.0,0,1256,17,0,17,1.354
7632523684531440909,muuulaaa1,2026-04-25,,No Transcript,0.0,0,869,8,2,10,1.151
7632565806903201037,lizetestrada001,2026-04-25,Battallas para que tu hijo o hija se lave,Problem / Pain Point,0.0,0,1179,4,0,4,0.339
7632635606740274445,hopetaborrascoe,2026-04-25,,No Transcript,0.0,0,1222,11,1,12,0.982
7632644811064954126,houseofbrit,2026-04-28,Have those days where the last thing you feel,Direct Audience Call-Out,0.0,0,1742,8,0,8,0.459
7632654476570053902,diosmedyconsuegra0,2026-04-25,,No Transcript,0.0,0,799,9,1,10,1.252
7632675550007512351,cartoonbecky,2026-04-25,,No Transcript,0.0,0,811,7,1,8,0.986
7632692130510671117,triceedigital,2026-04-25,,No Transcript,0.0,0,666,1,0,1,0.15
7632708509787868447,__rraacchheell_,2026-04-25,Finally not fighting them to brush their teeth! We're,Social Proof / Testimonial,0.0,0,1618,6,0,6,0.371
7632713504650317070,sadimademebuyit,2026-04-25,,No Transcript,0.0,0,501,7,0,7,1.397
7632732772313877774,yaserdawood4,2026-04-25,تنظيف كامل للفم فقط 30 ثانية فقط. يحتوي على,Bold Claim / Benefit,0.0,0,1561,12,0,12,0.769
7632754747300187406,virgothesiren,2026-04-25,,No Transcript,0.0,0,726,0,0,0,0.0
7632784840634535199,wagsonthewater,2026-04-25,,No Transcript,0.0,0,855,1,3,4,0.468
7632795786958392590,gagadusty,2026-04-25,,No Transcript,0.0,0,266,1,0,1,0.376
7632804170457763102,anomalee33,2026-04-25,,No Transcript,0.0,0,1743,3,3,6,0.344
7632806822394563853,yavnyfinds,2026-04-25,,No Transcript,0.0,0,47,0,0,0,0.0
7632811531163553038,yavnyfinds,2026-04-25,,No Transcript,0.0,0,4,0,0,0,0.0
7632814437803511054,bhikaf0,2026-04-25,,No Transcript,0.0,0,249,6,2,8,3.213
7632828513216744718,churizma,2026-04-25,,No Transcript,0.0,0,832,10,0,10,1.202
7632837140828785934,qberryapproved,2026-04-25,,No Transcript,0.0,0,713,2,0,2,0.281
7632853342531669261,baaabita,2026-04-26,,No Transcript,0.0,0,621,9,3,12,1.932
7632864894068608269,,2026-04-26,,No Transcript,0.0,0,1192,1,0,1,0.084
7632877063795461406,bmoneys.finds,2026-04-26,,No Transcript,0.0,0,1047,0,0,0,0.0
7632881291930684703,rubyfindsit,2026-04-26,,No Transcript,0.0,0,3041,0,0,0,0.0
7632906033475751181,authenticallyaubz,2026-04-26,this is your sign to STOP fighting your kids,Direct Audience Call-Out,0.0,0,1113,7,0,7,0.629
7632911525589699870,so_now_what_,2026-04-26,,No Transcript,0.0,0,632,5,0,5,0.791
7632914304337071391,ez.claps09_,2026-04-26,,No Transcript,0.0,0,934,3,0,3,0.321
7632914516455542047,ez.claps09_,2026-04-26,,No Transcript,0.0,0,24102,7,2,9,0.037
7632914519458581791,ez.claps09_,2026-04-26,,No Transcript,0.0,0,1024,4,0,4,0.391
7632919625101004045,joe_ttshop,2026-04-26,,No Transcript,0.0,0,1172,5,0,5,0.427
7632924349212806414,.toumani33,2026-04-26,,No Transcript,0.0,0,572,0,0,0,0.0
7632924424903150862,.toumani33,2026-04-26,,No Transcript,0.0,0,848,4,0,4,0.472
7632924881264332045,.toumani33,2026-04-26,,No Transcript,0.0,0,580,4,0,4,0.69
7633038316140612878,yavnyfinds,2026-04-26,,No Transcript,0.0,0,223,1,0,1,0.448
7633038850792623373,yavnyfinds,2026-04-26,,No Transcript,0.0,0,83,1,0,1,1.205
7633091732829113614,thenutrideals,2026-04-26,,No Transcript,0.0,0,1026,0,0,0,0.0
7633109283210628365,triceedigital,2026-04-26,,No Transcript,0.0,0,1049,3,0,3,0.286
7633117351428312351,zoooooo483,2026-04-26,,No Transcript,0.0,0,914,8,3,11,1.204
7633134410799336735,comebackapril20th,2026-04-26,,No Transcript,0.0,0,539,0,0,0,0.0
7633136520827768077,bestiedealsdaily,2026-04-26,,No Transcript,0.0,0,1211,1,0,1,0.083
7633136944632827150,bestiedealsdaily,2026-04-26,,No Transcript,0.0,0,1148,0,0,0,0.0
7633137125038296334,bestiedealsdaily,2026-04-26,,No Transcript,0.0,0,945,0,0,0,0.0
7633138187723902222,bestiedealsdaily,2026-04-26,,No Transcript,0.0,0,1028,1,0,1,0.097
7633144974518865182,.toumani33,2026-04-27,,No Transcript,0.0,0,342,1,0,1,0.292
7633145018647170334,.toumani33,2026-04-27,,No Transcript,0.0,0,581,2,0,2,0.344
7633145066164391199,.toumani33,2026-04-27,,No Transcript,0.0,0,614,2,0,2,0.326
7633146810328042783,ez.claps09_,2026-04-27,,No Transcript,0.0,0,932,1,0,1,0.107
7633146867668258079,ez.claps09_,2026-04-27,,No Transcript,0.0,0,1208,4,0,4,0.331
7633146913121930526,ez.claps09_,2026-04-27,,No Transcript,0.0,0,910,2,0,2,0.22
7633190207940070670,dalanisiaraa,2026-04-26,,No Transcript,0.0,0,474,3,0,3,0.633
7633190719577984287,malandtheminions,2026-04-26,,No Transcript,0.0,0,960,2,0,2,0.208
7633190816357338381,dalanisiaraa,2026-04-26,,No Transcript,0.0,0,1184,3,0,3,0.253
7633191356172684558,dalanisiaraa,2026-04-26,,No Transcript,0.0,0,977,3,0,3,0.307
7633199463565135118,ktmcooks,2026-04-26,,No Transcript,0.0,0,828,19,0,19,2.295
7633224346026200351,hushonetime,2026-04-27,,No Transcript,0.0,0,156,4,0,4,2.564
7633232556632165662,juicydealss,2026-04-27,,No Transcript,0.0,0,3270,2,1,3,0.092
7633236463508868366,minimalmess0,2026-04-27,,No Transcript,0.0,0,1215,2,1,3,0.247
7633247784002538782,starlight728725,2026-04-27,,No Transcript,0.0,0,581,4,0,4,0.688
7633249978609159437,maydollischacon,2026-04-27,,No Transcript,0.0,0,445,5,4,9,2.022
7633262377051507999,shopsmart2809,2026-04-27,,No Transcript,0.0,0,865,1,0,1,0.116
7633285291008085262,lautiktokshop,2026-04-27,,No Transcript,0.0,0,553,15,5,20,3.617
7633290210398260511,favoritefavoritefind,2026-04-27,,No Transcript,0.0,0,481,0,0,0,0.0
7633293751623929102,taradlifestyle13,2026-04-27,,No Transcript,0.0,0,969,2,1,3,0.31
7633297725978725645,karinahendrich,2026-04-27,,No Transcript,0.0,0,385,6,1,7,1.818
7633309499989789966,oldtincantts,2026-04-27,,No Transcript,0.0,0,947,2,0,2,0.211
7633316217708678414,karinacanseco,2026-04-27,,No Transcript,0.0,0,191,8,4,12,6.283
7633319302350785805,karinacanseco,2026-04-26,,No Transcript,0.0,0,1,0,0,0,0.0
7633383682425769230,dancewithmeladie,2026-04-27,,No Transcript,0.0,0,1780,8,0,8,0.449
7633407626381921567,charleysmom14,2026-04-27,,No Transcript,0.0,0,566,1,0,1,0.177
7633424235154754846,bellemimise,2026-04-27,,No Transcript,0.0,0,299,22,1,23,7.692
7633427628199873806,yavnyfinds,2026-04-27,,No Transcript,0.0,0,121,0,0,0,0.0
7633427710123068686,chelsea_romero2,2026-04-27,,No Transcript,0.0,0,609,2,0,2,0.328
7633470981255744781,brendabchristopher,2026-04-27,,No Transcript,0.0,0,1253,14,7,21,1.676
7633489073247767838,lovelyss_living,2026-04-27,"Now, this has definitely been a game changer when",Social Proof / Testimonial,0.0,0,1347,6,0,6,0.445
7633490848000281887,lashareeamour,2026-05-01,,No Transcript,0.0,0,813,1,0,1,0.123
7633498509458623757,bigsavingshop,2026-04-27,,No Transcript,0.0,0,1038,0,0,0,0.0
7633505209922161950,rubyfindsit,2026-04-27,,No Transcript,0.0,0,1516,0,0,0,0.0
7633530293122534687,branntski,2026-04-27,I just woke up to the Autobrush Sonic Pro,Personal Story / POV,0.0,0,1104,2,0,2,0.181
7633530713127587102,bmoneys.finds,2026-04-27,,No Transcript,0.0,0,1876,1,0,1,0.053
7633539781661576462,pineapplefinds1,2026-04-27,,No Transcript,0.0,0,1000,0,0,0,0.0
7633552546665155871,hopeerip,2026-04-27,,No Transcript,0.0,0,1469,2,0,2,0.136
7633556569501781262,dalanisiaraa,2026-04-27,,No Transcript,0.0,0,332,1,0,1,0.301
7633557972299386125,dalanisiaraa,2026-04-27,,No Transcript,0.0,0,338,5,0,5,1.479
7633561315604270366,samy_houstonlovebosna,2026-04-27,,No Transcript,0.0,0,1517,57,57,114,7.515
7633569028195339533,jessiegurl1313,2026-04-27,,No Transcript,0.0,0,1478,16,11,27,1.827
7633569544212155679,ez.claps09_,2026-04-28,,No Transcript,0.0,0,954,4,0,4,0.419
7633569562662898975,ez.claps09_,2026-04-28,,No Transcript,0.0,0,986,2,0,2,0.203
7633594124481940749,dumaspartyof9,2026-04-28,,No Transcript,0.0,0,660,20,24,44,6.667
7633614730099248415,ugh.sam2,2026-04-28,,No Transcript,0.0,0,643,2,0,2,0.311
7633616200433437982,shopwitjr,2026-04-28,,No Transcript,0.0,0,1277,3,0,3,0.235
7633618272398707999,graham_holly,2026-04-28,,No Transcript,0.0,0,561,18,0,18,3.209
7633634259772771597,juicydealss,2026-04-28,,No Transcript,0.0,0,603,0,0,0,0.0
7633637465470815502,joe_ttshop,2026-04-28,,No Transcript,0.0,0,562,3,0,3,0.534
7633637747743378701,sandrorussor,2026-04-28,,No Transcript,0.0,0,405,4,0,4,0.988
7633648090766953759,serenalynnfields,2026-04-28,This is the hack if your kids don't like,Curiosity / Open Loop,0.0,0,3326,8,1,9,0.271
7633652218385796383,su_nee_ta7,2026-04-28,,No Transcript,0.0,0,46,7,0,7,15.217
7633668626578427166,.toumani33,2026-04-28,,No Transcript,0.0,0,611,1,0,1,0.164
7633669357217778974,.toumani33,2026-04-29,,No Transcript,0.0,0,596,1,0,1,0.168
7633699344931130655,favoritefavoritefind,2026-04-29,,No Transcript,0.0,0,305,0,0,0,0.0
7633731958077508878,karinacanseco,2026-04-28,,No Transcript,0.0,0,814,2,0,2,0.246
7633773824961498382,pineapplefinds1,2026-04-28,,No Transcript,0.0,0,694,2,0,2,0.288
7633779177853897997,bigsavingshop,2026-04-28,,No Transcript,0.0,0,574,0,0,0,0.0
7633783663829863694,yavnyfinds,2026-04-28,,No Transcript,0.0,0,762,2,1,3,0.394
7633798762346974495,roselabele02,2026-04-28,,No Transcript,0.0,0,1280,2,0,2,0.156
7633817036455546125,savingwithdeals,2026-04-28,,No Transcript,0.0,0,1120,1,0,1,0.089
7633818240455560478,,2026-04-28,,No Transcript,0.0,0,1285,2,0,2,0.156
7633828091432799518,musthavecollective,2026-04-28,,No Transcript,0.0,0,554,0,0,0,0.0
7633830529640467726,arielle.evans95,2026-04-28,,No Transcript,0.0,0,713,0,0,0,0.0
7633830846771760415,discountsrus,2026-04-28,,No Transcript,0.0,0,656,1,0,1,0.152
7633830886085037343,discountsrus,2026-04-28,,No Transcript,0.0,0,1397,1,0,1,0.072
7633831011003960607,discountsrus,2026-04-28,,No Transcript,0.0,0,936,0,0,0,0.0
7633844931701820685,triceedigital,2026-04-28,,No Transcript,0.0,0,225,1,0,1,0.444
7633846005951122719,larrysshop25,2026-04-28,,No Transcript,0.0,0,459,3,0,3,0.654
7633847044230204702,buddythedoggy3,2026-04-28,,No Transcript,0.0,0,881,0,0,0,0.0
7633847763389762830,iclouincych,2026-04-28,,No Transcript,0.0,0,416,1,0,1,0.24
7633847785128791326,ez.claps09_,2026-04-29,,No Transcript,0.0,0,1315,1,0,1,0.076
7633847872500321566,ez.claps09_,2026-04-29,,No Transcript,0.0,0,1416,1,0,1,0.071
7633848193607912717,iclouincych,2026-04-28,,No Transcript,0.0,0,723,0,0,0,0.0
7633854555138034974,user1602111954093,2026-04-28,,No Transcript,0.0,0,185,11,4,15,8.108
7633859065738792222,suntannedtoes,2026-04-28,,No Transcript,0.0,0,959,2,2,4,0.417
7633874233315052830,coralfindstt,2026-04-28,,No Transcript,0.0,0,1257,1,0,1,0.08
7633876484742024478,unmarkedbox,2026-04-28,,No Transcript,0.0,0,1874,7,0,7,0.374
7633878479322221854,anjupatel42,2026-04-28,,No Transcript,0.0,0,441,4,0,4,0.907
7633884576770772254,crazynaturevideos,2026-04-28,,No Transcript,0.0,0,1455,3,0,3,0.206
7633884621851200799,crazynaturevideos,2026-04-28,,No Transcript,0.0,0,1104,0,0,0,0.0
7633884625424616735,crazynaturevideos,2026-04-28,,No Transcript,0.0,0,1208,2,0,2,0.166
7633888161411714317,peacebeautyproductreview,2026-04-28,,No Transcript,0.0,0,583,81,21,102,17.496
7633901511008898334,,2026-04-28,,No Transcript,0.0,0,2360,1,0,1,0.042
7633902429863464205,amyharrison113,2026-04-28,,No Transcript,0.0,0,1263,38,28,66,5.226
7633905070215548173,jen12980,2026-04-28,,No Transcript,0.0,0,3824,9,0,9,0.235
7633921529046125837,thesimplifiedceo,2026-04-28,MY SON WANTS TO BRUSH HIS TEETH NOW TAKE,Social Proof / Testimonial,0.0,0,1579,10,5,15,0.95
7633937208789028126,discountsrus,2026-04-28,,No Transcript,0.0,0,811,0,0,0,0.0
7633937239025683742,discountsrus,2026-04-28,,No Transcript,0.0,0,852,0,0,0,0.0
7633937251453504799,discountsrus,2026-04-28,,No Transcript,0.0,0,627,0,0,0,0.0
7633940981603126541,jen12980,2026-04-28,,No Transcript,0.0,0,1660,15,0,15,0.904
7633945824543640846,momslifeof5,2026-04-28,,No Transcript,0.0,0,1228,11,2,13,1.059
7633959059288378637,_.jaaniiece,2026-04-28,,No Transcript,0.0,0,542,16,0,16,2.952
7633963776395480351,tanatokfinds,2026-04-28,,No Transcript,0.0,0,1330,17,5,22,1.654
7633968017185000734,johnsshop24,2026-04-29,,No Transcript,0.0,0,3593,2,0,2,0.056
7633971570435820830,empoweredwithmel,2026-04-30,I just checked my account and saw that I,Personal Story / POV,0.0,0,1510,5,4,9,0.596
7633983683686305037,giigii_fashion,2026-04-29,,No Transcript,0.0,0,580,4,0,4,0.69
7633984428317986078,.toumani33,2026-04-29,,No Transcript,0.0,0,413,0,0,0,0.0
7633984539462864141,giigii_fashion,2026-04-29,,No Transcript,0.0,0,191,3,1,4,2.094
7633987734511652127,anjupatel42,2026-04-29,,No Transcript,0.0,0,37,2,0,2,5.405
7633993322536717582,freshdailydealz,2026-04-29,,No Transcript,0.0,0,716,0,0,0,0.0
7634002482720443679,.toumani33,2026-04-29,,No Transcript,0.0,0,236,1,0,1,0.424
7634006273071123742,sparklewithamberraye,2026-04-29,,No Transcript,0.0,0,1088,10,2,12,1.103
7634052174112197901,sandysummers94,2026-04-29,,No Transcript,0.0,0,1098,7,1,8,0.729
7634068299155803423,.neuroedge,2026-04-29,,No Transcript,0.0,0,1631,1,0,1,0.061
7634126813081406734,karinacanseco,2026-04-29,,No Transcript,0.0,0,508,3,0,3,0.591
7634149680795979022,buddythedoggy3,2026-04-29,,No Transcript,0.0,0,1195,1,0,1,0.084
7634149977853316366,thenutrideals,2026-04-29,,No Transcript,0.0,0,1215,0,0,0,0.0
7634151109178723597,iclouincych,2026-04-29,,No Transcript,0.0,0,534,0,0,0,0.0
7634179039845977374,unmarkedbox,2026-04-29,Why is everyone gatekeeping this Whole mouth toothbrush 🤨,Question,0.0,0,1297,8,0,8,0.617
7634191343236992269,brookeeh00,2026-04-29,,No Transcript,0.0,0,1061,1,2,3,0.283
7634207454435233037,maydollischacon,2026-04-29,,No Transcript,0.0,0,273,4,0,4,1.465
7634212921609850142,melissa.1647,2026-04-29,,No Transcript,0.0,0,1962,14,17,31,1.58
7634214311820332319,,2026-04-29,,No Transcript,0.0,0,1322,1,0,1,0.076
7634214820350315790,puzzled1212,2026-04-29,,No Transcript,0.0,0,1015,1,0,1,0.099
7634221482733800734,shopsmart2809,2026-04-29,,No Transcript,0.0,0,789,0,0,0,0.0
7634223687012519199,allynsdeals,2026-04-29,Now that the Summer is almost here the Autobrush,Offer / Deal / Urgency,0.0,0,1499,1,0,1,0.067
7634240212603866399,iclouincych,2026-04-29,,No Transcript,0.0,0,431,0,0,0,0.0
7634260147979783438,sharonownbey3,2026-04-29,Throw away your old toothbrush. I'm going to try,Shock / Warning / Pattern Interrupt,0.0,0,1153,8,3,11,0.954
7634294091202743566,kimberlylovesshopping,2026-04-29,,No Transcript,0.0,0,1308,3,1,4,0.306
7634294186686156062,.neuroedge,2026-04-29,Being too lazy to brush your teeth is not,Problem / Pain Point,0.0,0,1659,5,0,5,0.301
7634295631116307725,dalanisiaraa,2026-04-29,,No Transcript,0.0,0,622,3,0,3,0.482
7634303046494735630,naptownjj50,2026-04-29,Auto brush fire I got a treat for y'all.,Bold Claim / Benefit,0.0,0,1022,2,2,4,0.391
7634308363714678046,eylencubanita,2026-04-29,,No Transcript,0.0,0,58,3,1,4,6.897
7634310798449429774,naptownjj50,2026-04-29,,No Transcript,0.0,0,945,10,0,10,1.058
7634350188366220558,jessriotmedia,2026-04-30,I'm gonna wet this and I did the bacteria,Demo / Product Intro,0.0,0,1105,4,0,4,0.362
7634355238937333022,brittanypaigeyugc,2026-04-30,,No Transcript,0.0,0,1165,0,0,0,0.0
7634357820896415006,dealvoyager,2026-04-30,,No Transcript,0.0,0,830,0,0,0,0.0
7634362633885469965,jaythegringo,2026-04-30,,No Transcript,0.0,0,614,1,0,1,0.163
7634363678124559630,theunstuckmama,2026-04-30,,No Transcript,0.0,0,850,2,0,2,0.235
7634367618815642910,brittanypaigeyugc,2026-04-30,,No Transcript,0.0,0,57,1,0,1,1.754
7634368527771634958,pineapplefinds1,2026-04-30,,No Transcript,0.0,0,775,0,0,0,0.0
7634370508275993869,ktmcooks,2026-04-30,,No Transcript,0.0,0,2026,33,6,39,1.925
7634382852183903502,brandon.thornburg1,2026-04-30,,No Transcript,0.0,0,791,14,2,16,2.023
7634387869246737677,maydollischacon,2026-04-30,,No Transcript,0.0,0,886,5,0,5,0.564
7634397111827713293,maydollischacon,2026-04-30,,No Transcript,0.0,0,730,4,0,4,0.548
7634405125607427341,melodygraham912,2026-04-30,,No Transcript,0.0,0,1920,6,0,6,0.312
7634422552961600781,whirlwindwhitney,2026-04-30,,No Transcript,0.0,0,2924,17,0,17,0.581
7634424743013207310,alvaradosandra27,2026-04-30,,No Transcript,0.0,0,1818,5,0,5,0.275
7634441611438476575,dealsection,2026-04-30,,No Transcript,0.0,0,794,0,0,0,0.0
7634444811449273631,dealsection,2026-04-30,,No Transcript,0.0,0,938,0,0,0,0.0
7634445131696917790,dealvoyager,2026-04-30,,No Transcript,0.0,0,571,0,0,0,0.0
7634446428374306079,dealvoyager,2026-04-30,,No Transcript,0.0,0,593,0,0,0,0.0
7634447753526988062,dealsection,2026-04-30,,No Transcript,0.0,0,1205,0,0,0,0.0
7634489252474015006,yiyaoyy75,2026-05-03,,No Transcript,0.0,0,558,2,0,2,0.358
7634521048066575646,thenutrideals,2026-04-30,,No Transcript,0.0,0,1093,0,0,0,0.0
7634541855098621198,dang_it_mike,2026-04-30,,No Transcript,0.0,0,163,0,0,0,0.0
7634546008038444318,hey.greggie,2026-04-30,,No Transcript,0.0,0,1366,0,0,0,0.0
7634558495072750862,whirlwindwhitney,2026-04-30,,No Transcript,0.0,0,1564,11,2,13,0.831
7634571957580598541,thenutrideals,2026-04-30,,No Transcript,0.0,0,1115,0,0,0,0.0
7634571972894084366,thenutrideals,2026-04-30,,No Transcript,0.0,0,1450,0,0,0,0.0
7634588935724748062,shopwithbird,2026-04-30,,No Transcript,0.0,0,1156,0,0,0,0.0
7634601102872235295,comebackapril20th,2026-04-30,Turns out the hype died and now the Kids,Offer / Deal / Urgency,0.0,0,1052,1,0,1,0.095
7634619515094977823,shopwithronnie,2026-04-30,,No Transcript,0.0,0,2379,1,0,1,0.042
7634621902459342093,ttshopfinds777,2026-04-30,,No Transcript,0.0,0,1474,5,1,6,0.407
7634625745565781261,wwwmiriam78,2026-04-30,,No Transcript,0.0,0,716,6,1,7,0.978
7634629373563243789,maydollischacon,2026-04-30,,No Transcript,0.0,0,457,4,0,4,0.875
7634633857395871007,bpsdailydeals,2026-04-30,,No Transcript,0.0,0,1010,2,0,2,0.198
7634634132991020318,rubyfindsit,2026-04-30,,No Transcript,0.0,0,681,0,0,0,0.0
7634639067375799566,ttshopfinds777,2026-04-30,,No Transcript,0.0,0,965,1,0,1,0.104
7634642572668849439,georgia_peach0921,2026-04-30,I just got this autobrush for my pre-teen daughter.,Personal Story / POV,0.0,0,1140,2,1,3,0.263
7634649838864321805,freshdailydealz,2026-04-30,,No Transcript,0.0,0,1518,1,1,2,0.132
7634670622060154125,cjeansonne,2026-04-30,,No Transcript,0.0,0,9,0,0,0,0.0
7634678256876162334,inotcarley,2026-04-30,,No Transcript,0.0,0,717,4,1,5,0.697
7634693077730430239,bradgamez,2026-04-30,ENDS TONIGHT 🚨 Here's how to get this on,Offer / Deal / Urgency,0.0,0,1521,3,0,3,0.197
7634716782682541325,franciscop241,2026-05-01,,No Transcript,0.0,0,874,3,0,3,0.343
7634717423903477022,shopwithronnie,2026-05-01,,No Transcript,0.0,0,954,0,0,0,0.0
7634722714405719309,ttshopfinds777,2026-05-01,Makes brushing teeth FUN,Bold Claim / Benefit,0.0,0,2377,13,3,16,0.673
7634724810207055117,cjeansonne,2026-05-01,,No Transcript,0.0,0,257,15,3,18,7.004
7634732724598689054,healthymamaj,2026-05-01,,No Transcript,0.0,0,1226,0,0,0,0.0
7634766989235457294,livingfreewithqueen,2026-05-01,,No Transcript,0.0,0,1227,4,0,4,0.326
7634829944467492126,dealvoyager,2026-05-01,,No Transcript,0.0,0,813,0,0,0,0.0
7634832059831274782,dealvoyager,2026-05-01,,No Transcript,0.0,0,728,0,0,0,0.0
7634834094819511583,dealvoyager,2026-05-01,,No Transcript,0.0,0,769,0,0,0,0.0
7634857202116742413,juangonzalezajanel,2026-05-01,,No Transcript,0.0,0,1450,3,0,3,0.207
7634881953904233758,alchemistvibes369,2026-05-01,,No Transcript,0.0,0,1317,9,13,22,1.67
7634906742341553422,natalieseanie13,2026-05-01,,No Transcript,0.0,0,1710,5,1,6,0.351
7634918340674243871,a.j_reviews,2026-05-01,,No Transcript,0.0,0,1223,2,0,2,0.164
7634932065552600333,buddythedoggy3,2026-05-01,,No Transcript,0.0,0,4674,0,0,0,0.0
7634932163787427086,n2witchin,2026-05-01,,No Transcript,0.0,0,1413,3,0,3,0.212
7634947146134981918,so_now_what_,2026-05-01,,No Transcript,0.0,0,351,2,0,2,0.57
7634953206010809631,mangoshopping1,2026-05-01,,No Transcript,0.0,0,1041,4,0,4,0.384
7634953562799295775,mangoshopping1,2026-05-01,,No Transcript,0.0,0,650,1,0,1,0.154
7634961511861030158,bhikaf0,2026-05-01,,No Transcript,0.0,0,184,3,1,4,2.174
7634966167496576270,teetriedit,2026-05-01,,No Transcript,0.0,0,884,7,2,9,1.018
7635019344954576159,homegrowndeals,2026-05-01,,No Transcript,0.0,0,1036,1,0,1,0.097
7635053438296018190,allybunz8,2026-05-01,,No Transcript,0.0,0,1295,5,0,5,0.386
7635066919766347039,bmoneys.finds,2026-05-01,,No Transcript,0.0,0,1248,1,0,1,0.08
7635085830805064974,zoetheyogarealtor,2026-05-02,,No Transcript,0.0,0,379,0,0,0,0.0
7635093160858750238,brittanypaigeyugc,2026-05-02,,No Transcript,0.0,0,750,0,0,0,0.0
7635094792761789726,dealvoyager,2026-05-02,,No Transcript,0.0,0,643,0,0,0,0.0
7635097215060512014,whirlwindwhitney,2026-05-02,,No Transcript,0.0,0,1256,5,0,5,0.398
7635100085411450142,dealvoyager,2026-05-02,,No Transcript,0.0,0,591,0,0,0,0.0
7635101325394496782,puzzled1212,2026-05-02,,No Transcript,0.0,0,1145,0,0,0,0.0
7635112215456091422,any_guillen7,2026-05-02,,No Transcript,0.0,0,1576,10,0,10,0.635
7635114097998155021,christinekil16,2026-05-02,,No Transcript,0.0,0,910,5,1,6,0.659
7635114513016081677,minimarslife,2026-05-02,,No Transcript,0.0,0,2022,3,0,3,0.148
7635117455257521422,minimarslife,2026-05-02,,No Transcript,0.0,0,2934,10,0,10,0.341
7635117987137129759,ethel.velasquez3,2026-05-02,,No Transcript,0.0,0,725,4,2,6,0.828
7635118109355003166,any_guillen7,2026-05-02,,No Transcript,0.0,0,1311,5,1,6,0.458
7635124987178880287,any_guillen7,2026-05-01,,No Transcript,0.0,0,1,0,0,0,0.0
7635130295200517389,shopwithmariann,2026-05-02,,No Transcript,0.0,0,845,13,3,16,1.893
7635133753387470093,maydollischacon,2026-05-02,,No Transcript,0.0,0,62,3,0,3,4.839
7635137487668563231,dealsection,2026-05-02,,No Transcript,0.0,0,1104,0,0,0,0.0
7635138755858320671,dealsection,2026-05-02,,No Transcript,0.0,0,1207,0,0,0,0.0
7635139803557809438,shanniesayz,2026-05-02,,No Transcript,0.0,0,769,1,0,1,0.13
7635151504457977119,thementalloadedit,2026-05-02,,No Transcript,0.0,0,805,1,0,1,0.124
7635151516336213261,ttsgoldenfinds,2026-05-02,never have to brush your teeth again... autobrush Autobrush,Bold Claim / Benefit,0.0,0,1127,0,0,0,0.0
7635156726450359583,jessemurch,2026-05-02,,No Transcript,0.0,0,2129,9,0,9,0.423
7635184134939233566,dealsection,2026-05-02,,No Transcript,0.0,0,1654,1,0,1,0.06
7635257735608536351,larrysshop25,2026-05-02,,No Transcript,0.0,0,704,1,0,1,0.142
7635257981742976286,larrysshop25,2026-05-02,,No Transcript,0.0,0,498,0,0,0,0.0
7635274635956817165,authenticallyaubz,2026-05-02,No more fighting the battle is over. Is it,Problem / Pain Point,0.0,0,1099,6,3,9,0.819
7635279304921746701,kenziefordham,2026-05-02,No more fighting every morning. You will either get,Problem / Pain Point,0.0,0,1151,1,0,1,0.087
7635283658902932749,glamwithtamd,2026-05-02,,No Transcript,0.0,0,605,4,0,4,0.661
7635303427110735135,healthymamaj,2026-05-02,,No Transcript,0.0,0,1,0,0,0,0.0
7635305102152109342,healthymamaj,2026-05-02,,No Transcript,0.0,0,1097,0,0,0,0.0
7635307253481934110,martinezzz5o3,2026-05-02,,No Transcript,0.0,0,1091,3,0,3,0.275
7635309960959675661,yoctownsfinest,2026-05-02,,No Transcript,0.0,0,661,0,0,0,0.0
7635325474889157901,thenutrideals,2026-05-02,,No Transcript,0.0,0,1252,0,0,0,0.0
7635328254353640734,chris_reviews_it,2026-05-02,,No Transcript,0.0,0,2433,1,0,1,0.041
7635340908426235166,mangoshopping1,2026-05-02,,No Transcript,0.0,0,624,1,0,1,0.16
7635343074218020127,zaigilhernandez,2026-05-03,,No Transcript,0.0,0,471,1,0,1,0.212
7635344646855593246,sauvignonsavage,2026-05-02,,No Transcript,0.0,0,2891,5,1,6,0.208
7635344904033471775,mangoshopping1,2026-05-02,This is going to be the last day to,Offer / Deal / Urgency,0.0,0,2181,2,0,2,0.092
7635354019409431822,franklin_thebulldog,2026-05-02,"Thank you Whoever posted about these Autobrush, I'm literally",Social Proof / Testimonial,0.0,0,2989,4,7,11,0.368
7635361022999629087,larrysshop25,2026-05-02,,No Transcript,0.0,0,493,0,0,0,0.0
7635363920223489293,pineapplefinds1,2026-05-02,,No Transcript,0.0,0,2048,1,0,1,0.049
7635365961738063118,pineapplefinds1,2026-05-03,,No Transcript,0.0,0,1520,1,0,1,0.066
7635372867521088798,lovelyss_living,2026-05-02,,No Transcript,0.0,0,1096,4,0,4,0.365
7635376252123106591,jannelle1982,2026-05-02,,No Transcript,0.0,0,1,0,0,0,0.0
7635377441535429902,triceedigital,2026-05-02,,No Transcript,0.0,0,649,0,0,0,0.0
7635380568854777102,dakota.rolka,2026-05-02,,No Transcript,0.0,0,1712,3,0,3,0.175
7635397363611323661,glowglamwithshugufa,2026-05-02,,No Transcript,0.0,0,1,0,0,0,0.0
7635398827599613198,glamwithtamd,2026-05-02,,No Transcript,0.0,0,482,5,1,6,1.245
7635400987708001550,glamwithtamd,2026-05-02,,No Transcript,0.0,0,729,3,0,3,0.412
7635416895524556063,comebackapril20th,2026-05-02,,No Transcript,0.0,0,477,0,0,0,0.0
7635417312052415775,comebackapril20th,2026-05-02,,No Transcript,0.0,0,613,0,0,0,0.0
7635418945519914253,bpsdailydeals,2026-05-02,,No Transcript,0.0,0,1650,0,0,0,0.0
7635422094246890783,rosedeals0,2026-05-02,,No Transcript,0.0,0,768,1,0,1,0.13
7635422359473622303,rubyfindsit,2026-05-02,,No Transcript,0.0,0,283,0,0,0,0.0
7635423123566791966,rosedeals0,2026-05-02,,No Transcript,0.0,0,1243,2,0,2,0.161
7635423640057646366,rubyfindsit,2026-05-02,,No Transcript,0.0,0,1163,1,0,1,0.086
7635423953242033438,wagsonthewater,2026-05-02,,No Transcript,0.0,0,948,0,0,0,0.0
7635432670868147486,coatthegoat,2026-05-02,,No Transcript,0.0,0,2280,1,0,1,0.044
7635437141018840334,lalabunny90,2026-05-02,,No Transcript,0.0,0,40,1,0,1,2.5
7635439148928683277,lalabunny90,2026-05-02,,No Transcript,0.0,0,657,1,0,1,0.152
7635449421714574623,bmoneys.finds,2026-05-03,,No Transcript,0.0,0,932,1,0,1,0.107
7635467302443420942,maydollischacon,2026-05-03,,No Transcript,0.0,0,120,3,0,3,2.5
7635467888765193485,qberryapproved,2026-05-02,,No Transcript,0.0,0,1,0,0,0,0.0
7635488473239047437,hopetaborrascoe,2026-05-03,,No Transcript,0.0,0,1410,11,5,16,1.135
7635489348988783886,maydollischacon,2026-05-03,,No Transcript,0.0,0,622,5,0,5,0.804
7635502381421186317,rae.meaux,2026-05-03,,No Transcript,0.0,0,633,2,0,2,0.316
7635505148265123103,glowwithjessie2,2026-05-02,,No Transcript,0.0,0,18,0,0,0,0.0
7635509200239480077,shanniesayz,2026-05-03,,No Transcript,0.0,0,409,1,0,1,0.244
7635534925453708557,,2026-05-03,,No Transcript,0.0,0,165,5,1,6,3.636
7635598339802696974,qberryapproved,2026-05-03,,No Transcript,0.0,0,251,5,0,5,1.992
7635620647300861215,glitteryglowy,2026-05-03,,No Transcript,0.0,0,323,4,0,4,1.238
7635628902550949151,glitteryglowy,2026-05-03,,No Transcript,0.0,0,366,3,2,5,1.366
7635634056834600223,bigsavingshop,2026-05-03,,No Transcript,0.0,0,1070,0,0,0,0.0
7635634110882417951,bigsavingshop,2026-05-03,,No Transcript,0.0,0,1646,0,0,0,0.0
7635660226854718734,tomcat.shops,2026-05-03,,No Transcript,0.0,0,1210,0,0,0,0.0
7635664299905600799,branntski,2026-05-03,Anyone else grabbing the Autobrush Sonic Pro Bundle since,Social Proof / Testimonial,0.0,0,1108,1,0,1,0.09
7635664890451070238,branntski,2026-05-03,,No Transcript,0.0,0,974,2,0,2,0.205
7635666290140548382,chris_reviews_it,2026-05-03,,No Transcript,0.0,0,1542,1,0,1,0.065
7635673496412015886,franklin_thebulldog,2026-05-03,,No Transcript,0.0,0,2266,5,1,6,0.265
7635708796031044878,triceedigital,2026-05-03,,No Transcript,0.0,0,551,2,0,2,0.363
7635734290763975949,glamwithtamd,2026-05-03,,No Transcript,0.0,0,312,3,0,3,0.962
7635735871668374814,yasmelypadillarey,2026-05-03,,No Transcript,0.0,0,1251,60,18,78,6.235
7635737325036703006,georgia_peach0921,2026-05-03,,No Transcript,0.0,0,640,1,0,1,0.156
7635740963780054303,shutupandpuppet,2026-05-03,,No Transcript,0.0,0,2952,3,1,4,0.136
7635742391118351629,srijanabhandari201,2026-05-03,,No Transcript,0.0,0,187,16,3,19,10.16
7635742755351842062,srijanabhandari201,2026-05-03,,No Transcript,0.0,0,252,20,7,27,10.714
7635751224721018142,odaisycabrera0807,2026-05-03,,No Transcript,0.0,0,332,20,2,22,6.627
7635756231788858654,miralo_si,2026-05-03,,No Transcript,0.0,0,739,4,3,7,0.947
7635761774255541534,marilumakeeup,2026-05-03,,No Transcript,0.0,0,707,13,0,13,1.839
7635781136605678879,soydanytg,2026-05-03,,No Transcript,0.0,0,736,1,0,1,0.136
7635784421093723423,rosedeals0,2026-05-03,,No Transcript,0.0,0,807,1,0,1,0.124
7635784687746665741,sandrorussor,2026-05-05,,No Transcript,0.0,0,878,8,4,12,1.367
7635789458817731871,rosedeals0,2026-05-03,,No Transcript,0.0,0,609,0,0,0,0.0
7635789883453312286,andresybrenda02,2026-05-03,,No Transcript,0.0,0,3414,34,0,34,0.996
7635790141398797598,_findsbymike,2026-05-03,,No Transcript,0.0,0,605,0,0,0,0.0
7635790558903946526,soydanytg,2026-05-03,Vibrate. And yes you're thinking but that's not it.,Curiosity / Open Loop,0.0,0,2364,6,0,6,0.254
7635793817102208269,queenyfindss,2026-05-03,,No Transcript,0.0,0,839,2,0,2,0.238
7635794711688613133,queenyfindss,2026-05-03,,No Transcript,0.0,0,1159,3,0,3,0.259
7635796231498861855,lulumamaof2,2026-05-03,,No Transcript,0.0,0,843,9,2,11,1.305
7635804262152375565,leeda2000,2026-05-06,,No Transcript,0.0,0,1134,7,0,7,0.617
7635809196100881678,wendypaz970,2026-05-03,,No Transcript,0.0,0,183,6,3,9,4.918
7635811386894912781,wendypaz970,2026-05-03,,No Transcript,0.0,0,150,3,0,3,2.0
7635821548326161695,shannonsknight,2026-05-04,,No Transcript,0.0,0,548,10,1,11,2.007
7635821953110052109,absedgwick,2026-05-04,,No Transcript,0.0,0,762,2,0,2,0.262
7635836206491749646,veronicacastro7710,2026-05-04,,No Transcript,0.0,0,320,7,0,7,2.188
7635841757342715150,ktmcooks,2026-05-04,,No Transcript,0.0,0,1224,16,6,22,1.797
7635843549078015245,absedgwick,2026-05-04,,No Transcript,0.0,0,1001,1,0,1,0.1
7635847075141274911,feraltwinmama,2026-05-04,,No Transcript,0.0,0,1396,23,0,23,1.648
7635850746302401823,dealvoyager,2026-05-04,,No Transcript,0.0,0,91,0,0,0,0.0
7635851232753634590,dealsection,2026-05-04,,No Transcript,0.0,0,245,0,0,0,0.0
7635858882111311135,dealvoyager,2026-05-04,,No Transcript,0.0,0,81,0,0,0,0.0
7635861542076042526,dealsection,2026-05-04,,No Transcript,0.0,0,340,0,0,0,0.0
7635862083510308110,sarahbelleworkingmomof3,2026-05-04,,No Transcript,0.0,0,2166,11,0,11,0.508
7635863563386555679,dealsection,2026-05-04,,No Transcript,0.0,0,253,0,0,0,0.0
7635863889636330782,dealvoyager,2026-05-04,,No Transcript,0.0,0,115,0,0,0,0.0
7635868763983711501,glowglamwithshugufa,2026-05-04,,No Transcript,0.0,0,642,24,11,35,5.452
7635874373563387166,madebyanap,2026-05-04,,No Transcript,0.0,0,104,0,0,0,0.0
7635875481677581598,madebyanap,2026-05-04,,No Transcript,0.0,0,120,2,0,2,1.667
7635875808170577183,bmoneys.finds,2026-05-04,Turns out the hype died and now the Autobrush,Offer / Deal / Urgency,0.0,0,2691,1,0,1,0.037
7635875947358571806,madebyanap,2026-05-04,,No Transcript,0.0,0,89,2,0,2,2.247
7635893509500767501,prettyyami.i,2026-05-04,,No Transcript,0.0,0,831,2,0,2,0.241
7635909802270412046,jayytezz,2026-05-04,,No Transcript,0.0,0,5276,13,2,15,0.284
7635923581540535582,jncturbo,2026-05-04,,No Transcript,0.0,0,1276,8,1,9,0.705
7635935795391581470,jayytezz,2026-05-04,,No Transcript,0.0,0,2143,1,0,1,0.047
7635952664445979918,jayytezz,2026-05-04,Why did it take until 2026 to make a,Question,0.0,0,2586,5,0,5,0.193
7635966470165449998,jayytezz,2026-05-04,This is for those who get lazy to brush,Direct Audience Call-Out,0.0,0,2619,7,0,7,0.267
7635981240683842830,jayytezz,2026-05-04,All it takes is 30 seconds. There is no,Bold Claim / Benefit,0.0,0,2270,3,0,3,0.132
7636003544927194381,triceedigital,2026-05-04,,No Transcript,0.0,0,797,1,1,2,0.251
7636024689910975775,greensavingsandthings,2026-05-04,,No Transcript,0.0,0,717,0,0,0,0.0
7636031502349864222,miralo_si,2026-05-04,,No Transcript,0.0,0,692,1,1,2,0.289
7636036989074165006,tkmseries,2026-05-04,,No Transcript,0.0,0,612,8,0,8,1.307
7636050432132910367,williamsketf,2026-05-04,Say goodbye to dentists! Did you know there was,Bold Claim / Benefit,0.0,0,1588,15,0,15,0.945
7636054784922995981,rubyfindsit,2026-05-04,I just woke up to the Kids Autobrush Sonic,Personal Story / POV,0.0,0,1255,2,0,2,0.159
7636058212348841246,bmoneys.finds,2026-05-04,Condolences to who already bought the Kids Autobrush Sonic,Offer / Deal / Urgency,0.0,0,1058,0,0,0,0.0
7636058626733378829,comebackapril20th,2026-05-04,,No Transcript,0.0,0,985,3,0,3,0.305
7636059697170189599,allynsdeals,2026-05-04,,No Transcript,0.0,0,968,0,0,0,0.0
7636060607476731167,glowwithjessie2,2026-05-04,,No Transcript,0.0,0,438,5,0,5,1.142
7636060915623906573,tomcat.shops,2026-05-04,,No Transcript,0.0,0,776,0,0,0,0.0
7636060948796656926,branntski,2026-05-04,Anyone else grabbing the Kids Autobrush Sonic Pro Bundle,Social Proof / Testimonial,0.0,0,1309,1,0,1,0.076
7636061870280953118,bpsdailydeals,2026-05-04,,No Transcript,0.0,0,1193,0,0,0,0.0
7636068762768215310,yazzjackie,2026-05-04,,No Transcript,0.0,0,1147,7,0,7,0.61
7636085543155109134,m.rose.life,2026-05-04,,No Transcript,0.0,0,1977,6,0,6,0.303
7636088188662074638,john_davis84,2026-05-04,Arm still getting tired? Try using this old technology.,Question,0.0,0,1482,5,2,7,0.472
7636096051694374158,marissaj0809,2026-05-08,,No Transcript,0.0,0,569,18,5,23,4.042
7636109342751722782,wagsonthewater,2026-05-04,,No Transcript,0.0,0,585,1,2,3,0.513
7636110321429531918,wwwmiriam78,2026-05-04,Mis dientes pasaron de estar amarillos a estar así,Social Proof / Testimonial,0.0,0,1167,6,1,7,0.6
7636110633347468575,affiliatezshop.us,2026-05-04,,No Transcript,0.0,0,4568,5,0,5,0.109
7636119873994657055,vibesignal_,2026-05-04,Auto brush Oh baby Come with me And it,Other / No Clear Hook,0.0,0,2432,3,0,3,0.123
7636138092558028045,sarahbelleworkingmomof3,2026-05-04,,No Transcript,0.0,0,1845,3,0,3,0.163
7636143909252386061,meetthejadelife,2026-05-04,,No Transcript,0.0,0,1726,8,5,13,0.753
7636176678842158349,therutherfords704,2026-05-04,,No Transcript,0.0,0,1132,2,0,2,0.177
7636178763054681375,miralo_si,2026-05-04,,No Transcript,0.0,0,903,3,0,3,0.332
7636187324174372109,mikehefinds,2026-05-04,Keep fighting with your kids if you want to...,Shock / Warning / Pattern Interrupt,0.0,0,1603,36,2,38,2.371
7636190303535287582,rosedeals0,2026-05-04,,No Transcript,0.0,0,544,1,0,1,0.184
7636209464399498526,denturedame,2026-05-05,,No Transcript,0.0,0,986,8,3,11,1.116
7636215726323371295,ilovetictoc333,2026-05-05,,No Transcript,0.0,0,1050,4,0,4,0.381
7636217002788474143,brittanypaigeyugc,2026-05-05,,No Transcript,0.0,0,2178,3,0,3,0.138
7636218826345942286,meka_carter,2026-05-05,,No Transcript,0.0,0,1133,4,0,4,0.353
7636219327229840671,belrevillar,2026-05-05,,No Transcript,0.0,0,349,8,0,8,2.292
7636224144216034573,cindyguerrero37,2026-05-05,,No Transcript,0.0,0,821,23,2,25,3.045
7636226929594486030,tkmseries,2026-05-05,,No Transcript,0.0,0,1306,9,1,10,0.766
7636229028709469470,brittanypaigeyugc,2026-05-05,,No Transcript,0.0,0,582,4,0,4,0.687
7636234765078760717,cindyguerrero37,2026-05-05,,No Transcript,0.0,0,917,19,0,19,2.072
7636237848672324878,whirlwindwhitney,2026-05-05,,No Transcript,0.0,0,674,8,3,11,1.632
7636256850719083790,dalanisiaraa,2026-05-05,,No Transcript,0.0,0,708,2,0,2,0.282
7636257374403136781,dalanisiaraa,2026-05-05,,No Transcript,0.0,0,764,1,1,2,0.262
7636257947835698445,dalanisiaraa,2026-05-05,,No Transcript,0.0,0,604,0,0,0,0.0
7636275135229480223,dvalenzs3s4,2026-05-05,,No Transcript,0.0,0,1226,3,2,5,0.408
7636276219264224526,clatu000,2026-05-05,,No Transcript,0.0,0,288,15,0,15,5.208
7636292186513952030,dealvoyager,2026-05-05,,No Transcript,0.0,0,75,1,0,1,1.333
7636295007175019807,dealvoyager,2026-05-05,,No Transcript,0.0,0,123,0,0,0,0.0
7636297841886940447,dealvoyager,2026-05-05,,No Transcript,0.0,0,640,0,0,0,0.0
7636299366373920030,dealsection,2026-05-05,,No Transcript,0.0,0,764,0,0,0,0.0
7636301118829546783,dealsection,2026-05-05,,No Transcript,0.0,0,643,0,0,0,0.0
7636303638587133215,dealsection,2026-05-05,,No Transcript,0.0,0,892,0,0,0,0.0
7636309755786546463,jncturbo,2026-05-05,,No Transcript,0.0,0,2031,7,1,8,0.394
7636315147627187486,dealsection,2026-05-05,,No Transcript,0.0,0,605,1,0,1,0.165
7636315671399304478,dealvoyager,2026-05-05,,No Transcript,0.0,0,611,0,0,0,0.0
7636315981073108255,dealsection,2026-05-05,How is it so cheap? Get the Autobrush Kids,Question,0.0,0,1172,1,0,1,0.085
7636317264127511839,dealsection,2026-05-05,,No Transcript,0.0,0,767,0,0,0,0.0
7636317838193495327,dealvoyager,2026-05-05,,No Transcript,0.0,0,671,0,0,0,0.0
7636318972438170911,dealvoyager,2026-05-05,,No Transcript,0.0,0,578,0,0,0,0.0
7636341146242845966,rolandopaz6,2026-05-05,,No Transcript,0.0,0,942,61,2,63,6.688
7636352781246418207,carmen_r32,2026-05-05,,No Transcript,0.0,0,1812,20,2,22,1.214
7636400383526472990,polishedchaosunfiltered,2026-05-05,,No Transcript,0.0,0,339,0,0,0,0.0
7636410465031064863,baybaysully,2026-05-05,,No Transcript,0.0,0,1296,3,2,5,0.386
7636415220566543629,thesquishyladies,2026-05-05,,No Transcript,0.0,0,1206,5,0,5,0.415
7636429739829284126,,2026-05-05,,No Transcript,0.0,0,694,2,0,2,0.288
7636436349242903839,king_kadiee,2026-05-05,I have any of those U-shaped brushes for years,Personal Story / POV,0.0,0,1059,41,7,48,4.533
7636439732364332318,,2026-05-05,,No Transcript,0.0,0,1123,0,0,0,0.0
7636445596584267039,brittanypaigeyugc,2026-05-05,,No Transcript,0.0,0,563,0,2,2,0.355
7636450049047809311,allynsdeals,2026-05-05,,No Transcript,0.0,0,920,0,0,0,0.0
7636452321307659534,siacreatesit,2026-05-05,,No Transcript,0.0,0,1308,5,2,7,0.535
7636453530231950622,bmoneys.finds,2026-05-05,I just woke up to the Kids Autobrush Sonic,Personal Story / POV,0.0,0,1058,0,0,0,0.0
7636453680690023711,h_kadavy,2026-05-05,,No Transcript,0.0,0,1462,9,1,10,0.684
7636483715266366734,mytreat_mini,2026-05-05,,No Transcript,0.0,0,943,9,0,9,0.954
7636508933812702494,bpsdailydeals,2026-05-05,,No Transcript,0.0,0,1024,1,0,1,0.098
7636511153820044557,thecartclubb,2026-05-05,,No Transcript,0.0,0,7559,900,5,905,11.972
7636517746930437406,allynsdeals,2026-05-05,I just woke up to the Autobrush Sonic Pro,Personal Story / POV,0.0,0,1734,1,0,1,0.058
7636523946069822751,thereiscathairinmyweed,2026-05-05,,No Transcript,0.0,0,1994,9,1,10,0.502
7636537548218567966,kimstiktokshopdeals,2026-05-05,I'm back with my new auto brush! First of,Personal Story / POV,0.0,0,1216,0,0,0,0.0
7636540703539072287,kimstiktokshopdeals,2026-05-05,,No Transcript,0.0,0,1210,0,0,0,0.0
7636549394464001310,cubanitaemprendedora,2026-05-05,,No Transcript,0.0,0,82,13,2,15,18.293
7636564252639202573,chaosandcasseroles,2026-05-06,,No Transcript,0.0,0,1718,6,0,6,0.349
7636568745145552158,samy_houstonlovebosna,2026-05-06,,No Transcript,0.0,0,1615,43,38,81,5.015
7636575661376720158,jennittsfinds,2026-05-06,,No Transcript,0.0,0,652,0,0,0,0.0
7636576167746669854,thekinder.house,2026-05-06,,No Transcript,0.0,0,872,5,0,5,0.573
7636585321492221197,buffydevoy,2026-05-06,,No Transcript,0.0,0,652,4,0,4,0.613
7636591742791240973,mavaldez.tx,2026-05-06,,No Transcript,0.0,0,1533,9,0,9,0.587
7636603469209570574,mavaldez.tx,2026-05-06,,No Transcript,0.0,0,1733,3,0,3,0.173
7636605161229651230,yamaliscm,2026-05-06,,No Transcript,0.0,0,626,4,0,4,0.639
7636609845994573086,trustbigd1,2026-05-06,,No Transcript,0.0,0,2622,2,0,2,0.076
7636613618204757262,john_davis84,2026-05-06,,No Transcript,0.0,0,2140,7,2,9,0.421
7636619021617483021,kykrotz,2026-05-06,,No Transcript,0.0,0,1503,5,0,5,0.333
7636628187648216350,nareshsubedi77,2026-05-06,,No Transcript,0.0,0,1119,24,3,27,2.413
7636637725315108109,godchild137,2026-05-06,,No Transcript,0.0,0,910,4,0,4,0.44
7636694843661503774,dealvoyager,2026-05-06,,No Transcript,0.0,0,522,0,0,0,0.0
7636695794208345375,dealvoyager,2026-05-06,,No Transcript,0.0,0,498,0,0,0,0.0
7636697162914581791,dealvoyager,2026-05-06,,No Transcript,0.0,0,523,0,0,0,0.0
7636699957780565278,dealsection,2026-05-06,,No Transcript,0.0,0,735,0,0,0,0.0
7636703059271257375,dealsection,2026-05-06,,No Transcript,0.0,0,894,0,0,0,0.0
7636704143968587038,dealsection,2026-05-06,,No Transcript,0.0,0,728,0,0,0,0.0
7636706918286855455,dealvoyager,2026-05-06,,No Transcript,0.0,0,133,0,0,0,0.0
7636708129714998559,dealvoyager,2026-05-06,,No Transcript,0.0,0,56,0,0,0,0.0
7636709296687844639,dealvoyager,2026-05-06,,No Transcript,0.0,0,95,0,0,0,0.0
7636709338840616222,dealsection,2026-05-06,,No Transcript,0.0,0,421,0,0,0,0.0
7636710331732987167,dealsection,2026-05-06,,No Transcript,0.0,0,497,0,0,0,0.0
7636711253678787871,dealsection,2026-05-06,,No Transcript,0.0,0,538,0,0,0,0.0
7636772610583366925,thecartclubb,2026-05-06,If you were about to buy the Autobrush Kids,Offer / Deal / Urgency,0.0,0,8926,592,6,598,6.7
7636801489125608717,jthecreativequeen,2026-05-06,,No Transcript,0.0,0,620,4,0,4,0.645
7636804500287786270,anna52535,2026-05-06,,No Transcript,0.0,0,761,4,0,4,0.526
7636804640981536013,jthecreativequeen,2026-05-06,,No Transcript,0.0,0,679,7,3,10,1.473
7636813515784850702,m.rose.life,2026-05-06,,No Transcript,0.0,0,1643,0,1,1,0.061
7636823847769083167,thekinder.house,2026-05-06,,No Transcript,0.0,0,1186,4,0,4,0.337
7636824029504032013,double_trouble403,2026-05-06,,No Transcript,0.0,0,281,1,0,1,0.356
7636835419946044685,bethiebegin,2026-05-06,,No Transcript,0.0,0,1270,4,0,4,0.315
7636836755425004814,bennyfinds3,2026-05-06,,No Transcript,0.0,0,965,3,0,3,0.311
7636837365578796302,karenkkjackson,2026-05-06,,No Transcript,0.0,0,1440,9,4,13,0.903
7636839636454755615,dealscoopz,2026-05-06,,No Transcript,0.0,0,660,1,0,1,0.152
7636849359849606413,fatgirlgetskinny,2026-05-06,,No Transcript,0.0,0,1529,11,2,13,0.85
7636872609057049869,thesquishyladies,2026-05-06,,No Transcript,0.0,0,812,4,0,4,0.493
7636876644065594655,kimstiktokshopdeals,2026-05-06,,No Transcript,0.0,0,1503,1,0,1,0.067
7636876960395742494,kimstiktokshopdeals,2026-05-06,,No Transcript,0.0,0,1504,1,0,1,0.066
7636884499321654559,mallorysfavefinds,2026-05-06,,No Transcript,0.0,0,864,4,0,4,0.463
7636890082733018382,samijo0220,2026-05-06,,No Transcript,0.0,0,656,13,3,16,2.439
7636901034115222798,cindyguerrero37,2026-05-06,,No Transcript,0.0,0,639,14,0,14,2.191
7636912514244152606,mallorysfavefinds,2026-05-06,,No Transcript,0.0,0,1,0,0,0,0.0
7636913764582886669,digitallyeringunn,2026-05-06,,No Transcript,0.0,0,1312,9,2,11,0.838
7636915320313203999,dawsonbyrce,2026-05-06,,No Transcript,0.0,0,2275,3,0,3,0.132
7636916154979650829,tylertok_reviews,2026-05-06,,No Transcript,0.0,0,1317,4,0,4,0.304
7636924026052431134,malandtheminions,2026-05-07,,No Transcript,0.0,0,1206,5,0,5,0.415
7636931832486907150,tylertok_reviews,2026-05-06,,No Transcript,0.0,0,1351,5,0,5,0.37
7636932586853584141,kimkar0413,2026-05-07,,No Transcript,0.0,0,1670,11,3,14,0.838
7636938871871261965,the.cozyy.girl,2026-05-07,,No Transcript,0.0,0,2098,10,0,10,0.477
7636945557382090015,izzygameboy,2026-05-07,,No Transcript,0.0,0,821,25,20,45,5.481
7636949436639300894,kelli.ttshopfinds,2026-05-07,,No Transcript,0.0,0,620,3,2,5,0.806
7636955087142784270,jkcooking13,2026-05-07,,No Transcript,0.0,0,571,4,0,4,0.701
7636957965144067358,crystalellison5,2026-05-07,,No Transcript,0.0,0,1657,4,1,5,0.302
7636971007546248479,king_kadiee,2026-05-07,,No Transcript,0.0,0,2009,28,14,42,2.091
7636977943805250829,akwi.hildagroup7texas,2026-05-07,,No Transcript,0.0,0,803,1,0,1,0.125
7636985541723966751,madebyanap,2026-05-07,,No Transcript,0.0,0,116,4,0,4,3.448
7636986322565074207,madebyanap,2026-05-07,,No Transcript,0.0,0,84,3,1,4,4.762
7636987228429864222,castrocrew87,2026-05-07,Brushing your teeth feels like a chore? This is,Problem / Pain Point,0.0,0,2473,11,0,11,0.445
7636989081347427615,shopwithbird,2026-05-07,,No Transcript,0.0,0,677,0,0,0,0.0
7636989699600534814,cubanitaemprendedora,2026-05-07,,No Transcript,0.0,0,256,5,0,5,1.953
7637062074132204814,tomcat.shops,2026-05-07,,No Transcript,0.0,0,877,0,0,0,0.0
7637062899495750925,tomcat.shops,2026-05-07,,No Transcript,0.0,0,528,1,0,1,0.189
7637065855913757982,rubyfindsit,2026-05-07,,No Transcript,0.0,0,858,1,0,1,0.117
7637068459087564062,comebackapril20th,2026-05-07,,No Transcript,0.0,0,924,0,0,0,0.0
7637068975565704478,comebackapril20th,2026-05-07,I just woke up to the Kids Autobrush Sonic,Personal Story / POV,0.0,0,1891,3,0,3,0.159
7637079665995173150,dealsection,2026-05-07,,No Transcript,0.0,0,717,0,0,0,0.0
7637082324886211870,dealsection,2026-05-07,,No Transcript,0.0,0,1133,2,0,2,0.177
7637083441670016286,dealsection,2026-05-07,,No Transcript,0.0,0,808,0,0,0,0.0
7637086973160656159,dealvoyager,2026-05-07,,No Transcript,0.0,0,546,0,0,0,0.0
7637088539078872350,dealvoyager,2026-05-07,,No Transcript,0.0,0,751,0,0,0,0.0
7637090199192784159,dealvoyager,2026-05-07,,No Transcript,0.0,0,493,0,0,0,0.0
7637113509754440991,suntannedtoes,2026-05-07,,No Transcript,0.0,0,200,1,1,2,1.0
7637120682580512013,triceedigital,2026-05-07,,No Transcript,0.0,0,972,2,0,2,0.206
7637150951253478687,denturedame,2026-05-07,,No Transcript,0.0,0,538,4,0,4,0.743
7637155854818577694,katiemermaidhairxo,2026-05-07,,No Transcript,0.0,0,1010,6,0,6,0.594
7637165787135970590,kimstiktokshopdeals,2026-05-07,Stop! Have you seen this new auto brush? I,Shock / Warning / Pattern Interrupt,0.0,0,1285,4,2,6,0.467
7637169247445093662,kimstiktokshopdeals,2026-05-07,Have you seen this great deal going on on,Offer / Deal / Urgency,0.0,0,1152,0,0,0,0.0
7637170396810186014,musthavecollective,2026-05-07,,No Transcript,0.0,0,589,0,0,0,0.0
7637173369984519437,trix2short,2026-05-07,,No Transcript,0.0,0,675,11,11,22,3.259
7637178470832868621,shopthejourney,2026-05-07,,No Transcript,0.0,0,430,0,0,0,0.0
7637178573459033375,itstagged,2026-05-07,,No Transcript,0.0,0,3660,6,2,8,0.219
7637180347117063438,shopthejourney,2026-05-07,,No Transcript,0.0,0,918,1,0,1,0.109
7637187907161312542,,2026-05-07,,No Transcript,0.0,0,343,1,0,1,0.292
7637200993523862815,dreamdriving0,2026-05-07,,No Transcript,0.0,0,615,5,2,7,1.138
7637201559461448991,dreamdriving0,2026-05-07,,No Transcript,0.0,0,410,4,2,6,1.463
7637202371298315550,dreamdriving0,2026-05-07,,No Transcript,0.0,0,570,4,2,6,1.053
7637216956864679181,magarsheju,2026-05-07,,No Transcript,0.0,0,168,3,0,3,1.786
7637217019707837727,bmoneys.finds,2026-05-07,,No Transcript,0.0,0,630,0,0,0,0.0
7637232826668223757,tylertok_reviews,2026-05-07,,No Transcript,0.0,0,1666,11,3,14,0.84
7637242099456314637,edenhollykearns,2026-05-07,,No Transcript,0.0,0,473,3,0,3,0.634
7637255091489164574,branntski,2026-05-07,,No Transcript,0.0,0,338,1,0,1,0.296
7637255523192048926,bpsdailydeals,2026-05-07,,No Transcript,0.0,0,1054,0,0,0,0.0
7637255669741063455,miralo2024,2026-05-07,,No Transcript,0.0,0,579,22,6,28,4.836
7637274742889680159,shop.withleo,2026-05-07,,No Transcript,0.0,0,1048,4,0,4,0.382
7637300523988684063,brittanypaigeyugc,2026-05-07,,No Transcript,0.0,0,977,10,10,20,2.047
7637304303845133582,katiemomma4,2026-05-08,,No Transcript,0.0,0,240,5,0,5,2.083
7637304634956074271,justjen.sahm,2026-05-09,,No Transcript,0.0,0,271,32,10,42,15.498
7637307815312231711,justjen.sahm,2026-05-10,,No Transcript,0.0,0,217,38,9,47,21.659
7637317207554280734,jordanzfashion,2026-05-08,,No Transcript,0.0,0,591,0,0,0,0.0
7637325537786072334,feralphoenix82,2026-05-08,,No Transcript,0.0,0,1484,6,1,7,0.472
7637337803767975198,thestreamerrecap,2026-05-08,,No Transcript,0.0,0,649,0,0,0,0.0
7637378234010701069,karlithaa24,2026-05-08,,No Transcript,0.0,0,1136,2,0,2,0.176
7637383257914379533,mavaldez.tx,2026-05-08,,No Transcript,0.0,0,652322,3065,43,3108,0.476
7637402611045387550,maxesdailygems,2026-05-08,,No Transcript,0.0,0,1179,1,0,1,0.085
7637403162193693983,maxesdailygems,2026-05-08,,No Transcript,0.0,0,968,1,0,1,0.103
7637438495044259102,meahtortilla,2026-05-08,,No Transcript,0.0,0,56,5,0,5,8.929
7637508867680668959,miralo2024,2026-05-08,,No Transcript,0.0,0,438,6,4,10,2.283
7637521950172024094,miralo2024,2026-05-08,,No Transcript,0.0,0,218,7,2,9,4.128
7637532530870111502,swentet_ou,2026-05-08,,No Transcript,0.0,0,221,6,1,7,3.167
7637538044492533022,monica_leanne,2026-05-08,marketing for this thing is killing it because every,Bold Claim / Benefit,0.0,0,2616,15,1,16,0.612
7637540024224845069,emily31270,2026-05-08,,No Transcript,0.0,0,1153,1,0,1,0.087
7637557227250797837,gamermom2120,2026-05-08,,No Transcript,0.0,0,772,2,0,2,0.259
7637562639597571342,bmoneys.finds,2026-05-08,,No Transcript,0.0,0,884,0,0,0,0.0
7637562986579840270,allynsdeals,2026-05-08,,No Transcript,0.0,0,1206,1,0,1,0.083
7637564303599602974,rubyfindsit,2026-05-08,,No Transcript,0.0,0,1118,1,0,1,0.089
7637564448642829598,rubyfindsit,2026-05-08,,No Transcript,0.0,0,1046,0,0,0,0.0
7637565882331368735,rubyfindsit,2026-05-08,,No Transcript,0.0,0,1855,1,0,1,0.054
7637568028967783694,tomcat.shops,2026-05-08,,No Transcript,0.0,0,215,0,0,0,0.0
7637576446755491102,comebackapril20th,2026-05-08,,No Transcript,0.0,0,388,0,0,0,0.0
7637577177009278221,swentet_ou,2026-05-08,,No Transcript,0.0,0,304,3,1,4,1.316
7637593297006890271,allynsdeals,2026-05-08,,No Transcript,0.0,0,1113,0,0,0,0.0
7637595464275168526,shopwithpeter,2026-05-08,Why did they take control 2023 to come out,Question,0.0,0,1246,6,0,6,0.482
7637600870766480654,minimarslife,2026-05-08,,No Transcript,0.0,0,1032,1,0,1,0.097
7637606537334164750,tylertok_reviews,2026-05-08,,No Transcript,0.0,0,1233,6,0,6,0.487
7637615871464099086,pineapplefinds1,2026-05-09,,No Transcript,0.0,0,695,0,0,0,0.0
7637617896511802655,niru.ghimire92,2026-05-08,,No Transcript,0.0,0,477,21,3,24,5.031
7637619411603426574,swentet_ou,2026-05-08,,No Transcript,0.0,0,577,6,1,7,1.213
7637621522487708941,pineapplefinds1,2026-05-09,,No Transcript,0.0,0,592,0,0,0,0.0
7637664477730704654,amy64921,2026-05-08,,No Transcript,0.0,0,2670,22,0,22,0.824
7637674621281619214,trinityables,2026-05-08,,No Transcript,0.0,0,523,0,0,0,0.0
7637691692983880990,mangoshopping1,2026-05-09,,No Transcript,0.0,0,1157,2,0,2,0.173
7637693467837189407,mangoshopping1,2026-05-09,,No Transcript,0.0,0,746,3,0,3,0.402
7637703772222901518,anniayv,2026-05-09,,No Transcript,0.0,0,393,4,2,6,1.527
7637720389543562527,urmila2020123,2026-05-09,,No Transcript,0.0,0,73,9,2,11,15.068
7637724454642060557,trustbigd1,2026-05-09,LOOK AT THIS 😍 Look at this thing. This,Demo / Product Intro,0.0,0,1621,1,0,1,0.062
7637753764635626782,madebyanap,2026-05-09,,No Transcript,0.0,0,105,1,0,1,0.952
7637753916343487775,madebyanap,2026-05-09,,No Transcript,0.0,0,71,1,0,1,1.408
7637757819571227935,vickglampshousvicky,2026-05-09,,No Transcript,0.0,0,1134,4,1,5,0.441
7637774284848418078,ronniekrazy.tiktokshop,2026-05-09,Check out this autobrush. I've never seen anything like,Demo / Product Intro,0.0,0,1359,5,4,9,0.662
7637882516841483550,ginar.g,2026-05-09,,No Transcript,0.0,0,1245,48,4,52,4.177
7637888215927639310,dang_it_mike,2026-05-09,,No Transcript,0.0,0,603,1,0,1,0.166
7637889015206792461,juicydealss,2026-05-09,They finally put the AutoBrush on sale,Offer / Deal / Urgency,0.0,0,1149,1,0,1,0.087
7637895656559906061,tania.maripoza,2026-05-09,,No Transcript,0.0,0,528,5,2,7,1.326
7637913621233814797,artzyadventures,2026-05-09,,No Transcript,0.0,0,501,0,0,0,0.0
7637914069025967390,itzzharmo,2026-05-09,,No Transcript,0.0,0,185,7,3,10,5.405
7637917960044055838,fabzzambrano,2026-05-09,,No Transcript,0.0,0,78,0,0,0,0.0
7637918381928221965,siacreatesit,2026-05-09,,No Transcript,0.0,0,1075,7,0,7,0.651
7637926182184357150,alemgetachew82,2026-05-09,,No Transcript,0.0,0,6,0,0,0,0.0
7637934751629708574,amandaaapleazeee,2026-05-09,,No Transcript,0.0,0,1134,8,0,8,0.705
7637936017877568799,bmoneys.finds,2026-05-09,,No Transcript,0.0,0,756,0,0,0,0.0
7637936612902505759,allynsdeals,2026-05-09,,No Transcript,0.0,0,1259,1,0,1,0.079
7637940980028607757,jacksdailyshop,2026-05-09,Ur card won't decline on the Autobrush Sonic Pro,Offer / Deal / Urgency,0.0,0,1117,2,0,2,0.179
7637941098836528414,comebackapril20th,2026-05-09,,No Transcript,0.0,0,277,1,0,1,0.361
7637941334942223647,comebackapril20th,2026-05-09,,No Transcript,0.0,0,757,0,0,0,0.0
7637942750930865439,jasper.iliahi,2026-05-09,clean your whole mouth at the same time Is,Question,0.0,0,1022,2,1,3,0.294
7637943197712305421,yoaniaherrerajerez89,2026-05-09,,No Transcript,0.0,0,131,1,0,1,0.763
7637943573681327374,melandariaa,2026-05-09,,No Transcript,0.0,0,939,9,5,14,1.491
7637945077632978190,sobitapaudel4,2026-05-09,,No Transcript,0.0,0,552,27,5,32,5.797
7637947435133832479,rubyfindsit,2026-05-09,,No Transcript,0.0,0,503,0,0,0,0.0
7637947621067263262,izzygameboy,2026-05-09,,No Transcript,0.0,0,1290,14,6,20,1.55
7637955952460762399,izzygameboy,2026-05-09,,No Transcript,0.0,0,1694,27,35,62,3.66
7637982628213247262,allynsdeals,2026-05-09,,No Transcript,0.0,0,966,0,0,0,0.0
7637986815298817311,fabzzambrano,2026-05-09,,No Transcript,0.0,0,2136,36,0,36,1.685
7637990906188057887,maurzel,2026-05-09,I can't believe tiktok just dropped the price of,Offer / Deal / Urgency,0.0,0,1109,0,0,0,0.0
7637995942616009997,bennyfinds3,2026-05-09,Apparently if your TikTok account is old enough you,Offer / Deal / Urgency,0.0,0,1086,1,0,1,0.092
7637997931743759646,.toumani33,2026-05-10,,No Transcript,0.0,0,619,1,2,3,0.485
7637998009233444126,.toumani33,2026-05-10,,No Transcript,0.0,0,437,3,0,3,0.686
7637998048827706655,.toumani33,2026-05-10,,No Transcript,0.0,0,518,0,0,0,0.0
7637998850338213151,.toumani33,2026-05-11,,No Transcript,0.0,0,553,0,0,0,0.0
7638003412902202655,maryr019,2026-05-09,,No Transcript,0.0,0,8,0,0,0,0.0
7638004720984018206,maryr019,2026-05-09,,No Transcript,0.0,0,1035,10,1,11,1.063
7638014215252446495,bpsdailydeals,2026-05-09,,No Transcript,0.0,0,863,0,0,0,0.0
7638017688593321246,maxesdailygems,2026-05-09,,No Transcript,0.0,0,912,0,0,0,0.0
7638017920152505631,maxesdailygems,2026-05-09,,No Transcript,0.0,0,1156,0,0,0,0.0
7638019672868146463,maxesdailygems,2026-05-09,,No Transcript,0.0,0,452,0,0,0,0.0
7638020047285308685,tylertok_reviews,2026-05-09,,No Transcript,0.0,0,2069,6,0,6,0.29
7638032911190510861,eltiktopshopdevane,2026-05-09,,No Transcript,0.0,0,859,6,0,6,0.698
7638034263316761870,gadgetgalgang,2026-05-09,,No Transcript,0.0,0,2365,7,1,8,0.338
7638057650420321567,shanniesayz,2026-05-10,,No Transcript,0.0,0,765,2,0,2,0.261
7638062879412882718,bellospirito2,2026-05-10,,No Transcript,0.0,0,787,2,0,2,0.254
7638066445934497055,dvalenzs3s4,2026-05-10,,No Transcript,0.0,0,773,3,0,3,0.388
7638076436900793630,rosbritshop,2026-05-10,,No Transcript,0.0,0,145,0,0,0,0.0
7638079689398979871,rosbritshop,2026-05-10,,No Transcript,0.0,0,381,0,0,0,0.0
7638082231155576077,jacksdailyshop,2026-05-10,,No Transcript,0.0,0,1033,2,0,2,0.194
7638094783126310175,maurzel,2026-05-10,,No Transcript,0.0,0,940,0,0,0,0.0
7638103012703046925,exoticsteals,2026-05-10,,No Transcript,0.0,0,324,7,0,7,2.16
7638106757662903582,alemgetachew82,2026-05-10,,No Transcript,0.0,0,836,14,7,21,2.512
7638114498930330894,tylertok_reviews,2026-05-10,No more bedtime battles! Your kids want to brush,Problem / Pain Point,0.0,0,1686,3,0,3,0.178
7638155778746010894,aanin077,2026-05-10,Incoming Upgrade Mixing in the dark I don't think,Other / No Clear Hook,0.0,0,1392,3,0,3,0.216
7638156671910481183,wagsonthewater,2026-05-10,,No Transcript,0.0,0,1283,0,0,0,0.0
7638177238793342239,dealsection,2026-05-10,You can now get the Autobrush Sonic Pro for,Offer / Deal / Urgency,0.0,0,1265,0,0,0,0.0
7638179230571924766,dealsection,2026-05-10,,No Transcript,0.0,0,801,0,0,0,0.0
7638198870756838686,crystalellison5,2026-05-10,"Let's be honest, are you or your kid or",Question,0.0,0,1759,3,0,3,0.171
7638225138034478350,bigsavingshop,2026-05-10,,No Transcript,0.0,0,1136,0,0,0,0.0
7638225237431176462,bigsavingshop,2026-05-10,,No Transcript,0.0,0,1221,0,0,0,0.0
7638245097854848287,rosbritshop,2026-05-10,,No Transcript,0.0,0,168,0,0,0,0.0
7638252514252557599,miralo_si,2026-05-10,,No Transcript,0.0,0,541,2,1,3,0.555
7638254976728304927,miralo_si,2026-05-10,,No Transcript,0.0,0,674,0,0,0,0.0
7638267875202977054,beach_daze,2026-05-10,,No Transcript,0.0,0,1109,0,0,0,0.0
7638281759234231583,bigsavingshop,2026-05-10,,No Transcript,0.0,0,930,1,0,1,0.108
7638281864184089886,bigsavingshop,2026-05-10,,No Transcript,0.0,0,1073,0,0,0,0.0
7638299615963467022,francelymotivacion,2026-05-10,,No Transcript,0.0,0,1244,8,0,8,0.643
7638301271954296095,bmoneys.finds,2026-05-10,,No Transcript,0.0,0,1072,1,0,1,0.093
7638302191828208927,bpsdailydeals,2026-05-10,,No Transcript,0.0,0,1018,0,0,0,0.0
7638306992414526750,rubyfindsit,2026-05-10,,No Transcript,0.0,0,1219,2,0,2,0.164
7638307413778631949,tomcat.shops,2026-05-10,,No Transcript,0.0,0,741,1,0,1,0.135
7638311969874791710,that_slowwrx,2026-05-10,,No Transcript,0.0,0,10,0,0,0,0.0
7638337638054907166,dealvoyager,2026-05-10,,No Transcript,0.0,0,496,0,0,0,0.0
7638339303440977182,dealvoyager,2026-05-10,,No Transcript,0.0,0,790,0,0,0,0.0
7638345711217560845,wisenewdeals,2026-05-10,,No Transcript,0.0,0,15,0,0,0,0.0
7638346078412229919,dealvoyager,2026-05-10,,No Transcript,0.0,0,575,0,0,0,0.0
7638347087737900302,keminimoonfinds,2026-05-10,,No Transcript,0.0,0,823,31,22,53,6.44
7638364487975767326,comebackapril20th,2026-05-10,,No Transcript,0.0,0,2233,0,0,0,0.0
7638380296131349791,cooked.finds,2026-05-10,Here's how to get this on a triple discount.,Offer / Deal / Urgency,0.0,0,1248,0,0,0,0.0
7638382923409870110,maxesdailygems,2026-05-10,,No Transcript,0.0,0,816,0,0,0,0.0
7638383025029385503,maxesdailygems,2026-05-10,,No Transcript,0.0,0,551,0,0,0,0.0
7638383370535324958,maxesdailygems,2026-05-10,,No Transcript,0.0,0,782,0,0,0,0.0
7638387574289091853,pineapplefinds1,2026-05-10,,No Transcript,0.0,0,656,0,0,0,0.0
7638388078561840397,pineapplefinds1,2026-05-11,,No Transcript,0.0,0,832,0,0,0,0.0
7638399518601514253,,2026-05-10,,No Transcript,0.0,0,8050,14,0,14,0.174
7638401568341052703,mangoshopping1,2026-05-11,,No Transcript,0.0,0,208,0,0,0,0.0
7638404638156410126,sandrorussor,2026-05-12,,No Transcript,0.0,0,561,3,4,7,1.248
7638410576686812446,ur.new.gf.nena,2026-05-10,,No Transcript,0.0,0,972,59,0,59,6.07
7638411642748914975,mangoshopping1,2026-05-11,,No Transcript,0.0,0,950,0,0,0,0.0
7638420834658422047,daily.encouragememt,2026-05-11,,No Transcript,0.0,0,777,0,0,0,0.0
7638421399517842718,vokelz,2026-05-11,,No Transcript,0.0,0,1644,3,0,3,0.182
7638435508950977822,.toumani33,2026-05-11,,No Transcript,0.0,0,660,0,0,0,0.0
7638435541129628958,.toumani33,2026-05-11,,No Transcript,0.0,0,633,1,0,1,0.158
7638435702643887391,.toumani33,2026-05-11,,No Transcript,0.0,0,355,1,0,1,0.282
7638438966529756430,jmgshop850,2026-05-11,autobrush kids Unity the Unicorn Autobrush kids Unity the,Other / No Clear Hook,0.0,0,1103,3,0,3,0.272
7638458094493732109,mariavduranc,2026-05-11,,No Transcript,0.0,0,1653,9,0,9,0.544
7638471126200405278,meganreystratton,2026-05-11,,No Transcript,0.0,0,1739,0,0,0,0.0
7638473319611665678,jacksdailyshop,2026-05-11,,No Transcript,0.0,0,1179,0,0,0,0.0
7638507029962788127,shopwithbird,2026-05-11,,No Transcript,0.0,0,779,0,0,0,0.0
7638508550565694733,trix2short,2026-05-11,,No Transcript,0.0,0,1132,16,13,29,2.562
7638511503657798926,mikehefinds,2026-05-11,,No Transcript,0.0,0,803,3,0,3,0.374
7638575527699254559,theoriginalprada,2026-05-11,,No Transcript,0.0,0,1,0,0,0,0.0
7638575760197881118,theoriginalprada,2026-05-11,,No Transcript,0.0,0,616,3,0,3,0.487
7638618884140059935,theoriginalprada,2026-05-11,,No Transcript,0.0,0,684,2,0,2,0.292
7638638589403761933,,2026-05-11,,No Transcript,0.0,0,1887,1,0,1,0.053
7638651318239841549,savagejeffrey,2026-05-15,,No Transcript,0.0,0,931,1,0,1,0.107
7638652257831111966,salmasfinds,2026-05-11,,No Transcript,0.0,0,1169,13,0,13,1.112
7638664846719945998,_unfilteredamber,2026-05-11,,No Transcript,0.0,0,795,5,0,5,0.629
7638666312104922398,theoriginalprada,2026-05-11,,No Transcript,0.0,0,24,0,0,0,0.0
7638671045301374222,_unfilteredamber,2026-05-11,,No Transcript,0.0,0,737,2,0,2,0.271
7638671215422459167,.toumani33,2026-05-12,,No Transcript,0.0,0,242,0,0,0,0.0
7638671277485575454,.toumani33,2026-05-12,,No Transcript,0.0,0,653,0,0,0,0.0
7638671336654589214,.toumani33,2026-05-12,,No Transcript,0.0,0,343,1,0,1,0.292
7638677747623120158,iiamporchia,2026-05-11,,No Transcript,0.0,0,460,5,0,5,1.087
7638683710925147423,fancylikenancie,2026-05-11,,No Transcript,0.0,0,1185,5,1,6,0.506
7638685007480917278,abbs6335,2026-05-13,,No Transcript,0.0,0,673,13,8,21,3.12
7638685449719958815,fancylikenancie,2026-05-13,,No Transcript,0.0,0,1439,5,0,5,0.347
7638690834325507342,_unfilteredamber,2026-05-11,,No Transcript,0.0,0,777,1,0,1,0.129
7638693319932972319,yungnit,2026-05-11,,No Transcript,0.0,0,486,0,0,0,0.0
7638718835683560718,rolantinavalcin56,2026-05-11,,No Transcript,0.0,0,613,4,0,4,0.653
7638741727439817997,lisajustagirl,2026-05-11,,No Transcript,0.0,0,1307,9,3,12,0.918
7638744248166239518,leyanilopez8,2026-05-11,,No Transcript,0.0,0,428,13,1,14,3.271
7638746652777467150,lisajustagirl,2026-05-11,,No Transcript,0.0,0,2503,12,7,19,0.759
7638747730226973965,mikehefinds,2026-05-11,,No Transcript,0.0,0,361,0,0,0,0.0
7638761085432007949,,2026-05-11,,No Transcript,0.0,0,1,0,0,0,0.0
7638771428900261133,pineapplefinds1,2026-05-12,,No Transcript,0.0,0,110,0,0,0,0.0
7638777655420046606,pineapplefinds1,2026-05-12,,No Transcript,0.0,0,890,0,0,0,0.0
7638780356803480863,beach_daze,2026-05-11,,No Transcript,0.0,0,747,0,0,0,0.0
7638781098620701965,sonia.sublimacion,2026-05-11,,No Transcript,0.0,0,408,13,1,14,3.431
7638786647382838559,rvrer,2026-05-11,,No Transcript,0.0,0,1263,2,0,2,0.158
7638792423732202765,,2026-05-12,,No Transcript,0.0,0,2111,1,0,1,0.047
7638814121177156895,izzygameboy,2026-05-12,,No Transcript,0.0,0,1233,15,8,23,1.865
7638815147338845453,moderntechguy,2026-05-12,,No Transcript,0.0,0,1396,1,0,1,0.072
7638831334831492365,mikehefinds,2026-05-12,,No Transcript,0.0,0,263,1,0,1,0.38
7638862232956177677,mikehefinds,2026-05-12,,No Transcript,0.0,0,335,0,0,0,0.0
7638873528992943373,arielle.evans95,2026-05-12,,No Transcript,0.0,0,638,2,7,9,1.411
7638976017851370766,brittanyskeans1221,2026-05-12,No more meltdowns over brushing his teeth like he,Problem / Pain Point,0.0,0,13565,101,28,129,0.951
7639003191014591775,cosmokayla,2026-05-12,,No Transcript,0.0,0,3546,54,7,61,1.72
7639011184892595470,jadearodriguez,2026-05-12,,No Transcript,0.0,0,786,11,0,11,1.399
7639014401848151309,kidlymarket,2026-05-12,,No Transcript,0.0,0,43,5,0,5,11.628
7639018908632091918,yulietbatistaperez,2026-05-12,,No Transcript,0.0,0,690,10,0,10,1.449
7639019884608883982,zoetheyogarealtor,2026-05-12,,No Transcript,0.0,0,228,2,0,2,0.877
7639023444746603807,ashleyanddillon,2026-05-12,Being too lazy to brush ur teeth isn't an,Problem / Pain Point,0.0,0,4411,2,0,2,0.045
7639027590895766798,niahh_mo3,2026-05-12,,No Transcript,0.0,0,694,8,0,8,1.153
7639040356079783198,shopwithbird,2026-05-12,,No Transcript,0.0,0,553,0,0,0,0.0
7639053572155493645,alexeastwood621,2026-05-12,,No Transcript,0.0,0,550,3,2,5,0.909
7639058093761957133,sovaswar,2026-05-12,,No Transcript,0.0,0,258,20,3,23,8.915
7639067296736103694,livpfeiferadams4,2026-05-12,,No Transcript,0.0,0,1105,1,0,1,0.09
7639071181328469261,tylertok_reviews,2026-05-12,,No Transcript,0.0,0,1410,1,0,1,0.071
7639071926434024718,emely.csl,2026-05-12,,No Transcript,0.0,0,1027,5,1,6,0.584
7639080694936800542,allynsdeals,2026-05-12,,No Transcript,0.0,0,1264,1,0,1,0.079
7639080733503409421,tomcat.shops,2026-05-12,,No Transcript,0.0,0,984,2,0,2,0.203
7639081627775241503,bmoneys.finds,2026-05-12,,No Transcript,0.0,0,470,0,0,0,0.0
7639105426549771551,bpsdailydeals,2026-05-12,,No Transcript,0.0,0,586,1,0,1,0.171
7639118520046882078,chronically_beautifill,2026-05-12,,No Transcript,0.0,0,1046,9,0,9,0.86
7639124913571319070,musthavecollective,2026-05-12,,No Transcript,0.0,0,639,0,0,0,0.0
7639127562471394591,taylorgeeshops,2026-05-12,,No Transcript,0.0,0,1479,16,1,17,1.149
7639129740938415391,taylorgeeshops,2026-05-12,,No Transcript,0.0,0,2014,27,4,31,1.539
7639146586857164046,jamiehayles1,2026-05-12,,No Transcript,0.0,0,1765,18,2,20,1.133
7639147017922465055,shopwithbird,2026-05-12,,No Transcript,0.0,0,606,0,0,0,0.0
7639167289815862559,mangoshopping1,2026-05-13,,No Transcript,0.0,0,192,0,0,0,0.0
7639171198311533837,bhikaf0,2026-05-13,,No Transcript,0.0,0,176,7,1,8,4.545
7639174266990251277,bennyfinds3,2026-05-13,,No Transcript,0.0,0,862,0,0,0,0.0
7639175872515165454,shopwithgene,2026-05-13,,No Transcript,0.0,0,855,3,4,7,0.819
7639176230599691550,mangoshopping1,2026-05-13,,No Transcript,0.0,0,67,0,0,0,0.0
7639181845564902686,crystalellison5,2026-05-13,Does your toddler struggle with brushing their teeth for,Question,0.0,0,1801,9,0,9,0.5
7639185935921368333,trix2short,2026-05-13,,No Transcript,0.0,0,628,6,2,8,1.274
7639190653825469710,pineapplefinds1,2026-05-13,,No Transcript,0.0,0,780,0,0,0,0.0
7639196751139753246,ebonyjessy,2026-05-13,,No Transcript,0.0,0,718,3,0,3,0.418
7639200786584440078,pineapplefinds1,2026-05-13,,No Transcript,0.0,0,280,0,0,0,0.0
7639208166651088158,victoriajstewart,2026-05-13,,No Transcript,0.0,0,2217,101,68,169,7.623
7639211127385214238,tipsrecomendaciones0,2026-05-13,,No Transcript,0.0,0,565,2,0,2,0.354
7639213655602580749,hey.greggie,2026-05-13,,No Transcript,0.0,0,361,1,0,1,0.277
7639242611424808223,luxmee_saanvi,2026-05-13,,No Transcript,0.0,0,122,9,0,9,7.377
7639256747487677709,coralfindstt,2026-05-13,,No Transcript,0.0,0,1190,5,0,5,0.42
7639280390187896095,coralfindstt,2026-05-13,,No Transcript,0.0,0,692,0,1,1,0.145
7639363296717442334,thehbedit,2026-05-13,,No Transcript,0.0,0,151,1,0,1,0.662
7639373163951934734,arielle.evans95,2026-05-13,,No Transcript,0.0,0,753,0,0,0,0.0
7639388150397259038,musthavecollective,2026-05-13,,No Transcript,0.0,0,514,0,0,0,0.0
7639392415719132446,journeywithqueen,2026-05-13,If your mouth never feels fully fresh even AFTER,Direct Audience Call-Out,0.0,0,1311,4,0,4,0.305
7639426320346221855,zwhis,2026-05-13,,No Transcript,0.0,0,854,3,1,4,0.468
7639431766742158606,sobitapaudel4,2026-05-13,,No Transcript,0.0,0,157,15,4,19,12.102
7639436249266130206,genesisgonzalez1125,2026-05-13,,No Transcript,0.0,0,804,7,0,7,0.871
7639441149123480845,dara_sahm,2026-05-13,If your kiddo fights brushing their teeth every single,Direct Audience Call-Out,0.0,0,2501,18,2,20,0.8
7639448073575484702,musthavecollective,2026-05-13,,No Transcript,0.0,0,447,0,0,0,0.0
7639478919162334495,soniabrielle,2026-05-13,,No Transcript,0.0,0,174,0,0,0,0.0
7639484138864594190,sitapathak042,2026-05-13,,No Transcript,0.0,0,251,9,2,11,4.382
7639491942757190942,tipsrecomendaciones0,2026-05-13,,No Transcript,0.0,0,617,3,0,3,0.486
7639492738072792350,wagsonthewater,2026-05-13,"I'm sorry if you got this before today, because",Offer / Deal / Urgency,0.0,0,1090,2,0,2,0.183
7639501406566747423,sarahonthemove24,2026-05-13,,No Transcript,0.0,0,407,2,0,2,0.491
7639506142510550303,sarahonthemove24,2026-05-13,,No Transcript,0.0,0,302,1,0,1,0.331
7639507934803807502,ginettejeanphilip,2026-05-13,,No Transcript,0.0,0,54,1,0,1,1.852
7639533037922913549,jamiehayles1,2026-05-14,,No Transcript,0.0,0,949,13,2,15,1.581
7639548119419522335,joey0566fen,2026-05-14,,No Transcript,0.0,0,743,5,0,5,0.673
7639557225438121229,anniayv,2026-05-14,,No Transcript,0.0,0,376,8,4,12,3.191
7639559086912146702,jerry.deals,2026-05-14,,No Transcript,0.0,0,574,0,0,0,0.0
7639559829358529806,ckaris725,2026-05-14,,No Transcript,0.0,0,708,6,1,7,0.989
7639564047435713806,theonetechguy,2026-05-14,,No Transcript,0.0,0,1178,2,0,2,0.17
7639583371085073694,40ishchaosandcalm,2026-05-14,,No Transcript,0.0,0,983,6,0,6,0.61
7639587499236461855,candi.land18,2026-05-14,,No Transcript,0.0,0,1136,8,0,8,0.704
7639589155084799263,succulent_sweetheart,2026-05-14,,No Transcript,0.0,0,67,0,0,0,0.0
7639595249043508510,jenniferryals,2026-05-14,,No Transcript,0.0,0,997,2,0,2,0.201
7639597444258467102,mangoshopping1,2026-05-14,,No Transcript,0.0,0,123,0,0,0,0.0
7639601814756789534,mangoshopping1,2026-05-14,,No Transcript,0.0,0,753,0,0,0,0.0
7639606134231272734,bodycamreplayy,2026-05-14,,No Transcript,0.0,0,854,0,0,0,0.0
7639607462059969806,pineapplefinds1,2026-05-14,,No Transcript,0.0,0,603,4,0,4,0.663
7639627298219527454,p.binbuginn,2026-05-14,,No Transcript,0.0,0,3923,21,0,21,0.535
7639715768837491998,that_slowwrx,2026-05-14,,No Transcript,0.0,0,5984,10,1,11,0.184
7639715795815255326,joey0566fen,2026-05-14,,No Transcript,0.0,0,1141,5,0,5,0.438
7639722594639334686,joeycable2,2026-05-14,,No Transcript,0.0,0,651,5,0,5,0.768
7639729401541823774,zwhis,2026-05-14,,No Transcript,0.0,0,400,2,0,2,0.5
7639731156304399646,miralo_si,2026-05-14,,No Transcript,0.0,0,398,5,2,7,1.759
7639733688854465822,thepaynefamilystuff,2026-05-14,,No Transcript,0.0,0,9793,57,2,59,0.602
7639751583449763102,ashleyanddillon,2026-05-14,,No Transcript,0.0,0,3059,4,0,4,0.131
7639775759816494366,tulsitimsinadada,2026-05-14,,No Transcript,0.0,0,116,5,0,5,4.31
7639827546611125517,armandoapproved,2026-05-14,,No Transcript,0.0,0,1574,3,0,3,0.191
7639833409807731999,unemployed.gary,2026-05-14,,No Transcript,0.0,0,1031,0,0,0,0.0
7639849484482006286,sarahonthemove24,2026-05-14,,No Transcript,0.0,0,67,0,0,0,0.0
7639862691514813709,yaritapea7,2026-05-14,,No Transcript,0.0,0,491,35,5,40,8.147
7639869897551465758,that.handy.mom,2026-05-14,,No Transcript,0.0,0,83,2,0,2,2.41
7639901880386145550,wisenewdeals,2026-05-15,,No Transcript,0.0,0,323,0,0,0,0.0
7639908260719512846,abetherealbabe,2026-05-15,,No Transcript,0.0,0,75,2,0,2,2.667
7639934622872243487,mckenna.momof3,2026-05-15,,No Transcript,0.0,0,7479,33,0,33,0.441
7639942030944259359,comebackapril20th,2026-05-15,,No Transcript,0.0,0,276,0,0,0,0.0
7639944113365732622,tomcat.shops,2026-05-15,,No Transcript,0.0,0,365,0,0,0,0.0
7639987850544549150,mangoshopping1,2026-05-15,,No Transcript,0.0,0,87,0,0,0,0.0
7639988210776411422,mangoshopping1,2026-05-15,,No Transcript,0.0,0,137,0,0,0,0.0
7640011842110180621,pineapplefinds1,2026-05-15,,No Transcript,0.0,0,472,0,0,0,0.0
7640014251343547661,pineapplefinds1,2026-05-15,,No Transcript,0.0,0,187,0,0,0,0.0
7640015200837504287,abi.rojita,2026-05-15,,No Transcript,0.0,0,47,0,0,0,0.0
7640063210346810637,creativeparenting75,2026-05-15,,No Transcript,0.0,0,833,5,0,5,0.6
7640116056064904478,brechambers_,2026-05-15,,No Transcript,0.0,0,895,3,0,3,0.335
7640140634115935501,joeycable2,2026-05-15,,No Transcript,0.0,0,144,0,0,0,0.0
7640157438137732383,miralo_si,2026-05-15,,No Transcript,0.0,0,100,2,1,3,3.0
7640157709140004110,bmoneys.finds,2026-05-15,,No Transcript,0.0,0,94,0,0,0,0.0
7640158840280960270,bpsdailydeals,2026-05-15,,No Transcript,0.0,0,360,1,0,1,0.278
7640164647965822239,lis98252,2026-05-15,,No Transcript,0.0,0,186,13,5,18,9.677
7640166495753964831,lilyannahmain,2026-05-15,I will be finished in 30 seconds with this.,Bold Claim / Benefit,0.0,0,4404,15,0,15,0.341
7640169093269654814,maxesdailygems,2026-05-15,,No Transcript,0.0,0,1419,0,0,0,0.0
7640169249037749534,maxesdailygems,2026-05-15,,No Transcript,0.0,0,504,0,0,0,0.0
7640172144969682207,maxesdailygems,2026-05-15,,No Transcript,0.0,0,1121,0,0,0,0.0
7640174011472825613,liv_n_life_,2026-05-15,,No Transcript,0.0,0,82,1,0,1,1.22
7640174957682576654,liv_n_life_,2026-05-15,,No Transcript,0.0,0,141,0,0,0,0.0
7640176607956602143,flockdeals,2026-05-15,,No Transcript,0.0,0,644,0,0,0,0.0
7640215108941040909,barberbuitragooficial,2026-05-15,,No Transcript,0.0,0,229,2,0,2,0.873
7640287388660485407,beckystreetweens,2026-05-16,,No Transcript,0.0,0,703,3,0,3,0.427
7640296028209433869,thoardfindsdaily,2026-05-16,,No Transcript,0.0,0,1275,3,0,3,0.235
7640296114956127501,thoardfindsdaily,2026-05-16,,No Transcript,0.0,0,650,0,0,0,0.0
7640311229650685197,besties_broadcast,2026-05-16,,No Transcript,0.0,0,604,3,1,4,0.662
7640466566676581645,armandoapproved,2026-05-16,,No Transcript,0.0,0,519,2,2,4,0.771
7640471507981946125,clairemercer_,2026-05-16,,No Transcript,0.0,0,1229,8,0,8,0.651
7640480629984906526,lilyannahmain,2026-05-16,,No Transcript,0.0,0,2257,8,0,8,0.354
7640490947536604429,liv_n_life_,2026-05-16,,No Transcript,0.0,0,169,3,0,3,1.775
7640492307560615181,liv_n_life_,2026-05-16,,No Transcript,0.0,0,229,2,0,2,0.873
7640510132224331038,joeycable2,2026-05-16,,No Transcript,0.0,0,126,0,0,0,0.0
7640513983962811661,ohmommyfinds,2026-05-16,,No Transcript,0.0,0,1108,12,4,16,1.444
7640515839329930510,prativakhadka28,2026-05-16,,No Transcript,0.0,0,262,10,6,16,6.107
7640518797652135182,thesouthernblondemom,2026-05-16,,No Transcript,0.0,0,421,5,1,6,1.425
7640527877523377421,anniayv,2026-05-16,,No Transcript,0.0,0,112,6,3,9,8.036
7640538659917188366,caffeineandchaos410,2026-05-16,,No Transcript,0.0,0,415,1,0,1,0.241
7640562552967122207,flockdeals,2026-05-16,,No Transcript,0.0,0,251,0,0,0,0.0
7640562682441092365,m.rose.life,2026-05-16,,No Transcript,0.0,0,1102,3,0,3,0.272
7640575800269376782,liv_n_life_,2026-05-16,,No Transcript,0.0,0,76,1,0,1,1.316
7640597103500152078,mikehefinds,2026-05-16,,No Transcript,0.0,0,152,1,0,1,0.658
7640608604793359646,logan.hancock2,2026-05-16,,No Transcript,0.0,0,171,3,0,3,1.754
7640614820554771726,yessingg,2026-05-16,,No Transcript,0.0,0,120,4,0,4,3.333
7640632935607045390,ganacon_claudia2.0,2026-05-16,,No Transcript,0.0,0,50,1,0,1,2.0
7640647091890490654,backdoc7,2026-05-17,Autobrush is out with a great little tool. I'm,Demo / Product Intro,0.0,0,1016,2,0,2,0.197
7640655467340942623,backdoc7,2026-05-17,,No Transcript,0.0,0,2760,4,3,7,0.254
7640658934491106590,justjen.sahm,2026-05-17,,No Transcript,0.0,0,180,26,14,40,22.222
7640662880009997598,gonzzales55,2026-05-17,,No Transcript,0.0,0,94,3,0,3,3.191
7640674766910721293,hemuadhik,2026-05-17,,No Transcript,0.0,0,558,18,7,25,4.48
7640676284862893326,besties_broadcast,2026-05-17,,No Transcript,0.0,0,1462,8,1,9,0.616
7640679588795796750,ganacon_claudia2.0,2026-05-17,,No Transcript,0.0,0,218,1,0,1,0.459
7640679763169774879,miarunsbiz,2026-05-17,,No Transcript,0.0,0,535,3,1,4,0.748
7640684711525747982,cracraraerae75,2026-05-17,,No Transcript,0.0,0,584,4,2,6,1.027
7640686127141244173,abetherealbabe,2026-05-17,,No Transcript,0.0,0,91,2,0,2,2.198
7640871287165930766,ragwood73,2026-05-17,,No Transcript,0.0,0,269,4,1,5,1.859
7640893623818669326,abetherealbabe,2026-05-17,,No Transcript,0.0,0,68,2,0,2,2.941
7640897366844804366,freshdailydealz,2026-05-17,,No Transcript,0.0,0,86,0,0,0,0.0
7640908619722034446,liv_n_life_,2026-05-17,,No Transcript,0.0,0,513,3,0,3,0.585
7640909781393280269,liv_n_life_,2026-05-17,,No Transcript,0.0,0,377,4,0,4,1.061
7641004845956107534,sabitra.gurung76,2026-05-17,,No Transcript,0.0,0,344,21,6,27,7.849
7641025162552397086,izzygameboy,2026-05-18,,No Transcript,0.0,0,704,15,6,21,2.983
7641032663435906335,elisama0923,2026-05-18,,No Transcript,0.0,0,70,4,0,4,5.714
7641058322795318558,salenasfinds,2026-05-18,,No Transcript,0.0,0,218,12,0,12,5.505
7641062085442407711,ethel.velasquez3,2026-05-18,,No Transcript,0.0,0,112,6,1,7,6.25
7641069933626969375,m.colocho7,2026-05-18,,No Transcript,0.0,0,323,3,0,3,0.929
7641081128333446414,barberbuitragooficial,2026-05-18,,No Transcript,0.0,0,174,4,0,4,2.299
7641174138475875615,nettelilly,2026-05-18,,No Transcript,0.0,0,947,3,3,6,0.634
7641192964672343310,trix2short,2026-05-18,,No Transcript,0.0,0,501,40,32,72,14.371
7641193387470671134,claudiaorellanamoz,2026-05-18,,No Transcript,0.0,0,360,2,0,2,0.556
7641238392071605534,miralo_si,2026-05-18,,No Transcript,0.0,0,98,3,1,4,4.082
7641248911889403167,lakdaking,2026-05-18,,No Transcript,0.0,0,108,2,0,2,1.852
7641263017702886669,coffeefirstmama,2026-05-18,,No Transcript,0.0,0,547,7,0,7,1.28
7641269245514403085,joyintheordinary,2026-05-18,,No Transcript,0.0,0,718,6,0,6,0.836
7641281551669480734,spencer__turner,2026-05-18,,No Transcript,0.0,0,919,6,0,6,0.653
7641296076594531597,yordankalp,2026-05-18,,No Transcript,0.0,0,1,0,0,0,0.0
7641299074209090830,yordankalp,2026-05-18,,No Transcript,0.0,0,2,0,0,0,0.0
7641301564346453261,yordankalp,2026-05-18,,No Transcript,0.0,0,211,6,1,7,3.318
7641318267272858910,jamiejems,2026-05-18,,No Transcript,0.0,0,844,2,0,2,0.237
7641349274344623391,backdoc7,2026-05-18,"Are you brushing your teeth and still getting gingivitis,",Question,0.0,0,1033,3,0,3,0.29
7641364941416516877,sandrorussor,2026-05-18,,No Transcript,0.0,0,92,5,0,5,5.435
7641377775802191118,swissliftz,2026-05-18,,No Transcript,0.0,0,629,3,0,3,0.477
7641387303230803231,kn_9mm,2026-05-19,,No Transcript,0.0,0,2331,14,0,14,0.601
7641389701743512845,jenniestylefinds,2026-05-19,,No Transcript,0.0,0,502,4,0,4,0.797
7641394230518205709,_keiana.a,2026-05-19,,No Transcript,0.0,0,782,13,2,15,1.918
7641397761132301599,spencer__turner,2026-05-19,,No Transcript,0.0,0,4825,24,3,27,0.56
7641399951414545678,lifelikelizette,2026-05-19,,No Transcript,0.0,0,670,6,0,6,0.896
7641426709144784142,bikinimomm,2026-05-19,,No Transcript,0.0,0,624,9,0,9,1.442
7641442470756207886,beautifulinspiration25,2026-05-19,,No Transcript,0.0,0,590,2,2,4,0.678
7641577024435342622,msthorton,2026-05-19,,No Transcript,0.0,0,210,7,0,7,3.333
7641603666872405262,sixxy234,2026-05-19,,No Transcript,0.0,0,983,2,1,3,0.305
7641609181136456974,mattsfinds305,2026-05-19,,No Transcript,0.0,0,846,5,0,5,0.591
7641609306919423245,mattsfinds305,2026-05-19,30 seconds with this and she's done,Demo / Product Intro,0.0,0,1810,11,1,12,0.663
7641620554360917279,lakdaking,2026-05-19,,No Transcript,0.0,0,113,3,4,7,6.195
7641627459040955679,dianaplays.com,2026-05-19,,No Transcript,0.0,0,4492,47,1,48,1.069
7641642434627112222,cherishopz,2026-05-19,,No Transcript,0.0,0,1095,5,0,5,0.457
7641656613660626189,coradelavalle,2026-05-19,,No Transcript,0.0,0,143,6,0,6,4.196
7641664668569849119,rad_tyler,2026-05-19,,No Transcript,0.0,0,882,3,0,3,0.34
7641669148744895757,joyintheordinary,2026-05-19,,No Transcript,0.0,0,126,2,0,2,1.587
7641671021262572814,talkmommatome,2026-05-19,,No Transcript,0.0,0,1134,5,0,5,0.441
7641708422869601550,hobbskim,2026-05-19,,No Transcript,0.0,0,40,0,0,0,0.0
7641712208153496846,sassysouthernmouf,2026-05-19,,No Transcript,0.0,0,4,0,0,0,0.0
7641714297118182670,sassysouthernmouf,2026-05-19,,No Transcript,0.0,0,1843,15,4,19,1.031
7641719968278613261,spencer__turner,2026-05-19,,No Transcript,0.0,0,5,0,0,0,0.0
7641721903719124254,spencer__turner,2026-05-19,,No Transcript,0.0,0,1972,11,0,11,0.558
7641734767024606478,mavericksmammaforever,2026-05-19,,No Transcript,0.0,0,1386,2,0,2,0.144
7641770513500523789,danielavasquez6777,2026-05-20,,No Transcript,0.0,0,227,6,0,6,2.643
7641816434301013279,since89_,2026-05-20,,No Transcript,0.0,0,708,2,0,2,0.282
7641829833332247822,cracraraerae75,2026-05-20,,No Transcript,0.0,0,293,2,0,2,0.683
7641978780025769229,jesswalfoster,2026-05-20,,No Transcript,0.0,0,1234,8,0,8,0.648
7641997494435597598,colynshops,2026-05-20,,No Transcript,0.0,0,460,4,0,4,0.87
7642004293989469453,motherhoodwithmarii,2026-05-20,,No Transcript,0.0,0,46,0,0,0,0.0
7642018421655211277,jessica_kapri,2026-05-20,,No Transcript,0.0,0,728,4,0,4,0.549
7642020398284033293,jessica_kapri,2026-05-20,,No Transcript,0.0,0,747,7,1,8,1.071
7642028530817191198,fairyqueen413,2026-05-20,,No Transcript,0.0,0,31,1,0,1,3.226
7642029230678707486,fairyqueen413,2026-05-20,,No Transcript,0.0,0,63,0,0,0,0.0
7642040032210996493,mikehefinds,2026-05-20,,No Transcript,0.0,0,67,0,0,0,0.0
7642044371885395213,motherhoodwithmarii,2026-05-20,,No Transcript,0.0,0,577,5,0,5,0.867
7642055175108119838,jackryan.1,2026-05-20,,No Transcript,0.0,0,3117,3,0,3,0.096
7642055250966285582,brightdusky7,2026-05-20,,No Transcript,0.0,0,111,11,1,12,10.811
7642060877428018445,swissliftz,2026-05-20,,No Transcript,0.0,0,1047,7,0,7,0.669
7642078157335579935,thatdadfromga1,2026-05-20,,No Transcript,0.0,0,2627,22,2,24,0.914
7642085162502638861,mikehefinds,2026-05-20,,No Transcript,0.0,0,50,0,0,0,0.0
7642091751007669517,haul589,2026-05-20,,No Transcript,0.0,0,58,0,0,0,0.0
7642093138844077325,phulu89,2026-05-20,,No Transcript,0.0,0,100,12,2,14,14.0
7642094685527264542,ivonnefinds,2026-05-21,,No Transcript,0.0,0,623,6,0,6,0.963
7642108484770598175,olguireyna,2026-05-20,,No Transcript,0.0,0,205,16,4,20,9.756
7642129531175832863,jennahaithlifestyle,2026-05-25,This PR bag in the mail. Let's open her,Demo / Product Intro,0.0,0,2593,6,0,6,0.231
7642201802783345934,nsanchez692,2026-05-21,,No Transcript,0.0,0,513,4,0,4,0.78
7642336518870191374,danielavasquez6777,2026-05-21,,No Transcript,0.0,0,755,5,0,5,0.662
7642347096409918733,mikehefinds,2026-05-21,,No Transcript,0.0,0,102,0,0,0,0.0
7642391423572053261,bellospirito2,2026-05-21,,No Transcript,0.0,0,10,0,0,0,0.0
7642391750648302878,lizziemakesmagic,2026-05-21,,No Transcript,0.0,0,1528,2,0,2,0.131
7642406988613291277,cracraraerae75,2026-05-21,,No Transcript,0.0,0,702,1,0,1,0.142
7642424391715933470,wagsonthewater,2026-05-22,,No Transcript,0.0,0,330,1,0,1,0.303
7642429244827651358,bellospirito2,2026-05-21,,No Transcript,0.0,0,248,1,0,1,0.403
7642429247591664909,jrzydva,2026-05-21,,No Transcript,0.0,0,140,7,2,9,6.429
7642430698866937101,autobrush,2026-05-21,,No Transcript,0.0,0,52,0,0,0,0.0
7642451718638275853,baymacsdad1,2026-05-21,,No Transcript,0.0,0,280,3,0,3,1.071
7642473121697598751,alejamed1na,2026-05-21,,No Transcript,0.0,0,820,4,0,4,0.488
7642483985490119949,average.joe75,2026-05-21,,No Transcript,0.0,0,6333,754,4,758,11.969
7642492582336924958,ishakaf,2026-05-21,,No Transcript,0.0,0,136,10,2,12,8.824
7642543120806120735,michaelm1216,2026-05-22,,No Transcript,0.0,0,9359,39,2,41,0.438
7642543174891752717,leodecuba1991,2026-05-22,,No Transcript,0.0,0,337,9,1,10,2.967
7642708825786600735,marydvorak6,2026-05-22,,No Transcript,0.0,0,191,4,2,6,3.141
7642710859629727007,marydvorak6,2026-05-23,,No Transcript,0.0,0,149,4,4,8,5.369
7642723556303965453,ekta_363,2026-05-22,,No Transcript,0.0,0,361,28,1,29,8.033
7642774263790914847,spencer__turner,2026-05-22,,No Transcript,0.0,0,395,3,0,3,0.759
7642783943120424206,autobrush,2026-05-22,,No Transcript,0.0,0,3,0,0,0,0.0
7642824830533766430,thebrittanyreese,2026-05-22,POV: your kids act like they don't do the,Personal Story / POV,0.0,0,1440,8,0,8,0.556
7642835016178748686,swissliftz,2026-05-22,,No Transcript,0.0,0,1610,5,0,5,0.311
7642878761406319903,itsbizzlee,2026-05-23,,No Transcript,0.0,0,1628,11,0,11,0.676
7642899687585910046,nasveeofficial07,2026-05-23,,No Transcript,0.0,0,491,6,2,8,1.629
7642901242020252958,oshunshop6,2026-05-23,,No Transcript,0.0,0,2076,11,1,12,0.578
7642904481063013646,hobbskim,2026-05-23,,No Transcript,0.0,0,408,4,0,4,0.98
7642917201569189150,h_bustillo,2026-05-23,,No Transcript,0.0,0,686,5,0,5,0.729
7642938768915270925,barbaracarmona943,2026-05-23,,No Transcript,0.0,0,389,10,0,10,2.571
7642943733566098701,yanyfinds,2026-05-23,,No Transcript,0.0,0,472,9,2,11,2.331
7643099635061394701,adhitulasi,2026-05-23,,No Transcript,0.0,0,780,11,6,17,2.179
7643099847184239903,ryannko4,2026-05-23,My toddler wouldn't brush his teeth...now we brush them,Social Proof / Testimonial,0.0,0,1386,13,4,17,1.227
7643102616687234335,thekinder.house,2026-05-23,,No Transcript,0.0,0,1,0,0,0,0.0
7643103939231091999,thekinder.house,2026-05-23,,No Transcript,0.0,0,740,1,0,1,0.135
7643108417837485326,bigsavingshop,2026-05-23,,No Transcript,0.0,0,810,0,0,0,0.0
7643112460488133902,wereselllol2020,2026-05-23,,No Transcript,0.0,0,421,0,0,0,0.0
7643126290878434574,cherisa.bell,2026-05-23,,No Transcript,0.0,0,1366,5,2,7,0.512
7643130145510821150,,2026-05-23,,No Transcript,0.0,0,825,4,0,4,0.485
7643144843295771934,msthorton,2026-05-23,,No Transcript,0.0,0,549,3,0,3,0.546
7643145302102281502,msthorton,2026-05-23,,No Transcript,0.0,0,184,7,0,7,3.804
7643148695680093470,msthorton,2026-05-23,,No Transcript,0.0,0,346,6,0,6,1.734
7643151859414289678,wereselllol2020,2026-05-23,,No Transcript,0.0,0,162,0,0,0,0.0
7643151981489540365,autobrush,2026-05-23,,No Transcript,0.0,0,22,0,0,0,0.0
7643153532446592270,joely_en_familia,2026-05-23,,No Transcript,0.0,0,536,11,1,12,2.239
7643155189876149535,itzz_kota1,2026-05-23,,No Transcript,0.0,0,639,3,0,3,0.469
7643158949033741599,carrotshorts,2026-05-23,,No Transcript,0.0,0,1218,5,3,8,0.657
7643164091632176398,laxmigurung1990,2026-05-23,,No Transcript,0.0,0,296,6,3,9,3.041
7643175595672636702,novakitty2018,2026-05-23,,No Transcript,0.0,0,451,0,0,0,0.0
7643181659789004062,coltzmlb,2026-05-23,,No Transcript,0.0,0,706,5,0,5,0.708
7643188823907683615,gypsysgains,2026-05-23,,No Transcript,0.0,0,898,4,0,4,0.445
7643206335747656990,mexican292,2026-05-23,,No Transcript,0.0,0,968,3,0,3,0.31
7643208369423060255,alejamed1na,2026-05-23,,No Transcript,0.0,0,2881,12,0,12,0.417
7643273177765891341,jelykani1,2026-05-24,,No Transcript,0.0,0,895,3,0,3,0.335
7643289276003699981,ttshopfinds777,2026-05-24,,No Transcript,0.0,0,413,2,0,2,0.484
7643327264632999181,garciasvideo,2026-05-24,Cepillo de dientes para niños y niñas. Cepillo de,Other / No Clear Hook,0.0,0,1412,4,0,4,0.283
7643456672219925791,zaigilhernandez,2026-05-24,,No Transcript,0.0,0,358,0,0,0,0.0
7643457266477288717,coradelavalle,2026-05-24,,No Transcript,0.0,0,835,6,0,6,0.719
7643506497669942542,autobrush,2026-05-24,,No Transcript,0.0,0,1,0,0,0,0.0
7643548337991355679,mariakarla950,2026-05-24,,No Transcript,0.0,0,643,22,9,31,4.821
7643554738436377886,rachelsfavoritesxo,2026-05-24,,No Transcript,0.0,0,283,1,0,1,0.353
7643561665191038238,mama_ragan,2026-05-24,,No Transcript,0.0,0,4065,47,3,50,1.23
7643567926179581214,mayaacharya,2026-05-24,,No Transcript,0.0,0,655,3,0,3,0.458
7643617033522793758,ingridzambrano33,2026-05-25,,No Transcript,0.0,0,369,2,0,2,0.542
7643657541657890062,sandrorussor,2026-05-25,,No Transcript,0.0,0,246,3,2,5,2.033
7643660217523162382,authenticallyaubz,2026-05-25,,No Transcript,0.0,0,1659,4,0,4,0.241
7643670617820089631,tipsrecomendaciones0,2026-05-25,,No Transcript,0.0,0,870,13,17,30,3.448
7643690342562254094,nsanchez692,2026-05-25,,No Transcript,0.0,0,491,2,0,2,0.407
7643892717902138638,autobrush,2026-05-25,,No Transcript,0.0,0,3,0,0,0,0.0
7643903932820901151,familia_flores4,2026-05-25,,No Transcript,0.0,0,373,5,1,6,1.609
7643923161418829087,dealsbybeast,2026-05-25,,No Transcript,0.0,0,813,4,1,5,0.615
7643928648570916110,mslady9916,2026-05-25,,No Transcript,0.0,0,390,1,0,1,0.256
7643933525313342734,brightdusky7,2026-05-25,,No Transcript,0.0,0,208,7,1,8,3.846
7643934016843877645,brightdusky7,2026-05-25,,No Transcript,0.0,0,127,4,0,4,3.15
7643938904172678413,mikehefinds,2026-05-25,,No Transcript,0.0,0,128,0,0,0,0.0
7643944468810304782,mslady9916,2026-05-25,,No Transcript,0.0,0,309,0,0,0,0.0
7643963496371129631,graciek8e,2026-05-25,,No Transcript,0.0,0,274,7,1,8,2.92
7643966808881499406,messiahrebound,2026-05-25,,No Transcript,0.0,0,1573,6,0,6,0.381
7643989146398117134,gabriela_curiel,2026-05-26,,No Transcript,0.0,0,828,4,0,4,0.483
7643999688684817694,crazymummum2nd,2026-05-26,,No Transcript,0.0,0,403,7,1,8,1.985
7644002146844790029,nic.kiera,2026-05-26,,No Transcript,0.0,0,277,2,0,2,0.722
7644030936459332878,karenkkjackson,2026-05-26,,No Transcript,0.0,0,49,5,0,5,10.204
7644034348320115981,mylittlehouseontheprarie,2026-05-27,,No Transcript,0.0,0,587,5,0,5,0.852
7644039053234523406,mslady9916,2026-05-26,,No Transcript,0.0,0,257,3,1,4,1.556
7644048911962885406,brittanypaigeyugc,2026-05-26,,No Transcript,0.0,0,838,4,0,4,0.477
7644050574014450975,caychoyahat,2026-05-26,,No Transcript,0.0,0,277,11,0,11,3.971
7644128362885074207,bonniefinding,2026-05-26,,No Transcript,0.0,0,929,0,0,0,0.0
7644128382367616287,bonniefinding,2026-05-26,,No Transcript,0.0,0,341,0,0,0,0.0
7644160468327648526,michelletopil,2026-05-26,,No Transcript,0.0,0,584,3,0,3,0.514
7644203034037275917,multiofertas.shop1,2026-05-26,,No Transcript,0.0,0,176,2,0,2,1.136
7644213361021947167,jacilyque,2026-05-26,,No Transcript,0.0,0,2202,16,1,17,0.772
7644214810506186014,lawmomunfiltered,2026-05-26,,No Transcript,0.0,0,1060,1,1,2,0.189
7644226331974061325,guzmanesme1,2026-05-26,,No Transcript,0.0,0,856,13,0,13,1.519
7644245332645235998,mckenna.momof3,2026-05-26,,No Transcript,0.0,0,3718,14,1,15,0.403
7644248541136768287,ttdealspot,2026-05-26,,No Transcript,0.0,0,1518,4,1,5,0.329
7644248716420844814,autobrush,2026-05-26,,No Transcript,0.0,0,108,0,0,0,0.0
7644254722416807199,1979marbelis,2026-05-26,,No Transcript,0.0,0,151,8,3,11,7.285
7644263769530584333,autobrush,2026-05-26,,No Transcript,0.0,0,1,0,0,0,0.0
7644265515216604430,nere59958,2026-05-26,,No Transcript,0.0,0,556,13,0,13,2.338
7644268828276378911,genesisgonzalez1125,2026-05-26,,No Transcript,0.0,0,532,3,0,3,0.564
7644284803239529758,nate_wilson21,2026-05-26,,No Transcript,0.0,0,521,2,0,2,0.384
7644291452553432334,shopalerts,2026-05-26,,No Transcript,0.0,0,2125,2,0,2,0.094
7644317588360629517,savvy_findz,2026-05-26,,No Transcript,0.0,0,593,0,0,0,0.0
7644332498146643213,shaylalorrainetaschler,2026-05-26,,No Transcript,0.0,0,89,0,0,0,0.0
7644341250279083295,,2026-05-26,,No Transcript,0.0,0,312,0,0,0,0.0
7644344668855012639,sellingmama,2026-05-26,,No Transcript,0.0,0,169,0,0,0,0.0
7644352914395335949,surelis84,2026-05-26,,No Transcript,0.0,0,548,7,1,8,1.46
7644368239081868574,faniilove25,2026-05-27,,No Transcript,0.0,0,661,5,4,9,1.362
7644388231814860063,heyitsmarlan,2026-05-27,,No Transcript,0.0,0,468,0,0,0,0.0
7644391086902856990,heyitsmarlan,2026-05-27,,No Transcript,0.0,0,537,2,0,2,0.372
7644401460725239070,hustlehusbandsllc,2026-05-27,,No Transcript,0.0,0,542,1,0,1,0.185
7644418690540145951,styledbysammy24,2026-05-27,,No Transcript,0.0,0,3516,25,1,26,0.739
7644440769339624735,n2deals,2026-05-27,,No Transcript,0.0,0,847,0,0,0,0.0
7644443334076894478,britt_bratt_ginger,2026-05-27,,No Transcript,0.0,0,1038,15,0,15,1.445
7644589300025167118,jvnswe099,2026-05-27,,No Transcript,0.0,0,313,4,1,5,1.597
7644589341129362702,lovestotravel20,2026-05-27,,No Transcript,0.0,0,55,4,0,4,7.273
7644593663737154830,shopalerts,2026-05-27,,No Transcript,0.0,0,1449,1,0,1,0.069
7644608389787569421,surelis84,2026-05-27,,No Transcript,0.0,0,599,6,2,8,1.336
7644619944197491982,autobrush,2026-05-27,,No Transcript,0.0,0,1,0,0,0,0.0
7644620159935646989,bhawana.49,2026-05-27,,No Transcript,0.0,0,382,5,1,6,1.571
7644640550825577742,baymacsdad1,2026-05-27,,No Transcript,0.0,0,2,0,0,0,0.0
7644644980383911199,neni.bella20,2026-05-27,,No Transcript,0.0,0,435,3,0,3,0.69
7644644993415531789,trix2short,2026-05-27,,No Transcript,0.0,0,896,11,5,16,1.786
7644647479861857550,baymacsdad1,2026-05-27,,No Transcript,0.0,0,183,0,0,0,0.0
7644650416340290829,autobrush,2026-05-27,,No Transcript,0.0,0,10,0,0,0,0.0
7644665623108226335,blakechiuminetta,2026-05-27,,No Transcript,0.0,0,890,0,0,0,0.0
7644666927788330271,sellingmama,2026-05-27,,No Transcript,0.0,0,246,0,0,0,0.0
7644667847523699998,blakechiuminetta,2026-05-27,,No Transcript,0.0,0,636,0,0,0,0.0
7644700943103085837,alora.ecom,2026-05-27,"Click it, toothpaste to both sides, and stick it",Curiosity / Open Loop,0.0,0,1867,8,0,8,0.428
7644708540388560159,neni.bella20,2026-05-27,,No Transcript,0.0,0,968,2,0,2,0.207
7644710547857935647,heyitslauralee,2026-05-27,,No Transcript,0.0,0,1232,18,14,32,2.597
7644725648417639711,heyitsmarlan,2026-05-28,,No Transcript,0.0,0,298,0,0,0,0.0
7644734214662884622,shaylalorrainetaschler,2026-05-28,,No Transcript,0.0,0,412,9,1,10,2.427
7644738363253099790,d_princess23,2026-05-28,,No Transcript,0.0,0,109,2,0,2,1.835
7644739795431738638,d_princess23,2026-05-28,,No Transcript,0.0,0,134,4,0,4,2.985
7644751514254265631,genesisgonzalez1125,2026-05-28,,No Transcript,0.0,0,470,2,0,2,0.426
7644788200979860766,caychoyahat,2026-05-28,,No Transcript,0.0,0,475,5,0,5,1.053
7644791353448205598,angelinaenriquez,2026-05-28,,No Transcript,0.0,0,394,6,0,6,1.523
7644806275292761357,haitiluc,2026-05-28,,No Transcript,0.0,0,454,4,1,5,1.101
7644813180677475597,nsanchez692,2026-05-28,,No Transcript,0.0,0,693,10,0,10,1.443
7644816148617301278,patito_rodriguez2,2026-05-28,,No Transcript,0.0,0,787,4,0,4,0.508
7644936155670039822,mikehefinds,2026-05-28,,No Transcript,0.0,0,87,1,0,1,1.149
7644967444381076749,haitiluc,2026-05-28,,No Transcript,0.0,0,599,6,0,6,1.002
7644976770420083998,joeysfindsforyou,2026-05-28,,No Transcript,0.0,0,922,3,0,3,0.325
7644990593474596110,autobrush,2026-05-28,,No Transcript,0.0,0,9,0,0,0,0.0
7645013377374342414,patito_rodriguez2,2026-05-28,,No Transcript,0.0,0,1305,4,0,4,0.307
7645017336184868110,arati_1026,2026-05-28,,No Transcript,0.0,0,220,5,0,5,2.273
7645024844362353934,steph.ttshop,2026-05-28,,No Transcript,0.0,0,17,1,0,1,5.882
7645027459380874510,steph.ttshop,2026-05-28,,No Transcript,0.0,0,290,2,0,2,0.69
7645033127231917342,beautybabe_blossom,2026-05-28,,No Transcript,0.0,0,244,1,0,1,0.41
7645042560636849438,couchphun,2026-05-28,,No Transcript,0.0,0,549,0,0,0,0.0
7645061597014150430,ttdealspot,2026-05-28,,No Transcript,0.0,0,704,1,0,1,0.142
7645070022280285470,gooddaydarlings,2026-05-28,,No Transcript,0.0,0,909,1,0,1,0.11
7645114219414752525,mikehefinds,2026-05-29,,No Transcript,0.0,0,74,1,0,1,1.351
7645125009383410974,micah10392,2026-05-29,I'm not too sure about this auto brush. I,Personal Story / POV,0.0,0,1281,10,0,10,0.781
7645136631762111774,carmenmastercoach,2026-05-29,,No Transcript,0.0,0,157,1,0,1,0.637
7645145275551501581,brightdusky7,2026-05-29,,No Transcript,0.0,0,130,5,0,5,3.846
7645148386923924766,ttdealspot,2026-05-29,,No Transcript,0.0,0,1024,3,0,3,0.293
7645150494356163853,brightdusky7,2026-05-29,,No Transcript,0.0,0,237,4,4,8,3.376
7645166940570307853,mckenna.momof3,2026-05-29,Brushing your kids teeth taken to the next level.,Bold Claim / Benefit,0.0,0,3058,12,0,12,0.392
7645361284376005919,onlythebessst,2026-05-29,,No Transcript,0.0,0,963,2,0,2,0.208
7645378273903512845,autobrush,2026-05-29,,No Transcript,0.0,0,16,0,0,0,0.0
7645382909817376013,magicmama95,2026-05-29,,No Transcript,0.0,0,862,13,0,13,1.508
7645406783334354207,niagongora5,2026-05-29,,No Transcript,0.0,0,373,8,1,9,2.413
7645408494262209806,autobrush,2026-05-29,,No Transcript,0.0,0,1,0,0,0,0.0
7645412669884828942,laura.sedillo,2026-05-29,,No Transcript,0.0,0,426,2,0,2,0.469
7645419937699204366,hortenciabhuiyan,2026-05-29,,No Transcript,0.0,0,648,7,0,7,1.08
7645440226332069133,bno.ava,2026-05-29,,No Transcript,0.0,0,546,0,0,0,0.0
7645485525423394078,onlythebessst,2026-05-30,,No Transcript,0.0,0,1134,9,0,9,0.794
7645528096061377805,minimarslife,2026-05-30,,No Transcript,0.0,0,657,0,0,0,0.0
7645530383219477790,mckenna.momof3,2026-05-30,,No Transcript,0.0,0,1503,7,0,7,0.466
7645556921272962317,444..jayla,2026-05-30,,No Transcript,0.0,0,1429,13,0,13,0.91
7645676363696885006,susytiktokshop,2026-05-30,,No Transcript,0.0,0,1690,7,2,9,0.533
7645691779806760206,no_halo_here,2026-05-30,,No Transcript,0.0,0,654,8,0,8,1.223
7645692369832037663,rjhadley,2026-05-30,,No Transcript,0.0,0,301,0,0,0,0.0
7645731264158321933,willemssc,2026-05-30,,No Transcript,0.0,0,1757,7,0,7,0.398
7645734443335896334,autobrush,2026-05-30,,No Transcript,0.0,0,114,0,0,0,0.0
7645741514424929549,no_limbs_,2026-05-30,,No Transcript,0.0,0,1094,0,0,0,0.0
7645743534665977119,smreddy7,2026-05-30,,No Transcript,0.0,0,882,15,2,17,1.927
7645745884231224589,barbarak107,2026-05-30,,No Transcript,0.0,0,173,4,4,8,4.624
7645784902939462942,jana1fragrance74,2026-05-30,,No Transcript,0.0,0,528,3,2,5,0.947
7645812405083147533,brightdusky7,2026-05-30,,No Transcript,0.0,0,130,3,0,3,2.308
7645840762617302286,corpcorey,2026-05-31,,No Transcript,0.0,0,1695,5,4,9,0.531
7645854312811253023,alicia_gl7,2026-05-31,,No Transcript,0.0,0,166,1,0,1,0.602
7645856486085758238,faniilove25,2026-05-31,,No Transcript,0.0,0,161,9,2,11,6.832
7645875732685557005,ktmcooks,2026-05-31,,No Transcript,0.0,0,511,27,1,28,5.479
7645879459047820558,parzival3061,2026-05-31,,No Transcript,0.0,0,90,0,0,0,0.0
7645893700249292045,sabitra.gurung76,2026-05-31,,No Transcript,0.0,0,161,9,0,9,5.59
7645895629599771918,sabitra.gurung76,2026-05-31,,No Transcript,0.0,0,136,8,0,8,5.882
7645896209890118926,pineapplefinds1,2026-05-30,,No Transcript,0.0,0,47,0,0,0,0.0
7646021999319403790,,2026-05-31,,No Transcript,0.0,0,432,6,0,6,1.389
7646025189540629791,dailydaddeals,2026-05-31,,No Transcript,0.0,0,379,0,0,0,0.0
7646041422411418894,lovestotravel20,2026-05-31,,No Transcript,0.0,0,34,2,1,3,8.824
7646056401520872734,van_carvalhoo,2026-05-31,,No Transcript,0.0,0,56,3,0,3,5.357
7646093685519650078,fancylikenancie,2026-05-31,,No Transcript,0.0,0,690,3,0,3,0.435
7646099042744814861,whirlwindwhitney,2026-05-31,,No Transcript,0.0,0,416,2,0,2,0.481
7646105516606803213,autobrush,2026-05-31,,No Transcript,0.0,0,82,0,0,0,0.0
7646122626145996062,ttdealspot,2026-05-31,,No Transcript,0.0,0,1234,4,0,4,0.324
7646167155515460878,jessandmialife,2026-05-31,,No Transcript,0.0,0,609,2,0,2,0.328
7646188714703539470,yoslaimis,2026-05-31,,No Transcript,0.0,0,892,3,0,3,0.336
7646189111170043150,hopetaborrascoe,2026-05-31,,No Transcript,0.0,0,406,10,2,12,2.956
7646190172031307039,rosedeals0,2026-05-31,,No Transcript,0.0,0,483,2,0,2,0.414
7646200589025594655,lawmomunfiltered,2026-05-31,,No Transcript,0.0,0,985,1,0,1,0.102
7646205340857470221,_unfilteredamber,2026-05-31,,No Transcript,0.0,0,831,9,0,9,1.083
7646234964555468045,kathybalderston2,2026-06-01,,No Transcript,0.0,0,482,6,0,6,1.245
7646246495603264798,styledbysammy24,2026-06-01,,No Transcript,0.0,0,6043,17,2,19,0.314
7646250167531818254,sandrorussor,2026-06-01,,No Transcript,0.0,0,440,4,0,4,0.909
7646262083012660494,maryshopusa,2026-06-01,,No Transcript,0.0,0,1278,4,0,4,0.313
7646276070706007309,nsanchez692,2026-06-01,,No Transcript,0.0,0,668,3,0,3,0.449
7646391568131231006,bigsavingshop,2026-06-01,,No Transcript,0.0,0,937,3,0,3,0.32
7646439417674059022,susytiktokshop,2026-06-01,,No Transcript,0.0,0,611,5,2,7,1.146
7646488874671181070,hobbskim,2026-06-01,,No Transcript,0.0,0,65,1,0,1,1.538
7646507776193072397,autobrush,2026-06-01,,No Transcript,0.0,0,12,0,0,0,0.0
7646507785416412429,autobrush,2026-06-01,,No Transcript,0.0,0,1,0,0,0,0.0
7646520229589175583,babymatth_bossmom,2026-06-01,,No Transcript,0.0,0,276,1,0,1,0.362
7646532854259666207,mirandajphoto,2026-06-01,,No Transcript,0.0,0,573,3,0,3,0.524
7646536732585839903,bennett.made,2026-06-01,,No Transcript,0.0,0,1,0,0,0,0.0
7646537241036115230,bennett.made,2026-06-01,,No Transcript,0.0,0,199,7,3,10,5.025
7646555597529189662,bennett.made,2026-06-01,,No Transcript,0.0,0,171,6,1,7,4.094
7646560220914748703,bennett.made,2026-06-01,,No Transcript,0.0,0,156,11,0,11,7.051
7646566410881174815,buddythedoggy3,2026-06-01,,No Transcript,0.0,0,970,0,0,0,0.0
7646568324465315102,larrysshop25,2026-06-01,,No Transcript,0.0,0,585,1,0,1,0.171
7646594839764667678,heyitsmarlan,2026-06-02,,No Transcript,0.0,0,519,3,0,3,0.578
7646600088864787726,alexandral0109,2026-06-02,,No Transcript,0.0,0,28,2,0,2,7.143
7646601308862041358,alexandral0109,2026-06-02,,No Transcript,0.0,0,67,2,0,2,2.985
7646607793788701965,gtamori,2026-06-02,,No Transcript,0.0,0,242,3,0,3,1.24
7646620992806145311,fortune0420,2026-06-02,Wait till you see this bad boy. This is,Curiosity / Open Loop,0.0,0,1176,5,2,7,0.595
7646625611758226719,marisol.ruche,2026-06-02,,No Transcript,0.0,0,580,7,0,7,1.207
7646636437860863246,jacob.williams973,2026-06-06,,No Transcript,0.0,0,1788,13,1,14,0.783
7646655851549199629,whitneyshome,2026-06-02,,No Transcript,0.0,0,584,7,1,8,1.37
7646675180198087950,raisingbane,2026-06-02,,No Transcript,0.0,0,662,14,0,14,2.115
7646676877230296333,raisingbane,2026-06-02,,No Transcript,0.0,0,299,6,0,6,2.007
7646677775356611854,raisingbane,2026-06-02,,No Transcript,0.0,0,290,10,0,10,3.448
7646683178303900958,rachuphuyal,2026-06-02,,No Transcript,0.0,0,562,13,1,14,2.491
7646750331493207309,libbyannas,2026-06-02,,No Transcript,0.0,0,417,0,0,0,0.0
7646763027504631053,lovestotravel20,2026-06-02,,No Transcript,0.0,0,53,1,0,1,1.887
7646768223899176206,yulietbatistaperez,2026-06-02,,No Transcript,0.0,0,765,12,0,12,1.569
7646784431457357070,emberbloomhandcrafts,2026-06-02,,No Transcript,0.0,0,380,1,0,1,0.263
7646808655840447775,juicydealss,2026-06-02,,No Transcript,0.0,0,6418,13,4,17,0.265
7646862102036024590,autobrush,2026-06-02,,No Transcript,0.0,0,9,0,0,0,0.0
7646872710932434189,bigsavingshop,2026-06-02,,No Transcript,0.0,0,539,0,0,0,0.0
7646878656693800206,autobrush,2026-06-02,,No Transcript,0.0,0,2,0,0,0,0.0
7646883317576371470,coralfindstt,2026-06-02,,No Transcript,0.0,0,1379,1,0,1,0.073
7646897281664339230,itssjay_co,2026-06-02,,No Transcript,0.0,0,2155,30,1,31,1.439
7646906489982045453,sandouraaaa_m,2026-06-02,,No Transcript,0.0,0,570,1,0,1,0.175
7646913525146864926,kristencollective,2026-06-02,,No Transcript,0.0,0,1035,17,4,21,2.029
7646917959117458718,bykaylaeverton,2026-06-02,,No Transcript,0.0,0,643,2,0,2,0.311
7646918006592867614,bykaylaeverton,2026-06-02,,No Transcript,0.0,0,491,1,0,1,0.204
7646923331102362894,unboxicatedwithraquel,2026-06-02,,No Transcript,0.0,0,540,2,1,3,0.556
7646941894869536031,ginbeannnnn,2026-06-02,,No Transcript,0.0,0,2920,41,13,54,1.849
7646976131471527182,kenziefordham,2026-06-03,,No Transcript,0.0,0,2003,10,1,11,0.549
7646981061980802335,pabitrapathak6,2026-06-03,,No Transcript,0.0,0,208,11,0,11,5.288
7647165023789288734,tinytrendfinds724,2026-06-03,,No Transcript,0.0,0,4,0,0,0,0.0
7647167868735327518,tinytrendfinds724,2026-06-03,,No Transcript,0.0,0,368,5,0,5,1.359
7647202572083760414,neni.bella20,2026-06-03,,No Transcript,0.0,0,218,2,0,2,0.917
7647220078974422286,overworkedbishhhh,2026-06-03,,No Transcript,0.0,0,467,26,2,28,5.996
7647233861201546510,autobrush,2026-06-03,,No Transcript,0.0,0,9,0,0,0,0.0
7647253089757547790,whitneyshome,2026-06-03,,No Transcript,0.0,0,885,5,1,6,0.678
7647263137174998286,okitsmetatiii,2026-06-03,,No Transcript,0.0,0,5,0,0,0,0.0
7647265583976762637,okitsmetatiii,2026-06-03,,No Transcript,0.0,0,694,4,0,4,0.576
7647269641793965325,autobrush,2026-06-03,,No Transcript,0.0,0,3,0,0,0,0.0
7647269668251520269,autobrush,2026-06-03,,No Transcript,0.0,0,27,0,0,0,0.0
7647278642505993485,lovestotravel20,2026-06-03,,No Transcript,0.0,0,42,1,0,1,2.381
7647290001214000414,pedro.ugc,2026-06-03,,No Transcript,0.0,0,540,1,0,1,0.185
7647290344207305998,yaishogar,2026-06-04,,No Transcript,0.0,0,112,1,0,1,0.893
7647297429141769485,yaishogar,2026-06-04,,No Transcript,0.0,0,83,1,0,1,1.205
7647309014321106189,dealqueenz10,2026-06-03,,No Transcript,0.0,0,657,0,0,0,0.0
7647311272425360654,surakshya1356,2026-06-03,,No Transcript,0.0,0,858,4,0,4,0.466
7647311925465845005,ligia.aguilera,2026-06-03,,No Transcript,0.0,0,334,4,4,8,2.395
7647331493118807327,chellyh23,2026-06-04,,No Transcript,0.0,0,909,10,3,13,1.43
7647362887811452173,besties_broadcast,2026-06-04,,No Transcript,0.0,0,636,4,0,4,0.629
7647362999648275742,erikaemendoza,2026-06-04,,No Transcript,0.0,0,1534,5,2,7,0.456
7647405954526367006,roxxyfinds,2026-06-04,,No Transcript,0.0,0,1137,0,0,0,0.0
7647553276346436878,hobbskim,2026-06-04,,No Transcript,0.0,0,193,2,0,2,1.036
7647561987462909198,cherry4co,2026-06-04,,No Transcript,0.0,0,880,7,2,9,1.023
7647569840504392990,heyitsmarlan,2026-06-04,,No Transcript,0.0,0,451,5,0,5,1.109
7647579135081991437,emberbloomhandcrafts,2026-06-04,,No Transcript,0.0,0,187,0,0,0,0.0
7647594352708979981,autobrush,2026-06-04,,No Transcript,0.0,0,2,0,0,0,0.0
7647606386121133325,ivaniavibes,2026-06-04,,No Transcript,0.0,0,371,9,3,12,3.235
7647607861542997262,autobrush,2026-06-04,,No Transcript,0.0,0,15,0,0,0,0.0
7647625664505449741,emberbloomhandcrafts,2026-06-04,,No Transcript,0.0,0,650,1,0,1,0.154
7647643830367325454,kimberlywilliams927,2026-06-04,,No Transcript,0.0,0,93,1,2,3,3.226
7647665364418956557,lazydiymillennials,2026-06-04,,No Transcript,0.0,0,843,6,0,6,0.712
7647670750928833805,sir_wave3,2026-06-04,,No Transcript,0.0,0,485,4,0,4,0.825
7647688136411122957,bible_bae,2026-06-04,,No Transcript,0.0,0,526,2,0,2,0.38
7647697670693309710,.josuetovar,2026-06-05,,No Transcript,0.0,0,485,2,0,2,0.412
7647708676131785998,styletaylor5,2026-06-04,,No Transcript,0.0,0,124,0,0,0,0.0
7647748734037544223,aryalsweta3,2026-06-05,,No Transcript,0.0,0,740,11,2,13,1.757
7647748890761923871,affiliatecatmom,2026-06-05,,No Transcript,0.0,0,536,4,0,4,0.746
7647753701444128014,maryshopusa,2026-06-05,,No Transcript,0.0,0,809,9,0,9,1.112
7647770351492943135,theonlynaomix,2026-06-04,,No Transcript,0.0,0,799,0,0,0,0.0
7647800902883101983,rachuphuyal,2026-06-05,,No Transcript,0.0,0,537,10,1,11,2.048
7647802255625768205,sandouraaaa_m,2026-06-05,,No Transcript,0.0,0,533,5,1,6,1.126
7647804655925202206,shelbymousley,2026-06-05,,No Transcript,0.0,0,635,8,0,8,1.26
7647884089994906893,freshdailydealz,2026-06-05,,No Transcript,0.0,0,187,0,0,0,0.0
7647898953500921101,susytiktokshop,2026-06-05,,No Transcript,0.0,0,783,5,0,5,0.639
7647936175801388301,tarafullerbooks,2026-06-05,,No Transcript,0.0,0,952,6,0,6,0.63
7647940028433206541,tarafullerbooks,2026-06-05,,No Transcript,0.0,0,871,4,0,4,0.459
7647957092518694158,kathybalderston2,2026-06-05,,No Transcript,0.0,0,38,5,1,6,15.789
7647965042159193358,tiktokfinds4moms,2026-06-05,,No Transcript,0.0,0,2,0,0,0,0.0
7647965501536226573,tiktokfinds4moms,2026-06-05,,No Transcript,0.0,0,1056,3,0,3,0.284
7647993086802480397,autobrush,2026-06-05,,No Transcript,0.0,0,22,0,0,0,0.0
7647993105555180813,autobrush,2026-06-05,,No Transcript,0.0,0,18,0,0,0,0.0
7648006864466201869,autobrush,2026-06-05,,No Transcript,0.0,0,1,0,0,0,0.0
7648015898762087710,mcguccidealss,2026-06-05,,No Transcript,0.0,0,118,0,0,0,0.0
7648045238996503822,juicydealss,2026-06-05,,No Transcript,0.0,0,1263,1,0,1,0.079
7648064560796011807,thehealedresponder,2026-06-05,,No Transcript,0.0,0,735,0,0,0,0.0
7648092012335484173,roxbox273,2026-06-06,,No Transcript,0.0,0,2683,1,0,1,0.037
7648106184758627614,thehealedresponder,2026-06-06,,No Transcript,0.0,0,560,0,0,0,0.0
7648125320075185422,mrs_keri,2026-06-06,,No Transcript,0.0,0,457,1,0,1,0.219
7648127581861973262,leeza0424,2026-06-06,,No Transcript,0.0,0,109,3,0,3,2.752
7648130614150843661,senith399,2026-06-06,,No Transcript,0.0,0,717,4,1,5,0.697
7648141538186251533,caychoyahat,2026-06-06,,No Transcript,0.0,0,714,7,1,8,1.12
7648152192355929357,kristenmheath,2026-06-06,,No Transcript,0.0,0,703,6,0,6,0.853
7648247731839929613,wonderthemes,2026-06-06,,No Transcript,0.0,0,871,7,4,11,1.263
7648347801524440333,autobrush,2026-06-06,,No Transcript,0.0,0,15,0,0,0,0.0
7648348937513930014,sylence_nba,2026-06-06,,No Transcript,0.0,0,1551,8,1,9,0.58
7648350708458065166,wwwmiriam78,2026-06-06,,No Transcript,0.0,0,2052,8,0,8,0.39
7648364189383216398,autobrush,2026-06-06,,No Transcript,0.0,0,1,0,0,0,0.0
7648370057441053965,lilyy_turcotte,2026-06-06,,No Transcript,0.0,0,2695,34,0,34,1.262
7648480389320674574,familia_elmi21,2026-06-06,,No Transcript,0.0,0,222,2,0,2,0.901
7648480997150821646,familia_elmi21,2026-06-06,,No Transcript,0.0,0,389,3,0,3,0.771
7648484992623906079,maiteaguilar95,2026-06-06,,No Transcript,0.0,0,127,5,0,5,3.937
7648485904037825823,hopesbeautyjunkiess,2026-06-06,,No Transcript,0.0,0,159,0,0,0,0.0
7648489569737788685,seleeennnaaaa,2026-06-07,,No Transcript,0.0,0,1817,15,2,17,0.936
7648499407100415245,drshopenstein,2026-06-07,,No Transcript,0.0,0,914,2,0,2,0.219
7648502096282619167,eduardoskids1,2026-06-06,,No Transcript,0.0,0,116,2,0,2,1.724
7648648204208180511,hallek12,2026-06-07,,No Transcript,0.0,0,523,14,4,18,3.442
7648669932623908110,kaylabkassa,2026-06-07,,No Transcript,0.0,0,1073,9,0,9,0.839
7648682512536866062,babi_bhusal,2026-06-07,,No Transcript,0.0,0,524,6,0,6,1.145
7648695310390250765,shopthejourney,2026-06-07,,No Transcript,0.0,0,715,0,0,0,0.0
7648698740668108045,shopthejourney,2026-06-07,,No Transcript,0.0,0,663,1,0,1,0.151
7648708612860202253,j_reed_shop,2026-06-07,,No Transcript,0.0,0,729,2,0,2,0.274
7648718513485384974,autobrush,2026-06-07,,No Transcript,0.0,0,1,0,0,0,0.0
7648728450332708126,ivispaz4,2026-06-07,,No Transcript,0.0,0,1982,5,0,5,0.252
7648732733128068382,ivispaz4,2026-06-07,,No Transcript,0.0,0,934,4,0,4,0.428
7648734458153127181,autobrush,2026-06-07,,No Transcript,0.0,0,8,0,0,0,0.0
7648741000172686606,jessandmialife,2026-06-07,,No Transcript,0.0,0,898,1,0,1,0.111
7648741982096985375,maiteaguilar95,2026-06-07,,No Transcript,0.0,0,69,5,2,7,10.145
7648746686386326797,thenerdyjeep,2026-06-07,,No Transcript,0.0,0,161,4,7,11,6.832
7648750267491454222,thenerdyjeep,2026-06-07,,No Transcript,0.0,0,208,2,2,4,1.923
7648751816573766925,thenerdyjeep,2026-06-07,,No Transcript,0.0,0,307,1,1,2,0.651
7648754962314333454,isabella.gzp5,2026-06-07,,No Transcript,0.0,0,648,4,0,4,0.617
7648755295824399629,isabella.gzp5,2026-06-07,,No Transcript,0.0,0,411,2,0,2,0.487
7648755747429305613,isabella.gzp5,2026-06-07,,No Transcript,0.0,0,516,5,0,5,0.969
7648760649908014350,isabella.gzp5,2026-06-07,,No Transcript,0.0,0,326,3,0,3,0.92
7648761285613587725,isabella.gzp5,2026-06-07,,No Transcript,0.0,0,238,2,1,3,1.261
7648763476055198989,isabella.gzp5,2026-06-07,,No Transcript,0.0,0,246,4,1,5,2.033
7648766964667665677,mukharrams_ugc,2026-06-07,,No Transcript,0.0,0,50,0,0,0,0.0
7648816372889177374,heyitsmarlan,2026-06-07,,No Transcript,0.0,0,501,2,0,2,0.399
7648848924358233357,athenadean_,2026-06-08,,No Transcript,0.0,0,499,0,0,0,0.0
7648864728160193805,sandrorussor,2026-06-08,,No Transcript,0.0,0,608,0,0,0,0.0
7648884801071533343,drprtiktokshopreview,2026-06-08,,No Transcript,0.0,0,960,11,0,11,1.146
7648930348390305055,caychoyahat,2026-06-07,,No Transcript,0.0,0,530,0,0,0,0.0
7649020520255556877,theprettylittlehome,2026-06-08,,No Transcript,0.0,0,1770,6,0,6,0.339
7649035160574348575,lily_beauty25,2026-06-08,,No Transcript,0.0,0,495,22,18,40,8.081
7649047316124421390,bigsavingshop,2026-06-08,,No Transcript,0.0,0,1589,0,0,0,0.0
7649072713721531679,ilovetictoc333,2026-06-08,,No Transcript,0.0,0,537,3,0,3,0.559
7649083180120558878,daina_martinez92,2026-06-08,,No Transcript,0.0,0,359,6,0,6,1.671
7649087251665718542,autobrush,2026-06-08,,No Transcript,0.0,0,58,0,0,0,0.0
7649087263699209486,autobrush,2026-06-08,,No Transcript,0.0,0,63,0,0,0,0.0
7649093847338847501,ashlie2009,2026-06-08,,No Transcript,0.0,0,1581,3,0,3,0.19
7649097499495402783,mistyfl561,2026-06-08,,No Transcript,0.0,0,1,0,0,0,0.0
7649097685290487070,mistyfl561,2026-06-08,,No Transcript,0.0,0,485,4,2,6,1.237
7649106939204390158,autobrush,2026-06-08,,No Transcript,0.0,0,1,0,0,0,0.0
7649120855464709406,tiktok_usa_fyp_viral,2026-06-08,,No Transcript,0.0,0,632,1,0,1,0.158
7649127108869950750,aryalsweta3,2026-06-08,,No Transcript,0.0,0,412,16,2,18,4.369
7649132161769016590,autobrush,2026-06-08,,No Transcript,0.0,0,10,0,0,0,0.0
7649134583492939022,mookababy0619,2026-06-08,,No Transcript,0.0,0,79,5,0,5,6.329
7649152592777317645,lorenabonilla416,2026-06-08,,No Transcript,0.0,0,534,4,1,5,0.936
7649155556724313374,ashlie2009,2026-06-08,,No Transcript,0.0,0,1830,5,0,5,0.273
7649198549615283469,nicolecampb,2026-06-08,,No Transcript,0.0,0,434,1,0,1,0.23
7649206830282837278,shopwithkarii,2026-06-09,,No Transcript,0.0,0,1240,20,9,29,2.339
7649208506955943182,_paulinegonzalez,2026-06-08,,No Transcript,0.0,0,451,9,0,9,1.996
7649210552304110861,mama_mel030,2026-06-08,,No Transcript,0.0,0,180,11,1,12,6.667
7649213186750582030,reynameridabeauty,2026-06-09,,No Transcript,0.0,0,780,6,0,6,0.769
7649214651418381598,caychoyahat,2026-06-08,,No Transcript,0.0,0,167,6,0,6,3.593
7649220491131260173,2stzy,2026-06-09,,No Transcript,0.0,0,2033,5,2,7,0.344
7649223114995305741,wonderowillows,2026-06-09,,No Transcript,0.0,0,1025,7,0,7,0.683
7649223644232699166,crazymummum2nd,2026-06-08,,No Transcript,0.0,0,605,2,0,2,0.331
7649253456930262285,_butterflyambassador,2026-06-09,,No Transcript,0.0,0,63,1,1,2,3.175
7649255750627380493,_butterflyambassador,2026-06-09,,No Transcript,0.0,0,458,1,1,2,0.437
7649352424213204237,heyyyleelee,2026-06-09,,No Transcript,0.0,0,547,1,0,1,0.183
7649364508628061471,a.hutch99,2026-06-09,,No Transcript,0.0,0,200,8,5,13,6.5
7649386436487171341,emberbloomhandcrafts,2026-06-09,,No Transcript,0.0,0,128,1,0,1,0.781
7649405932476108062,bethinterior,2026-06-09,,No Transcript,0.0,0,161,7,5,12,7.453
7649410523234045197,pineapplefinds1,2026-06-09,,No Transcript,0.0,0,275,1,0,1,0.364
7649411384890969357,emberbloomhandcrafts,2026-06-09,,No Transcript,0.0,0,355,2,0,2,0.563
7649436688128724238,hildina4,2026-06-09,,No Transcript,0.0,0,578,45,1,46,7.958
7649438764611226911,ahtibat13,2026-06-09,,No Transcript,0.0,0,486,0,0,0,0.0
7649454265924062478,wisenewdeals,2026-06-09,,No Transcript,0.0,0,551,1,0,1,0.181
7649454825737882894,autobrush,2026-06-09,,No Transcript,0.0,0,12,0,0,0,0.0
7649455035562118431,wendy_0742,2026-06-09,,No Transcript,0.0,0,422,6,0,6,1.422
7649463877754686751,a.hutch99,2026-06-09,,No Transcript,0.0,0,8,0,0,0,0.0
7649473865017462046,a.hutch99,2026-06-09,,No Transcript,0.0,0,434,9,7,16,3.687
7649481566594387230,day69854,2026-06-09,,No Transcript,0.0,0,478,8,0,8,1.674
7649500840419527950,dang_it_mike,2026-06-09,,No Transcript,0.0,0,471,0,0,0,0.0
7649501470928243982,autobrush,2026-06-09,,No Transcript,0.0,0,24,0,0,0,0.0
7649552931301149982,baymacsdad1,2026-06-10,,No Transcript,0.0,0,234,2,0,2,0.855
7649555851602103565,gagadusty,2026-06-09,,No Transcript,0.0,0,37,0,0,0,0.0
7649578545395584287,jennittsfinds,2026-06-10,,No Transcript,0.0,0,394,6,0,6,1.523
7649589078983298317,_butterflyambassador,2026-06-10,,No Transcript,0.0,0,80,2,1,3,3.75
7649589115486342430,crazymummum2nd,2026-06-10,,No Transcript,0.0,0,199,3,0,3,1.508
7649594579674549517,autobrush,2026-06-10,,No Transcript,0.0,0,15,0,0,0,0.0
7649609772823481631,gustavoelbendedor_559,2026-06-09,,No Transcript,0.0,0,519,2,0,2,0.385
7649613474783448351,styledbysammy24,2026-06-10,,No Transcript,0.0,0,2042,13,2,15,0.735
7649614885176790303,styledbysammy24,2026-06-10,,No Transcript,0.0,0,241,3,0,3,1.245
7649616069744725279,styledbysammy24,2026-06-10,,No Transcript,0.0,0,394,6,4,10,2.538
7649616991233314079,styledbysammy24,2026-06-10,,No Transcript,0.0,0,248,4,0,4,1.613
7649686681163009310,ushachaulagain357,2026-06-10,,No Transcript,0.0,0,143,3,0,3,2.098
7649768148010323230,roopa0317,2026-06-10,,No Transcript,0.0,0,2,0,0,0,0.0
7649780023309716749,prettyreeljen,2026-06-10,,No Transcript,0.0,0,504,1,0,1,0.198
7649782386363747615,roopa0317,2026-06-10,,No Transcript,0.0,0,43,7,1,8,18.605
7649784846985792782,prettyreeljen,2026-06-10,,No Transcript,0.0,0,671,4,0,4,0.596
7649787037146533133,prettyreeljen,2026-06-10,,No Transcript,0.0,0,721,3,0,3,0.416
7649799290390351117,prettyreeljen,2026-06-10,,No Transcript,0.0,0,114,1,0,1,0.877
7649804492266835214,vickybeckley,2026-06-10,,No Transcript,0.0,0,85,0,0,0,0.0
7649813179412892942,muna.tamang75,2026-06-10,,No Transcript,0.0,0,86,16,0,16,18.605
7649842343100697887,nataliec_3115,2026-06-10,,No Transcript,0.0,0,297,22,0,22,7.407
7649845344288771359,ppalmisano.23,2026-06-10,,No Transcript,0.0,0,352,13,0,13,3.693
7649845583032667405,vickybeckley,2026-06-10,,No Transcript,0.0,0,289,1,0,1,0.346
7649849328831434014,topsecretdeals101,2026-06-10,,No Transcript,0.0,0,1136,4,0,4,0.352
7649876655384562974,ez.claps09_,2026-06-10,,No Transcript,0.0,0,539,1,0,1,0.186
7649922749233761566,calm.chaos.coffee,2026-06-11,,No Transcript,0.0,0,482,13,2,15,3.112
7649926098091855118,tonfinds,2026-06-10,,No Transcript,0.0,0,1073,3,0,3,0.28
7649945950902914317,sourdoughsculptor,2026-06-10,,No Transcript,0.0,0,541,7,0,7,1.294
7649946523404438798,sourdoughsculptor,2026-06-10,,No Transcript,0.0,0,331,0,0,0,0.0
7649947958724545806,sourdoughsculptor,2026-06-10,,No Transcript,0.0,0,313,3,0,3,0.958
7649965665880673549,autobrush,2026-06-11,,No Transcript,0.0,0,1,0,0,0,0.0
7649976010229746958,mattengle3,2026-06-11,,No Transcript,0.0,0,1036,4,1,5,0.483
7650006268265991455,rjhadley,2026-06-10,,No Transcript,0.0,0,93,2,0,2,2.151
7650086035908578574,jennhanes,2026-06-11,,No Transcript,0.0,0,5,0,0,0,0.0
7650090583326805261,trix2short,2026-06-11,,No Transcript,0.0,0,162,9,7,16,9.877
7650103617571032334,jennhanes,2026-06-11,,No Transcript,0.0,0,461,5,0,5,1.085
7650115886145129758,maiteaguilar95,2026-06-11,,No Transcript,0.0,0,129,6,0,6,4.651
7650146232937008398,steph7187,2026-06-11,,No Transcript,0.0,0,791,8,0,8,1.011
7650154786314063134,smreddy7,2026-06-11,,No Transcript,0.0,0,122,14,4,18,14.754
7650168856408821022,kaylarenhome,2026-06-11,,No Transcript,0.0,0,2,0,0,0,0.0
7650169224173718797,dang_it_mike,2026-06-11,,No Transcript,0.0,0,409,0,0,0,0.0
7650173784405724446,mirandajphoto,2026-06-11,,No Transcript,0.0,0,109,0,0,0,0.0
7650177675675438367,kaylarenhome,2026-06-11,,No Transcript,0.0,0,982,7,1,8,0.815
7650177832127188254,ammareviewrealm,2026-06-11,,No Transcript,0.0,0,1,0,0,0,0.0
7650178031675313438,ammareviewrealm,2026-06-11,,No Transcript,0.0,0,2,0,0,0,0.0
7650179943279660319,drprtiktokshopreview,2026-06-11,,No Transcript,0.0,0,498,8,0,8,1.606
7650206603639000351,ammareviewrealm,2026-06-11,,No Transcript,0.0,0,1713,136,0,136,7.939
7650212693088947486,faniilove25,2026-06-11,,No Transcript,0.0,0,327,6,2,8,2.446
7650214887536332046,vickybeckley,2026-06-11,,No Transcript,0.0,0,303,0,0,0,0.0
7650246934048951582,nataliec_3115,2026-06-11,,No Transcript,0.0,0,240,29,5,34,14.167
7650305702673648910,autobrush,2026-06-12,,No Transcript,0.0,0,22,0,0,0,0.0
7650329112808066318,kelleyorourketts,2026-06-12,,No Transcript,0.0,0,357,4,3,7,1.961
7650349041275964686,dang_it_mike,2026-06-12,,No Transcript,0.0,0,573,2,0,2,0.349
7650357707358194958,rashelycalort,2026-06-12,,No Transcript,0.0,0,689,10,1,11,1.597
7650487751741050126,kelleyorourketts,2026-06-12,,No Transcript,0.0,0,360,3,1,4,1.111
7650492504835476749,bigsavingshop,2026-06-12,,No Transcript,0.0,0,5,0,0,0,0.0
7650493682939907341,bigsavingshop,2026-06-12,,No Transcript,0.0,0,8,0,0,0,0.0
7650545206969896223,nataliec_3115,2026-06-12,,No Transcript,0.0,0,186,21,2,23,12.366
7650550979955412238,tina.livinginher40s,2026-06-12,,No Transcript,0.0,0,293,3,0,3,1.024
7650562791136382239,digmitadiaz,2026-06-12,,No Transcript,0.0,0,8,0,0,0,0.0
7650569710676774175,digmitadiaz,2026-06-12,,No Transcript,0.0,0,55,1,0,1,1.818
7650569756696677646,bigsavingshop,2026-06-12,,No Transcript,0.0,0,1250,3,0,3,0.24
7650578670247054605,shopdealsjr,2026-06-12,,No Transcript,0.0,0,1264,0,0,0,0.0
7650623142422908191,bhandaridiya3,2026-06-12,,No Transcript,0.0,0,185,26,3,29,15.676
7650628083497618702,paolabeautyfinds,2026-06-12,,No Transcript,0.0,0,2,0,0,0,0.0
7650641952202837279,itzzharmo,2026-06-12,,No Transcript,0.0,0,419,4,0,4,0.955
7650642540785339678,savvysmithhh,2026-06-12,,No Transcript,0.0,0,640,4,2,6,0.938
7650658634287844622,mukharrams_ugc,2026-06-12,,No Transcript,0.0,0,62,0,0,0,0.0
7650659877655727374,mukharrams_ugc,2026-06-14,,No Transcript,0.0,0,280,1,0,1,0.357
7650682758980750623,zaigilhernandez,2026-06-12,,No Transcript,0.0,0,35,1,2,3,8.571
7650686389490601246,kayhoenke,2026-06-13,,No Transcript,0.0,0,950,10,0,10,1.053
7650687508254182687,kristianayoussef,2026-06-13,,No Transcript,0.0,0,398,3,1,4,1.005
7650699977999600926,yohaosanches55,2026-06-13,,No Transcript,0.0,0,35,1,0,1,2.857
7650701224697793805,paolabeautyfinds,2026-06-12,,No Transcript,0.0,0,376,0,0,0,0.0
7650712985790450974,bhandaridiya3,2026-06-12,,No Transcript,0.0,0,78,18,3,21,26.923
7650719563004267789,cole_schwartz,2026-06-13,Brush Teeth in 30 SecondsWhoever invented this is going,Bold Claim / Benefit,0.0,0,1164,10,1,11,0.945
7650768102195481869,katierosecreates,2026-06-15,,No Transcript,0.0,0,406,1,0,1,0.246
7650769570554203423,myshelle.gadgetglow,2026-06-12,,No Transcript,0.0,0,139,4,4,8,5.755
7650857438672850189,tina.livinginher40s,2026-06-13,,No Transcript,0.0,0,118,1,0,1,0.847
7650892891899890974,digmitadiaz,2026-06-13,,No Transcript,0.0,0,75,3,0,3,4.0
7650920119878618381,styledbysnacks,2026-06-13,,No Transcript,0.0,0,612,4,0,4,0.654
7650931686561041678,autobrush,2026-06-13,,No Transcript,0.0,0,12,0,0,0,0.0
7650931686561074446,autobrush,2026-06-13,,No Transcript,0.0,0,55,0,0,0,0.0
7650942299374996749,autobrush,2026-06-13,,No Transcript,0.0,0,33,0,0,0,0.0
7650954965808106783,shroomiesundae,2026-06-13,I got this awesome thing called the autobrush. I'm,Demo / Product Intro,0.0,0,1408,3,0,3,0.213
7650957406255451422,keitlyndanielac30,2026-06-13,,No Transcript,0.0,0,1346,62,7,69,5.126
7650958197372620046,soylupisss,2026-06-13,,No Transcript,0.0,0,638,14,1,15,2.351
7651008186190728461,vee.faves,2026-06-13,,No Transcript,0.0,0,355,0,0,0,0.0
7651054185206664479,maiteaguilar95,2026-06-13,,No Transcript,0.0,0,36,5,0,5,13.889
7651102934201142541,day_victoria5,2026-06-14,,No Transcript,0.0,0,68,1,0,1,1.471
7651217456303705357,chase.finds,2026-06-14,,No Transcript,0.0,0,686,1,0,1,0.146
7651218196741016862,heyitslauralee,2026-06-14,,No Transcript,0.0,0,1528,34,26,60,3.927
7651219081298742541,8ball.sells,2026-06-14,,No Transcript,0.0,0,504,0,0,0,0.0
7651271765892566302,elizabeth__br,2026-06-14,,No Transcript,0.0,0,586,2,0,2,0.341
7651272987735379213,bhattabist2069,2026-06-14,,No Transcript,0.0,0,104,4,0,4,3.846
7651286897892871438,derrick.huynh,2026-06-14,,No Transcript,0.0,0,1052,6,0,6,0.57
7651290912940739870,mommillenial.shop,2026-06-14,,No Transcript,0.0,0,64,0,0,0,0.0
7651298199432482079,mariodealss,2026-06-14,,No Transcript,0.0,0,1165,5,0,5,0.429
7651307299557985549,,2026-06-15,,No Transcript,0.0,0,84,0,0,0,0.0
7651350188031741198,burbuja571,2026-06-14,,No Transcript,0.0,0,133,3,2,5,3.759
7651355351870098719,anupathak33,2026-06-14,,No Transcript,0.0,0,126,6,0,6,4.762
7651360908337335566,siacreatesit,2026-06-14,,No Transcript,0.0,0,904,6,1,7,0.774
7651365187466857758,bellabbold,2026-06-14,,No Transcript,0.0,0,54,2,0,2,3.704
7651377663398972686,_butterflyambassador,2026-06-14,,No Transcript,0.0,0,29,2,1,3,10.345
7651384528065416462,d.sotoo,2026-06-14,Yooo who tf forgot a zero?? They getting fired,Offer / Deal / Urgency,0.0,0,3790,16,3,19,0.501
7651405202737745165,babi_bhusal,2026-06-14,,No Transcript,0.0,0,647,13,3,16,2.473
7651418026297888014,sandrorussor,2026-06-15,,No Transcript,0.0,0,61,4,2,6,9.836
7651433252007234846,briannakirk2,2026-06-15,,No Transcript,0.0,0,565,2,0,2,0.354
7651454680119201038,kansasfuller6,2026-06-14,,No Transcript,0.0,0,680,21,7,28,4.118
7651492046590479646,bigbirdsshop,2026-06-14,,No Transcript,0.0,0,541,5,0,5,0.924
7651507326742007070,bigbirdsshop,2026-06-14,,No Transcript,0.0,0,1029,1,0,1,0.097
7651583808570920205,autobrush,2026-06-15,,No Transcript,0.0,0,9,0,0,0,0.0
7651602222995885326,chelsea_romero2,2026-06-15,,No Transcript,0.0,0,146,2,0,2,1.37
7651635865109777678,chelsea_romero2,2026-06-15,,No Transcript,0.0,0,124,1,0,1,0.806
7651640913277603086,bigsavingshop,2026-06-15,,No Transcript,0.0,0,385,1,0,1,0.26
7651666772684180766,nicole.mamalong,2026-06-15,,No Transcript,0.0,0,433,6,5,11,2.54
7651686200138321166,steph7187,2026-06-15,,No Transcript,0.0,0,469,3,0,3,0.64
7651694369988300045,steph.ttshop,2026-06-15,,No Transcript,0.0,0,70,2,0,2,2.857
7651695303824788750,calix_master,2026-06-15,,No Transcript,0.0,0,296,1,0,1,0.338
7651702704405843230,genxhumorshop,2026-06-15,,No Transcript,0.0,0,713,0,0,0,0.0
7651731530481536270,heatherkerleylifestyle,2026-06-15,,No Transcript,0.0,0,263,2,0,2,0.76
7651739432302759181,aurongoedecke,2026-06-15,,No Transcript,0.0,0,723,0,0,0,0.0
7651747906000768269,dang_it_mike,2026-06-15,,No Transcript,0.0,0,418,2,0,2,0.478
7651753544793476382,1amberkush,2026-06-15,,No Transcript,0.0,0,298,4,0,4,1.342
7651753574803770638,steph7187,2026-06-15,,No Transcript,0.0,0,420,12,0,12,2.857
7651755534806240542,1amberkush,2026-06-15,,No Transcript,0.0,0,313,0,0,0,0.0
7651760653387959582,1amberkush,2026-06-15,,No Transcript,0.0,0,0,0,0,0,0
7651761509034380575,1amberkush,2026-06-15,,No Transcript,0.0,0,275,1,0,1,0.364
7651762800964013326,autobrush,2026-06-15,,No Transcript,0.0,0,1,0,0,0,0.0
7651768776647626014,nicole.mamalong,2026-06-15,,No Transcript,0.0,0,393,9,5,14,3.562
7651779622106828063,shopwithbird,2026-06-16,,No Transcript,0.0,0,342,0,0,0,0.0
7651784209081683213,okitsmetatiii,2026-06-16,,No Transcript,0.0,0,103,1,2,3,2.913
7651848984000040205,nsanchez692,2026-06-15,,No Transcript,0.0,0,58,5,0,5,8.621
7651850540707613983,mckenna.momof3,2026-06-16,,No Transcript,0.0,0,1034,3,0,3,0.29
7651866740737002783,caseyfindsdeals,2026-06-16,,No Transcript,0.0,0,141,0,0,0,0.0
7651886403348974879,bradgamez,2026-06-15,,No Transcript,0.0,0,576,1,0,1,0.174
7651887915747872030,bradgamez,2026-06-15,,No Transcript,0.0,0,928,1,0,1,0.108
7651888088662166814,bradgamez,2026-06-15,,No Transcript,0.0,0,848,3,0,3,0.354
7651895520025120013,dex.got.deals,2026-06-16,,No Transcript,0.0,0,1386,3,1,4,0.289
7651897455688060174,dex.got.deals,2026-06-15,,No Transcript,0.0,0,934,1,1,2,0.214
7651943450157403422,sarahjilllutz,2026-06-16,,No Transcript,0.0,0,1007,10,0,10,0.993
7652003920302066957,caffeineandchaos410,2026-06-16,,No Transcript,0.0,0,281,2,1,3,1.068
7652005033676000526,autobrush,2026-06-16,,No Transcript,0.0,0,196,0,0,0,0.0
7652013579339566366,shopdealsjr,2026-06-16,Here's how to get this on a triple discount.,Offer / Deal / Urgency,0.0,0,1747,0,0,0,0.0
7652046195795250445,may.quenia,2026-06-16,,No Transcript,0.0,0,162,4,1,5,3.086
7652091527266651406,burbuja571,2026-06-16,,No Transcript,0.0,0,212,4,0,4,1.887
7652112712050265375,itsphanieglow17,2026-06-16,,No Transcript,0.0,0,495,2,0,2,0.404
7652127505331064077,kristenmheath,2026-06-16,,No Transcript,0.0,0,448,2,0,2,0.446
7652134033270410509,coralfindstt,2026-06-16,,No Transcript,0.0,0,605,0,0,0,0.0
7652134136353787149,coralfindstt,2026-06-16,,No Transcript,0.0,0,346,1,0,1,0.289
7652138857898560782,beehappytts,2026-06-16,,No Transcript,0.0,0,279,0,0,0,0.0
7652151515741687053,katmindset,2026-06-17,,No Transcript,0.0,0,10,1,0,1,10.0
7652151615994039566,caffeineandchaos410,2026-06-16,,No Transcript,0.0,0,144,1,0,1,0.694
7652151958320516365,katmindset,2026-06-17,,No Transcript,0.0,0,40,4,4,8,20.0
7652152058065243422,prevail.finds,2026-06-17,,No Transcript,0.0,0,272,3,0,3,1.103
7652152866546797838,katmindset,2026-06-17,,No Transcript,0.0,0,54,0,0,0,0.0
7652189886409149727,ivonneguille8,2026-06-16,,No Transcript,0.0,0,434,2,0,2,0.461
7652194341594598670,katmindset,2026-06-17,,No Transcript,0.0,0,17,2,0,2,11.765
7652195054001360142,katmindset,2026-06-17,,No Transcript,0.0,0,18,1,0,1,5.556
7652195535675198733,zaigilhernandez,2026-06-16,,No Transcript,0.0,0,30,1,1,2,6.667
7652204247739567390,dailytreasurecart,2026-06-17,,No Transcript,0.0,0,122,0,0,0,0.0
7652210192565734686,crystalbrownshop,2026-06-17,,No Transcript,0.0,0,207,4,1,5,2.415
7652215181463784734,maxxtiktokshop,2026-06-17,Autobrush. This is the AutoBrush. This is the AutoBrush,Demo / Product Intro,0.0,0,1246,1,0,1,0.08
7652220109276105997,thenerdyjeep,2026-06-17,,No Transcript,0.0,0,20,3,3,6,30.0
7652225484482235662,thenerdyjeep,2026-06-17,,No Transcript,0.0,0,21,3,3,6,28.571
7652253746470210829,momofgirlsandgoals,2026-06-17,,No Transcript,0.0,0,838,0,0,0,0.0
7652328655393197342,zaigilhernandez,2026-06-17,,No Transcript,0.0,0,149,1,0,1,0.671
7652328874411429134,kingjr7777777,2026-06-17,,No Transcript,0.0,0,2791,9,0,9,0.322
7652389246233365773,kelleyorourketts,2026-06-17,,No Transcript,0.0,0,154,3,0,3,1.948
7652415577574722829,mamabearak5,2026-06-17,,No Transcript,0.0,0,313,1,0,1,0.319
7652423351733865741,imawingriddenangel,2026-06-17,,No Transcript,0.0,0,334,0,0,0,0.0
7652426945589693710,autobrush,2026-06-17,,No Transcript,0.0,0,26,0,0,0,0.0
7652427779111161118,marandawill22,2026-06-17,,No Transcript,0.0,0,635,5,0,5,0.787
7652465079799123213,kimmykraor,2026-06-17,,No Transcript,0.0,0,0,0,0,0,0
7652474323856362766,autobrush,2026-06-17,,No Transcript,0.0,0,8,0,0,0,0.0
7652505809938550029,autobrush,2026-06-17,,No Transcript,0.0,0,1,0,0,0,0.0
7652516474921241887,alysah..momof3,2026-06-17,,No Transcript,0.0,0,582,4,0,4,0.687
7652529355360406814,marlynkoester,2026-06-18,,No Transcript,0.0,0,972,8,2,10,1.029
7652532233453997342,nicole.mamalong,2026-06-18,,No Transcript,0.0,0,399,10,1,11,2.757
7652561283421719838,ttshopjohn,2026-06-18,,No Transcript,0.0,0,230,0,0,0,0.0
7652563010204060942,britt_bratt_ginger,2026-06-18,,No Transcript,0.0,0,1273,15,1,16,1.257
7652571314204560653,fabelavero1,2026-06-17,,No Transcript,0.0,0,318,10,0,10,3.145
7652595386263031071,nyisha_walton,2026-06-18,,No Transcript,0.0,0,762,2,0,2,0.262
7652621802459401486,pattys.shop2,2026-06-18,,No Transcript,0.0,0,32,10,1,11,34.375
7652631643924073742,momofgirlsandgoals,2026-06-18,,No Transcript,0.0,0,2141,1,1,2,0.093
7652631926515289358,soyreinacubana,2026-06-17,,No Transcript,0.0,0,76,2,0,2,2.632
7652705195964615966,buddythedoggy3,2026-06-18,,No Transcript,0.0,0,435,1,0,1,0.23
7652708733771844877,styledbysnacks,2026-06-18,,No Transcript,0.0,0,575,1,0,1,0.174
7652722273371049246,maiteaguilar95,2026-06-18,,No Transcript,0.0,0,110,12,0,12,10.909
7652730090693971213,nicolecampb,2026-06-18,,No Transcript,0.0,0,517,1,0,1,0.193
7652751287070592269,imawingriddenangel,2026-06-18,,No Transcript,0.0,0,221,0,0,0,0.0
7652792532576914719,alysah..momof3,2026-06-18,,No Transcript,0.0,0,853,8,0,8,0.938
7652797545122516254,yourgirlrachael,2026-06-18,,No Transcript,0.0,0,453,2,0,2,0.442
7652817118039117070,autobrush,2026-06-18,,No Transcript,0.0,0,0,0,0,0,0
7652817144807279886,autobrush,2026-06-18,,No Transcript,0.0,0,19,0,0,0,0.0
7652817160959446286,autobrush,2026-06-18,,No Transcript,0.0,0,18,0,0,0,0.0
7652831879527189791,thatsjustkyler,2026-06-18,,No Transcript,0.0,0,1113,5,0,5,0.449
7652835559131434253,jahniquexo,2026-06-18,,No Transcript,0.0,0,599,7,0,7,1.169
7652837583143062814,alysah..momof3,2026-06-18,,No Transcript,0.0,0,329,8,2,10,3.04
7652837813834321165,burbuja571,2026-06-18,,No Transcript,0.0,0,44,3,0,3,6.818
7652864292571598093,sweetbutsourpatchkid,2026-06-18,,No Transcript,0.0,0,699,1,0,1,0.143
7652870573202214158,niccishops,2026-06-18,,No Transcript,0.0,0,353,5,0,5,1.416
7652877093788798221,burbuja571,2026-06-18,,No Transcript,0.0,0,54,5,2,7,12.963
7652882525475360031,colelectibles,2026-06-18,,No Transcript,0.0,0,2224,6,0,6,0.27
7652883305527872781,autobrush,2026-06-18,,No Transcript,0.0,0,33,0,0,0,0.0
7652924173869649165,katmindset,2026-06-19,,No Transcript,0.0,0,20,2,0,2,10.0
7652939204124609822,marlynkoester,2026-06-19,,No Transcript,0.0,0,1199,6,0,6,0.5
7652959375560019213,dorotheajording,2026-06-19,,No Transcript,0.0,0,752,2,0,2,0.266
7653009602660863262,onenonlyaubs,2026-06-19,,No Transcript,0.0,0,19044,299,2,301,1.581
7653098758867045662,bebitafernandez5,2026-06-19,,No Transcript,0.0,0,79,6,5,11,13.924
7653098927054425358,kimmykraor,2026-06-19,,No Transcript,0.0,0,651,5,0,5,0.768
7653126540133223711,loriyoung814,2026-06-19,,No Transcript,0.0,0,1045,1,0,1,0.096
7653155088998894878,brcrabtree,2026-06-19,,No Transcript,0.0,0,1066,5,0,5,0.469
7653155829876526349,pick_topia,2026-06-19,,No Transcript,0.0,0,145,1,0,1,0.69
7653156230965349662,honieyez,2026-06-19,,No Transcript,0.0,0,532,7,3,10,1.88
7653156668884274462,shoplockanddropit,2026-06-19,,No Transcript,0.0,0,531,1,0,1,0.188
7653162731473833229,autobrush,2026-06-19,,No Transcript,0.0,0,40,0,0,0,0.0
7653177654627077407,productostiktokshop,2026-06-19,,No Transcript,0.0,0,1027,0,0,0,0.0
7653185350197628173,acexaver,2026-06-19,,No Transcript,0.0,0,601,2,0,2,0.333
7653187437585239309,jesswalfoster,2026-06-19,,No Transcript,0.0,0,1051,10,0,10,0.951
7653192594624662815,alysah..momof3,2026-06-19,,No Transcript,0.0,0,747,6,0,6,0.803
7653193452112399646,alysah..momof3,2026-06-19,,No Transcript,0.0,0,618,8,0,8,1.294
7653198421356006687,johnsshop24,2026-06-19,,No Transcript,0.0,0,1296,1,0,1,0.077
7653223815975013645,autobrush,2026-06-19,,No Transcript,0.0,0,66,0,0,0,0.0
7653232325353803038,osofinds,2026-06-19,,No Transcript,0.0,0,1854,3,1,4,0.216
7653249174141488414,leonardbarber43,2026-06-19,,No Transcript,0.0,0,1100,2,0,2,0.182
7653249985386908958,leonardbarber43,2026-06-20,,No Transcript,0.0,0,633,3,0,3,0.474
7653266822518623501,sandysummers94,2026-06-19,"If you're always on a rush, you're gonna need",Direct Audience Call-Out,0.0,0,1060,2,0,2,0.189
7653268312024943903,leonardbarber43,2026-06-20,,No Transcript,0.0,0,998,8,0,8,0.802
7653268332296031501,sandysummers94,2026-06-19,,No Transcript,0.0,0,998,4,1,5,0.501
7653292692981550349,yuyimadera,2026-06-19,,No Transcript,0.0,0,269,0,0,0,0.0
7653299490732002573,mccoyfutchjourney,2026-06-20,,No Transcript,0.0,0,103,0,0,0,0.0
7653325339858308365,maiteag2020,2026-06-19,,No Transcript,0.0,0,38,5,0,5,13.158
7653331699614453006,nsanchez692,2026-06-19,,No Transcript,0.0,0,438,3,0,3,0.685
7653464515249540365,lifewithcookeee,2026-06-20,,No Transcript,0.0,0,1569,22,4,26,1.657
7653471855151500557,tina.livinginher40s,2026-06-20,,No Transcript,0.0,0,230,0,0,0,0.0
7653483106199981326,unclelenny81,2026-06-20,,No Transcript,0.0,0,1204,8,0,8,0.664
7653486654862200078,,2026-06-20,,No Transcript,0.0,0,601,3,0,3,0.499
7653492248033627406,leonard.barber.ii,2026-06-20,,No Transcript,0.0,0,793,4,0,4,0.504
7653517128481426719,elizabeth__br,2026-06-20,,No Transcript,0.0,0,1294,8,0,8,0.618
7653532629622410510,autobrush,2026-06-20,,No Transcript,0.0,0,8,0,0,0,0.0
7653581252221603085,autobrush,2026-06-20,,No Transcript,0.0,0,2,0,0,0,0.0
7653594318334217486,autobrush,2026-06-20,,No Transcript,0.0,0,45,0,0,0,0.0
7653594376345537823,mountaintophomestead,2026-06-20,,No Transcript,0.0,0,568,1,0,1,0.176
7653618726356520222,thehomemakermama,2026-06-20,,No Transcript,0.0,0,1834,2,0,2,0.109
7653640168829652237,liv_n_life_,2026-06-21,,No Transcript,0.0,0,1453,2,1,3,0.206
7653643843711044878,autobrush,2026-06-21,,No Transcript,0.0,0,1,0,0,0,0.0
7653653625629150478,mummaandmini1,2026-06-21,,No Transcript,0.0,0,137,7,2,9,6.569
7653690638818430221,needthedeets,2026-06-20,,No Transcript,0.0,0,2956,1,0,1,0.034
7653729704280689950,echofindstt,2026-06-20,,No Transcript,0.0,0,1385,1,0,1,0.072
7653730044572929310,echofindstt,2026-06-20,,No Transcript,0.0,0,1067,0,0,0,0.0
7653835772621032717,,2026-06-21,,No Transcript,0.0,0,36,1,0,1,2.778
7653839158380629261,kimmykraor,2026-06-21,,No Transcript,0.0,0,84,1,0,1,1.19
7653848535154052366,magicmama95,2026-06-21,,No Transcript,0.0,0,1515,13,1,14,0.924
7653871180314594574,leismarypach,2026-06-21,,No Transcript,0.0,0,390,9,0,9,2.308
7653882307564014862,tiktok_shop840,2026-06-22,,No Transcript,0.0,0,221,1,0,1,0.452
7653888130050837790,autobrush,2026-06-22,,No Transcript,0.0,0,18,0,0,0,0.0
7653892687057259790,lillieann772,2026-06-21,,No Transcript,0.0,0,264,1,0,1,0.379
7653905585800285471,autobrush,2026-06-25,,No Transcript,0.0,0,26,0,0,0,0.0
7653943331348647198,anjamama,2026-06-21,,No Transcript,0.0,0,14,0,0,0,0.0
7653948047675772191,alysah..momof3,2026-06-21,,No Transcript,0.0,0,574,9,0,9,1.568
7653948598647803167,alysah..momof3,2026-06-21,,No Transcript,0.0,0,1014,7,0,7,0.69
7653949814836612382,alysah..momof3,2026-06-21,,No Transcript,0.0,0,299,4,0,4,1.338
7653950457668209951,alysah..momof3,2026-06-21,,No Transcript,0.0,0,335,10,2,12,3.582
7653952740388900110,autobrush,2026-06-21,,No Transcript,0.0,0,1,0,0,0,0.0
7653964890972949791,bellabbold,2026-06-21,,No Transcript,0.0,0,83,2,0,2,2.41
7653969638337809678,jaredzamora39,2026-06-21,,No Transcript,0.0,0,69,2,0,2,2.899
7653971488009112845,tina.livinginher40s,2026-06-21,,No Transcript,0.0,0,360,1,0,1,0.278
7653977007616757005,liv_n_life_,2026-06-21,,No Transcript,0.0,0,407,3,0,3,0.737
7653995829459553566,zyrasmom,2026-06-21,,No Transcript,0.0,0,1387,9,0,9,0.649
7654000978303159583,anjamama,2026-06-21,,No Transcript,0.0,0,1209,2,3,5,0.414
7654026404627025166,autobrush,2026-06-22,,No Transcript,0.0,0,96,0,0,0,0.0
7654059467381755166,shopwithgabriela,2026-06-22,,No Transcript,0.0,0,104,4,1,5,4.808
7654059893439221005,phyleshaann,2026-06-22,,No Transcript,0.0,0,1400,3,1,4,0.286
7654062049915440414,shopwithgabriela,2026-06-23,,No Transcript,0.0,0,151,6,1,7,4.636
7654094094305676575,nyisha_walton,2026-06-22,,No Transcript,0.0,0,1007,5,0,5,0.497
7654178100430884126,mitten_mama21,2026-06-22,,No Transcript,0.0,0,366,1,0,1,0.273
7654196375508323615,rahelk22,2026-06-22,,No Transcript,0.0,0,662,5,5,10,1.511
7654201495461874975,risso2525,2026-06-22,,No Transcript,0.0,0,395,14,11,25,6.329
7654222223980432670,,2026-06-22,,No Transcript,0.0,0,23,1,0,1,4.348
7654250234473614606,heyyyleelee,2026-06-22,,No Transcript,0.0,0,744,8,2,10,1.344
7654251271171394846,viviana3vargas,2026-06-22,,No Transcript,0.0,0,846,3,0,3,0.355
7654342629701766431,anupathak33,2026-06-22,,No Transcript,0.0,0,101,4,1,5,4.95
7654348295317343502,jordantwiss,2026-06-22,,No Transcript,0.0,0,5,0,0,0,0.0
7654362290732518686,alysah..momof3,2026-06-22,,No Transcript,0.0,0,361,5,0,5,1.385
7654363712781847821,tiktokmarg,2026-06-22,,No Transcript,0.0,0,14,0,0,0,0.0
7654366475326639391,tiktokmarg,2026-06-22,,No Transcript,0.0,0,332,7,7,14,4.217
7654370144512134413,dansjournall,2026-06-22,,No Transcript,0.0,0,791,1,0,1,0.126
7654374970172149022,,2026-06-22,,No Transcript,0.0,0,43,4,0,4,9.302
7654376374601403679,nicole.mamalong,2026-06-23,,No Transcript,0.0,0,250,7,3,10,4.0
7654389445445143821,tina.livinginher40s,2026-06-23,,No Transcript,0.0,0,88,3,0,3,3.409
7654397900532763935,yashnakatel,2026-06-23,,No Transcript,0.0,0,50,5,0,5,10.0
7654399175139872013,autobrush,2026-06-23,,No Transcript,0.0,0,12,0,0,0,0.0
7654399256656153870,autobrush,2026-06-23,,No Transcript,0.0,0,227,0,0,0,0.0
7654405606660410638,joyintheordinary,2026-06-23,,No Transcript,0.0,0,508,6,0,6,1.181
7654423674908380430,daddybrownnnn,2026-06-23,,No Transcript,0.0,0,3143,9,0,9,0.286
7654427587120237837,daddybrownnnn,2026-06-24,,No Transcript,0.0,0,1881,2,0,2,0.106
7654428207311047949,daddybrownnnn,2026-06-25,"This is Autobrush, this is the newest way to",Demo / Product Intro,0.0,0,2574,2,0,2,0.078
7654428924910308622,julias_cozyhome,2026-06-22,,No Transcript,0.0,0,3,0,0,0,0.0
7654429345477430541,daddybrownnnn,2026-06-26,This is the brand new auto brush. This is,Demo / Product Intro,0.0,0,1452,4,0,4,0.275
7654429885737307406,daddybrownnnn,2026-06-27,How to brush your teeth in 30 seconds? You,Question,0.0,0,2785,4,0,4,0.144
7654526178736360734,icecreamfordinner,2026-06-23,,No Transcript,0.0,0,992,3,0,3,0.302
7654613673595456782,leonardbarber43,2026-06-23,,No Transcript,0.0,0,2069,6,0,6,0.29
7654646349174033678,autobrush,2026-06-23,,No Transcript,0.0,0,9,0,0,0,0.0
7654651051571694879,julias_cozyhome,2026-06-23,,No Transcript,0.0,0,349,0,0,0,0.0
7654671526838422798,thatmisfitmom,2026-06-23,,No Transcript,0.0,0,525,8,3,11,2.095
7654675488517934366,zyrasmom,2026-06-23,,No Transcript,0.0,0,598,10,1,11,1.839
7654676371737693453,kimmykraor,2026-06-23,,No Transcript,0.0,0,596,3,0,3,0.503
7654703005262040350,ugc.arykawelsh,2026-06-23,,No Transcript,0.0,0,1049,23,0,23,2.193
7654723596786339102,betteralternatives,2026-06-23,,No Transcript,0.0,0,1331,5,2,7,0.526
7654733275541343501,joyintheordinary,2026-06-23,,No Transcript,0.0,0,1,0,0,0,0.0
7654768009344535838,jdleon2022,2026-06-23,,No Transcript,0.0,0,558,4,0,4,0.717
7654773241696832781,joyintheordinary,2026-06-23,,No Transcript,0.0,0,229,8,0,8,3.493
7654795916674714910,shopwithgabriela,2026-06-24,,No Transcript,0.0,0,78,2,1,3,3.846
7654801014146534669,joyintheordinary,2026-06-24,,No Transcript,0.0,0,1368,5,0,5,0.365
7654801197215386894,wendyzelaya0303,2026-06-24,,No Transcript,0.0,0,105,8,0,8,7.619
7654806249262959902,yesisoto1122,2026-06-23,,No Transcript,0.0,0,97,0,0,0,0.0
7654809470073081119,yesisoto1122,2026-06-23,,No Transcript,0.0,0,69,0,0,0,0.0
7654814218780298510,itsjustanotherangie,2026-06-24,,No Transcript,0.0,0,188,4,0,4,2.128
7654820099810938125,hanna_suzannna,2026-06-24,,No Transcript,0.0,0,1579,3,3,6,0.38
7654905912552983839,mombrainboutique,2026-06-24,,No Transcript,0.0,0,387,1,0,1,0.258
7654909353291533599,mombrainboutique,2026-06-24,,No Transcript,0.0,0,443,2,0,2,0.451
7654989000721059103,adhikarisankalpa,2026-06-24,,No Transcript,0.0,0,48,12,2,14,29.167
7654998425045355807,k9_unit_369,2026-06-24,,No Transcript,0.0,0,1197,2,0,2,0.167
7655010300772617486,yanibelcorrea,2026-06-24,,No Transcript,0.0,0,169,4,4,8,4.734
7655010963736759582,kelsiemink,2026-06-24,,No Transcript,0.0,0,718,4,0,4,0.557
7655014553134140686,derrick.huynh,2026-06-24,,No Transcript,0.0,0,467,4,0,4,0.857
7655020667552746766,notjulessss,2026-06-24,,No Transcript,0.0,0,498,3,1,4,0.803
7655057234639981837,aidearellano8,2026-06-24,,No Transcript,0.0,0,48,2,0,2,4.167
7655060217553587487,a.hutch99,2026-06-24,,No Transcript,0.0,0,465,6,7,13,2.796
7655060419559705870,reynameridabeauty,2026-06-24,,No Transcript,0.0,0,1920,4,1,5,0.26
7655088409676975373,jmgshop850,2026-06-24,,No Transcript,0.0,0,795,8,0,8,1.006
7655102339119861005,autobrush,2026-06-24,,No Transcript,0.0,0,17,0,0,0,0.0
7655103130052414751,jdleon2022,2026-06-24,,No Transcript,0.0,0,125,2,0,2,1.6
7655103562359360798,nicole.mamalong,2026-06-24,,No Transcript,0.0,0,494,8,2,10,2.024
7655114959981956365,niccishops,2026-06-24,,No Transcript,0.0,0,787,13,0,13,1.652
7655117087572102430,braydentheplug,2026-06-24,,No Transcript,0.0,0,249,1,0,1,0.402
7655127291302825247,arianezenyez,2026-06-24,,No Transcript,0.0,0,1192,2,0,2,0.168
7655161607047089438,worth.the_hype,2026-06-25,,No Transcript,0.0,0,1297,6,0,6,0.463
7655163979605495053,ashleynicoleecook,2026-06-25,,No Transcript,0.0,0,824,17,0,17,2.063
7655178491419233567,mckenna.momof3,2026-06-25,,No Transcript,0.0,0,1916,3,1,4,0.209
7655200551826722078,guerlancia15,2026-06-25,,No Transcript,0.0,0,17250,365,14,379,2.197
7655208535374023967,sheraseven1theoriginal,2026-06-25,,No Transcript,0.0,0,19184,204,5,209,1.089
7655213287411371278,nsanchez692,2026-06-24,,No Transcript,0.0,0,850,7,0,7,0.824
7655274419484396814,chanteldougherty,2026-06-25,,No Transcript,0.0,0,882,2,0,2,0.227
7655346031214857486,hanna_suzannna,2026-06-25,,No Transcript,0.0,0,573,2,1,3,0.524
7655349918910991629,hemapathak91,2026-06-25,,No Transcript,0.0,0,1119,54,43,97,8.668
7655402893633260813,taniasulema1,2026-06-25,,No Transcript,0.0,0,32,0,0,0,0.0
7655447845075422495,joshopsalot,2026-06-25,,No Transcript,0.0,0,2108,3,0,3,0.142
7655454341016390925,chareevibes,2026-06-25,,No Transcript,0.0,0,143,1,0,1,0.699
7655492125693447437,aidearellano8,2026-06-25,,No Transcript,0.0,0,56,2,0,2,3.571
7655512665124621599,tinytrendfinds724,2026-06-26,,No Transcript,0.0,0,535,5,0,5,0.935
7655512713761754382,autobrush,2026-06-26,,No Transcript,0.0,0,138,0,0,0,0.0
7655535462060281101,chanteldougherty,2026-06-26,,No Transcript,0.0,0,441,2,0,2,0.454
7655543266472922382,adri.01am,2026-06-26,,No Transcript,0.0,0,526,3,0,3,0.57
7655650832616017166,pattys.shop2,2026-06-26,,No Transcript,0.0,0,55,16,3,19,34.545
7655753816125541663,niccishops,2026-06-26,Here's the latest haul from myself. It came in,Personal Story / POV,0.0,0,1735,11,0,11,0.634
7655765644717133087,nataliec_3115,2026-06-26,,No Transcript,0.0,0,227,12,2,14,6.167
7655775159936109855,familyblancoc,2026-06-26,"Si batallas con cepillar a tus niños, this was",Direct Audience Call-Out,0.0,0,1200,5,0,5,0.417
7655796738342554910,thismamasonamission,2026-06-26,My special needs parents. If you've not tried a,Direct Audience Call-Out,0.0,0,1213,18,11,29,2.391
7655801715563744543,yesisoto1122,2026-06-26,,No Transcript,0.0,0,326,0,0,0,0.0
7655809033454062862,laura_anee,2026-06-26,,No Transcript,0.0,0,1050,0,0,0,0.0
7655811391693147422,yesisoto1122,2026-06-26,,No Transcript,0.0,0,358,0,0,0,0.0
7655814315047488799,aholderdogmom,2026-06-26,,No Transcript,0.0,0,506,2,0,2,0.395
7655814847350852894,nanaholder76,2026-06-26,,No Transcript,0.0,0,999,2,0,2,0.2
7655842142065134878,therealandeerae,2026-06-26,Some of us have a hard time brushing. This,Direct Audience Call-Out,0.0,0,1776,5,1,6,0.338
7655845408060624159,zaigilhernandez,2026-06-26,,No Transcript,0.0,0,37,1,0,1,2.703
7655849825103023391,betteralternatives,2026-06-26,So apparently lasting 30 seconds is a good thing.,Curiosity / Open Loop,0.0,0,1224,3,1,4,0.327
7655887068236614925,risa.bradford,2026-06-27,The world's first 3D U-shape electric toothbrush. It comes,Bold Claim / Benefit,0.0,0,1305,2,0,2,0.153
7655901820241415437,autobrush,2026-06-27,,No Transcript,0.0,0,37,0,0,0,0.0
7655943911227067662,autobrush,2026-06-27,,No Transcript,0.0,0,39,0,0,0,0.0
7656060180890750221,captainobvious.here,2026-06-27,,No Transcript,0.0,0,722,0,0,0,0.0
7656098189690391821,tonfinds,2026-06-27,Look at this.,Other / No Clear Hook,0.0,0,1711,0,0,0,0.0
7656112826494340382,ucgmeganb,2026-06-27,,No Transcript,0.0,0,532,2,0,2,0.376
7656125977679891726,tina.livinginher40s,2026-06-27,,No Transcript,0.0,0,85,9,0,9,10.588
7656136338428775711,betteralternatives,2026-06-27,Lasting 30 seconds is cool now 😎 Apparently lasting,Curiosity / Open Loop,0.0,0,1371,1,0,1,0.073
7656149003452550431,zyrasmom,2026-06-27,,No Transcript,0.0,0,1193,5,0,5,0.419
7656172647415287070,thekinder.house,2026-06-27,,No Transcript,0.0,0,778,2,0,2,0.257
7656178213726457119,ashtanmirae,2026-06-27,,No Transcript,0.0,0,58,0,0,0,0.0
7656189414669880589,autobrush,2026-06-27,,No Transcript,0.0,0,10,0,0,0,0.0
7656190079022468365,anaveedailysales,2026-06-27,,No Transcript,0.0,0,203,2,0,2,0.985
7656192640072928526,josevega936,2026-06-27,,No Transcript,0.0,0,198,1,0,1,0.505
7656192645538106655,sophialease,2026-06-27,I'm brushing my teeth right now... It says it's,Personal Story / POV,0.0,0,1329,9,0,9,0.677
7656203136234753311,ashtanmirae,2026-06-27,,No Transcript,0.0,0,757,4,0,4,0.528
7656212123659324703,itsmelawanda,2026-06-27,"Look at this AutoBrush, the viral AutoBrush. What this",Demo / Product Intro,0.0,0,1092,6,0,6,0.549
7656212249308105997,kellycruzshop,2026-06-27,,No Transcript,0.0,0,629,3,0,3,0.477
7656230635450748190,alysah..momof3,2026-06-28,,No Transcript,0.0,0,467,12,17,29,6.21
7656244155902921997,autobrush,2026-06-28,,No Transcript,0.0,0,2,0,0,0,0.0
7656252752028273933,autobrush,2026-06-28,,No Transcript,0.0,0,2,0,0,0,0.0
7656272378204310814,zaigilhernandez,2026-06-27,,No Transcript,0.0,0,148,0,0,0,0.0
7656277742241058078,jenniferryals,2026-06-28,This is one of those things that I've been,Personal Story / POV,0.0,0,1777,7,1,8,0.45
7656284766832053518,autobrush,2026-06-28,,No Transcript,0.0,0,1,0,0,0,0.0
7656284767280811278,autobrush,2026-06-28,,No Transcript,0.0,0,24,0,0,0,0.0
7656303432168410381,discountdropsdaily,2026-06-28,,No Transcript,0.0,0,627,2,0,2,0.319
7656314773440662798,autobrush,2026-06-28,,No Transcript,0.0,0,17,0,0,0,0.0
7656345677496061214,michelle.speakman3,2026-06-28,Do not buy the auto brush if you want,Shock / Warning / Pattern Interrupt,0.0,0,1112,9,0,9,0.809
7656347477972421918,michelle.speakman3,2026-06-27,,No Transcript,0.0,0,660,17,0,17,2.576
7656470992369274125,sara.calmvibes0827,2026-06-28,,No Transcript,0.0,0,683,5,3,8,1.171
7656472420198518029,nalusmom,2026-06-28,,No Transcript,0.0,0,13,0,0,0,0.0
7656497083318340878,humble..narcissist,2026-06-28,This is the automatic toothbrush. My teeth actually feel,Social Proof / Testimonial,0.0,0,2306,5,0,5,0.217
7656510800386886942,justlexenee,2026-06-28,,No Transcript,0.0,0,247,2,0,2,0.81
7656544927106534687,alysah..momof3,2026-06-28,,No Transcript,0.0,0,834,7,2,9,1.079
7656564620651547918,denturedame,2026-06-28,,No Transcript,0.0,0,708,1,0,1,0.141
7656586632052755742,betteralternatives,2026-06-28,Lasting 30 seconds is cool. So apparently lasting only,Curiosity / Open Loop,0.0,0,1320,4,0,4,0.303
7656586821190667551,rose_mama_tt_shop,2026-06-28,Car wash for your teeth. I present to you,Bold Claim / Benefit,0.0,0,1437,6,1,7,0.487
7656587128092085534,betteralternatives,2026-06-29,Lasting 30 seconds is a long time now?! Lasting,Question,0.0,0,2686,7,1,8,0.298
7656587998796057887,rose_mama_tt_shop,2026-06-28,,No Transcript,0.0,0,744,3,0,3,0.403
7656602052637773069,aaratipalmadai,2026-06-29,,No Transcript,0.0,0,404,22,6,28,6.931
7656623559300664590,autobrush,2026-06-29,,No Transcript,0.0,0,3,0,0,0,0.0
7656626867356634381,tina.livinginher40s,2026-06-29,,No Transcript,0.0,0,257,8,0,8,3.113
7656627391996955917,autobrush,2026-06-29,,No Transcript,0.0,0,0,0,0,0,0
7656631111627361567,sophialease,2026-06-29,,No Transcript,0.0,0,518,4,0,4,0.772
7656640044945493279,nats.journey0,2026-06-29,,No Transcript,0.0,0,643,5,0,5,0.778
7656650144577801502,meganshops,2026-06-29,finally the mom who is on top of it,Social Proof / Testimonial,0.0,0,1126,3,0,3,0.266
7656653010780654878,nyisha_walton,2026-06-29,,No Transcript,0.0,0,692,6,2,8,1.156
7656658208584437005,autobrush,2026-06-29,,No Transcript,0.0,0,9,0,0,0,0.0
7656666469949885727,marandawill22,2026-06-29,,No Transcript,0.0,0,685,5,2,7,1.022
7656687434666691871,bradgamez,2026-06-29,"What do you mean the sale ends today? Yes,",Question,0.0,0,1062,3,0,3,0.282
7656718435505671454,drizzledfinds,2026-06-28,,No Transcript,0.0,0,872,1,0,1,0.115
7656719976614645023,drizzledfinds,2026-06-28,,No Transcript,0.0,0,719,0,0,0,0.0
7656744703051762975,sisijvibes,2026-06-29,,No Transcript,0.0,0,135,6,3,9,6.667
7656813665554943245,leonardbarber43,2026-06-29,,No Transcript,0.0,0,308,5,0,5,1.623
7656817116074495245,matter.8921,2026-06-29,,No Transcript,0.0,0,191,0,0,0,0.0
7656847083294526750,alysah..momof3,2026-06-29,,No Transcript,0.0,0,785,5,0,5,0.637
7656859264392252686,aaratipalmadai,2026-06-29,,No Transcript,0.0,0,84,15,3,18,21.429
7656870934476901663,buddythedoggy3,2026-06-29,,No Transcript,0.0,0,1039,3,0,3,0.289
7656885831952649503,thenutrideals,2026-06-29,,No Transcript,0.0,0,7365,2,0,2,0.027
7656890424413506830,anaveedailysales,2026-06-29,,No Transcript,0.0,0,76,9,0,9,11.842
7656926339466824973,hellosir789,2026-06-30,,No Transcript,0.0,0,427,2,0,2,0.468
7656933236622232863,marquez485,2026-06-29,,No Transcript,0.0,0,714,3,0,3,0.42
7656975874901740831,buddythedoggy3,2026-06-29,,No Transcript,0.0,0,453,0,0,0,0.0
7656976377882725663,buddythedoggy3,2026-06-29,,No Transcript,0.0,0,506,0,0,0,0.0
7656976566173338910,calebscorner1,2026-06-30,,No Transcript,0.0,0,250,0,0,0,0.0
7656977358771047694,thenutrideals,2026-06-30,,No Transcript,0.0,0,529,0,0,0,0.0
7656977979142114574,thenutrideals,2026-06-30,,No Transcript,0.0,0,539,0,0,0,0.0
7656989161915780382,killer.abbs,2026-06-30,,No Transcript,0.0,0,1263,2,1,3,0.238
7656993272253959437,tina.livinginher40s,2026-06-30,,No Transcript,0.0,0,138,7,0,7,5.072
7656994492553202957,autobrush,2026-06-30,,No Transcript,0.0,0,27,0,0,0,0.0
7656996716163386638,premthapa2341,2026-06-30,,No Transcript,0.0,0,495,9,0,9,1.818
7657012980311248141,dylam2025,2026-06-29,,No Transcript,0.0,0,206,7,5,12,5.825
7657019425421282573,autobrush,2026-06-30,,No Transcript,0.0,0,9,0,0,0,0.0
7657027406519176479,shelbyreints22,2026-06-30,I bet you are waiting for something to hit,Curiosity / Open Loop,0.0,0,1079,6,0,6,0.556
7657033995431005453,tina.livinginher40s,2026-06-30,,No Transcript,0.0,0,598,6,1,7,1.171
7657039528321977630,marlynkoester,2026-06-30,,No Transcript,0.0,0,814,2,0,2,0.246
7657046936653942046,luxmee_saanvi,2026-06-29,,No Transcript,0.0,0,136,4,0,4,2.941
7657177940160941325,userunknowm04,2026-06-30,,No Transcript,0.0,0,120,13,2,15,12.5
7657203414677458206,daymusic92,2026-06-30,,No Transcript,0.0,0,518,5,0,5,0.965
7657206067914476814,anaveedailysales,2026-06-30,,No Transcript,0.0,0,75,2,0,2,2.667
7657223136441683230,coralfindstt,2026-06-30,,No Transcript,0.0,0,475,0,0,0,0.0
7657223324266663199,coralfindstt,2026-06-30,,No Transcript,0.0,0,692,1,0,1,0.145
7657244307786632462,autobrush,2026-06-30,,No Transcript,0.0,0,4,0,0,0,0.0
7657255236272180494,franklin_thebulldog,2026-06-30,,No Transcript,0.0,0,383,4,3,7,1.828
7657255450223693070,lifemadesimplerhub,2026-06-30,,No Transcript,0.0,0,33,0,0,0,0.0
7657256820825738526,coralfindstt,2026-06-30,,No Transcript,0.0,0,445,1,0,1,0.225
7657279899396312333,hannah.rae.ugc,2026-06-30,,No Transcript,0.0,0,189,7,2,9,4.762
7657303554629143822,autobrush,2026-06-30,,No Transcript,0.0,0,112,0,0,0,0.0
7657304071233195277,dmbjewel,2026-06-30,,No Transcript,0.0,0,571,7,1,8,1.401
7657305508629450015,swishasweet11,2026-06-30,,No Transcript,0.0,0,79,3,0,3,3.797
7657314271721819422,dadfitshop,2026-06-30,,No Transcript,0.0,0,730,2,0,2,0.274
7657325837942885663,ammareviewrealm,2026-06-30,,No Transcript,0.0,0,155,2,0,2,1.29
7657360227582463246,autobrush,2026-07-01,,No Transcript,0.0,0,8,0,0,0,0.0
7657378913068354830,,2026-07-01,,No Transcript,0.0,0,427,1,0,1,0.234
7657378958446562573,,2026-07-01,,No Transcript,0.0,0,183,4,0,4,2.186
7657383541323386142,nuclear_nomads,2026-07-01,,No Transcript,0.0,0,476,0,0,0,0.0
7657398732404706573,tina.livinginher40s,2026-07-01,,No Transcript,0.0,0,345,9,1,10,2.899
7657422601693711646,luxmee_saanvi,2026-07-01,,No Transcript,0.0,0,178,9,2,11,6.18
7657428275064491277,autobrush,2026-07-01,,No Transcript,0.0,0,1,0,0,0,0.0
7657429858384923918,ckaris725,2026-07-01,,No Transcript,0.0,0,202,1,0,1,0.495
7657432427576446238,darwinchaviel4,2026-07-01,,No Transcript,0.0,0,971,2,0,2,0.206
7657563351261760782,felstokes,2026-07-01,,No Transcript,0.0,0,83,0,0,0,0.0
7657604471345761550,adam.eagle1,2026-07-01,افضل فرشاة أسنان لتنظيف الأسنان بعمق تنظيف دقيق كلها,Bold Claim / Benefit,0.0,0,4942,87,4,91,1.841
7657606606665927949,theprettylittlehome,2026-07-01,an easier way to brush your kids teeth everyday,Bold Claim / Benefit,0.0,0,1209,4,0,4,0.331
7657609734459100430,swishasweet11,2026-07-01,,No Transcript,0.0,0,425,4,0,4,0.941
7657627856230550797,d.sotoo,2026-07-01,,No Transcript,0.0,0,742,3,0,3,0.404
7657637362373086495,michgirlmom1,2026-07-01,,No Transcript,0.0,0,1,0,0,0,0.0
7657651038488366366,autobrush,2026-07-01,,No Transcript,0.0,0,40,0,0,0,0.0
7657679743965236493,dealswithsunny,2026-07-01,,No Transcript,0.0,0,900,5,0,5,0.556
7657683991549447437,franklin_thebulldog,2026-07-01,,No Transcript,0.0,0,494,5,5,10,2.024
7657699903417683213,ry_knows,2026-07-01,,No Transcript,0.0,0,1009,1,0,1,0.099
7657712366569737503,sisijvibes,2026-07-01,,No Transcript,0.0,0,128,7,1,8,6.25
7657714135420898574,derrick.huynh,2026-07-02,,No Transcript,0.0,0,494,3,0,3,0.607
7657726620752416014,discountdropsdaily,2026-07-02,,No Transcript,0.0,0,362,4,0,4,1.105
7657727125553745183,marlynkoester,2026-07-02,,No Transcript,0.0,0,667,3,0,3,0.45
7657736677317692686,autobrush,2026-07-02,,No Transcript,0.0,0,50,0,0,0,0.0
7657742506871868703,mdbeauty13,2026-07-02,,No Transcript,0.0,0,267,24,8,32,11.985
7657743294289546527,regularmomhere,2026-07-02,,No Transcript,0.0,0,341,2,0,2,0.587
7657761920706972958,marquez485,2026-07-01,,No Transcript,0.0,0,465,2,0,2,0.43
7657773815736454414,maiteag2020,2026-07-01,,No Transcript,0.0,0,531,5,0,5,0.942
7657775613343714590,chismecitoshop,2026-07-01,,No Transcript,0.0,0,26,0,0,0,0.0
7657785133717540109,lilianagil1,2026-07-01,,No Transcript,0.0,0,254,6,0,6,2.362
7657789755488275743,melissahernandez6622,2026-07-01,,No Transcript,0.0,0,57,8,1,9,15.789
7657799657157872910,autobrush,2026-07-02,,No Transcript,0.0,0,1,0,0,0,0.0
7657815411500600606,sophialease,2026-07-02,,No Transcript,0.0,0,828,6,0,6,0.725
7657901073268542734,teela56,2026-07-02,,No Transcript,0.0,0,586,3,1,4,0.683
7657946328525262110,michellekruse_,2026-07-02,,No Transcript,0.0,0,41,0,0,0,0.0
7657947179948035359,jessejames5990,2026-07-02,,No Transcript,0.0,0,661,6,0,6,0.908
7657975933168651533,,2026-07-02,,No Transcript,0.0,0,1,0,0,0,0.0
7657978858137849102,,2026-07-02,,No Transcript,0.0,0,41,0,0,0,0.0
7657984983541222686,_itskelsssss,2026-07-02,Viral kids toothbrush This auto brush for kids and,Demo / Product Intro,0.0,0,1059,7,0,7,0.661
7657987937727974670,baileyalley,2026-07-02,,No Transcript,0.0,0,113,0,0,0,0.0
7657993478772624654,,2026-07-02,,No Transcript,0.0,0,454,2,1,3,0.661
7658017591780216077,chancijo,2026-07-02,,No Transcript,0.0,0,71,2,0,2,2.817
7658024609140247822,baileyalley,2026-07-02,,No Transcript,0.0,0,93,0,0,0,0.0
7658031346744364301,baileyalley,2026-07-02,,No Transcript,0.0,0,902,2,0,2,0.222
7658040304800501006,anuskagouli,2026-07-02,,No Transcript,0.0,0,286,9,0,9,3.147
7658046509216288013,autobrush,2026-07-02,,No Transcript,0.0,0,7,0,0,0,0.0
7658076697123654943,trustbigd1,2026-07-02,HOLD IT... July 3-4rd the AUTO BRISH is VIOLENTLY,Offer / Deal / Urgency,0.0,0,4320,3,1,4,0.093
7658107729403202829,autobrush,2026-07-03,,No Transcript,0.0,0,10,0,0,0,0.0
7658107796386237710,autobrush,2026-07-03,,No Transcript,0.0,0,391,0,0,0,0.0
7658124807564709134,sandrorussor,2026-07-03,,No Transcript,0.0,0,156,1,0,1,0.641
7658141966806437151,discountdropsdaily,2026-07-03,,No Transcript,0.0,0,650,2,0,2,0.308
7658148671703272717,,2026-07-03,,No Transcript,0.0,0,815,12,0,12,1.472
7658148792927063327,styledbysammy24,2026-07-03,Traditional toothbrushes are wonderful and great in all those,Curiosity / Open Loop,0.0,0,1221,5,1,6,0.491
7658150714283150623,julias_cozyhome,2026-07-02,,No Transcript,0.0,0,948,2,0,2,0.211
7658152916586401038,lovelyfindzz,2026-07-02,,No Transcript,0.0,0,6,0,0,0,0.0
7658156396755586318,lovelyfindzz,2026-07-02,,No Transcript,0.0,0,645,2,0,2,0.31
7658158302265642254,lovelyfindzz,2026-07-02,,No Transcript,0.0,0,670,2,0,2,0.299
7658167258174344478,nuclear_nomads,2026-07-02,,No Transcript,0.0,0,2,0,0,0,0.0
7658175189544373535,nuclear_nomads,2026-07-02,,No Transcript,0.0,0,436,8,2,10,2.294
7658264257611549982,lisam_lifestyle,2026-07-03,Toothbrushes are banned in my house. I don't care,Shock / Warning / Pattern Interrupt,0.0,0,1853,8,0,8,0.432
7658281962108374303,stephanieratto_,2026-07-03,,No Transcript,0.0,0,117,5,0,5,4.274
7658304037556702494,colelectibles,2026-07-03,"They say she finished in 30 seconds. With 18,000",Curiosity / Open Loop,0.0,0,4061,5,0,5,0.123
7658327256250469646,lauriereidhutches,2026-07-03,,No Transcript,0.0,0,694,0,0,0,0.0
7658374471421578509,brennanwterry,2026-07-03,,No Transcript,0.0,0,241,0,0,0,0.0
7658375352166681869,brennanwterry,2026-07-03,,No Transcript,0.0,0,107,2,0,2,1.869
7658376125961227533,brennanwterry,2026-07-03,,No Transcript,0.0,0,87,0,0,0,0.0
7658394997649181966,sarahbelleworkingmomof3,2026-07-03,If only I'd found this sooner... my kids bedtime,Problem / Pain Point,0.0,0,1585,4,0,4,0.252
7658403768878288141,h3ath3r80,2026-07-03,,No Transcript,0.0,0,704,6,4,10,1.42
7658405544801111326,growingjessestyle,2026-07-03,Last six months I've spent roughly around $35 on,Personal Story / POV,0.0,0,1494,5,0,5,0.335
7658405764792388878,sarahbelleworkingmomof3,2026-07-03,The REGRET from not finding this sooner. I can't,Social Proof / Testimonial,0.0,0,1411,4,0,4,0.283
7658409031429639437,sandybarneswatkins,2026-07-04,,No Transcript,0.0,0,643,3,2,5,0.778
7658415975313804575,lafamilia_catala,2026-07-03,,No Transcript,0.0,0,443,9,1,10,2.257
7658420137187478797,dawson_cupons,2026-07-03,,No Transcript,0.0,0,464,0,0,0,0.0
7658421283016740109,gratefulher8,2026-07-03,,No Transcript,0.0,0,486,1,0,1,0.206
7658423349793525006,sarahbelleworkingmomof3,2026-07-03,This is why you always read the reviews before,Curiosity / Open Loop,0.0,0,1110,2,0,2,0.18
7658427777292455198,growingjessestyle,2026-07-04,The comparison is unreal. Look at all of those,Bold Claim / Benefit,0.0,0,1362,4,0,4,0.294
7658449233783049502,bylizsuarez,2026-07-03,,No Transcript,0.0,0,6,0,0,0,0.0
7658451298857061663,bylizsuarez,2026-07-03,,No Transcript,0.0,0,1,0,0,0,0.0
7658452493323504927,bylizsuarez,2026-07-03,,No Transcript,0.0,0,93,5,0,5,5.376
7658461799691472142,sarahbelleworkingmomof3,2026-07-04,,No Transcript,0.0,0,995,2,0,2,0.201
7658465657989664013,sarahbelleworkingmomof3,2026-07-04,Congrats if you waited til today bc the kids,Offer / Deal / Urgency,0.0,0,1827,5,0,5,0.274
7658489581800623374,katiemomma4,2026-07-04,,No Transcript,0.0,0,32,0,0,0,0.0
7658495785725742349,autobrush,2026-07-04,,No Transcript,0.0,0,1,0,0,0,0.0
7658501827255717150,regularmomhere,2026-07-04,when you want a magic toothbrush just like your,Personal Story / POV,0.0,0,1049,2,3,5,0.477
7658527184281226509,kaylynfinds,2026-07-04,,No Transcript,0.0,0,920,6,4,10,1.087
7658574445178637598,the_lasthokage_,2026-07-04,,No Transcript,0.0,0,913,1,0,1,0.11
7658650289196616991,michelle.speakman3,2026-07-04,Have you been seeing the autobrush everywhere like me?,Question,0.0,0,1151,13,1,14,1.216
7658686393337646349,itsangelaactually,2026-07-04,,No Transcript,0.0,0,585,5,1,6,1.026
7658691280528002318,sarahbelleworkingmomof3,2026-07-04,by my American pie. drove my to the but,Other / No Clear Hook,0.0,0,4512,7,0,7,0.155
7658699893791362334,mirandasalty,2026-07-05,I'm going to try out the auto brush to,Personal Story / POV,0.0,0,1322,4,2,6,0.454
7658724385146162445,sarahpjsk,2026-07-04,,No Transcript,0.0,0,492,0,0,0,0.0
7658765168641363230,dakotafindstt,2026-07-04,The summer sale on the AutoBrush makes it a,Offer / Deal / Urgency,0.0,0,1224,1,0,1,0.082
7658765222542396702,dakotafindstt,2026-07-04,,No Transcript,0.0,0,345,1,0,1,0.29
7658775050769698079,stephanieratto_,2026-07-04,,No Transcript,0.0,0,752,3,0,3,0.399
7658780955758365966,aprilesquivel,2026-07-04,,No Transcript,0.0,0,821,15,1,16,1.949
7658781083684572430,kesiana.michelle,2026-07-04,,No Transcript,0.0,0,963,5,0,5,0.519
7658821046140800287,samy_houstonlovebosna,2026-07-04,,No Transcript,0.0,0,737,37,36,73,9.905
7658842427020594462,melissahernandez6622,2026-07-04,,No Transcript,0.0,0,81,6,0,6,7.407
7658859358683548942,nishaandrea91,2026-07-05,"I got an auto brush, kids toothbrush. You can",Demo / Product Intro,0.0,0,1127,4,0,4,0.355
7658864793058675998,nuclear_nomads,2026-07-05,,No Transcript,0.0,0,928,0,1,1,0.108
7658868246359182606,autobrush,2026-07-05,,No Transcript,0.0,0,110,0,0,0,0.0
7658911734719171854,autobrush,2026-07-05,,No Transcript,0.0,0,8,0,0,0,0.0
7659085802915302670,christianmama13,2026-07-05,,No Transcript,0.0,0,1008,8,0,8,0.794
7659094504082869535,bxmom92,2026-07-05,,No Transcript,0.0,0,287,5,1,6,2.091
7659095425017728286,hrmarciano,2026-07-05,,No Transcript,0.0,0,724,1,0,1,0.138
7659096014858571038,hrmarciano,2026-07-05,,No Transcript,0.0,0,185,0,0,0,0.0
7659097521737764110,autobrush,2026-07-05,,No Transcript,0.0,0,90,0,0,0,0.0
7659104895726800142,addie_baeby,2026-07-05,,No Transcript,0.0,0,565,3,0,3,0.531
7659134862112165150,losverahome,2026-07-05,,No Transcript,0.0,0,441,1,0,1,0.227
7659137610891185438,growingjessestyle,2026-07-05,Don't be cheap. When you want to come at,Shock / Warning / Pattern Interrupt,0.0,0,2175,3,0,3,0.138
7659144969126513933,sandybarneswatkins,2026-07-12,,No Transcript,0.0,0,793,2,0,2,0.252
7659157563354729742,autobrush,2026-07-05,,No Transcript,0.0,0,9,0,0,0,0.0
7659163628964187423,michelle.speakman3,2026-07-05,,No Transcript,0.0,0,14,0,0,0,0.0
7659163634483875102,absolutelyaylamarie,2026-07-05,,No Transcript,0.0,0,328,3,0,3,0.915
7659180861979446541,liv_n_life_,2026-07-05,,No Transcript,0.0,0,531,3,0,3,0.565
7659182734379633933,liv_n_life_,2026-07-05,,No Transcript,0.0,0,109,1,0,1,0.917
7659183197598584077,liv_n_life_,2026-07-05,,No Transcript,0.0,0,240,0,0,0,0.0
7659189963610688781,cole_schwartz,2026-07-05,,No Transcript,0.0,0,44,0,0,0,0.0
7659220208749481230,autobrush,2026-07-06,,No Transcript,0.0,0,16,0,0,0,0.0
7659220254928686350,autobrush,2026-07-06,,No Transcript,0.0,0,9,0,0,0,0.0
7659227733800652045,lifemadesimplerhub,2026-07-05,,No Transcript,0.0,0,13,0,0,0,0.0
7659230826839805214,michelle.speakman3,2026-07-06,Vacation usually means one thing...every routine goes out the,Personal Story / POV,0.0,0,1746,18,0,18,1.031
7659242852551052558,curated.finds.by.morgan,2026-07-06,,No Transcript,0.0,0,688,2,0,2,0.291
7659262777705450783,alejandrarsblanco,2026-07-06,,No Transcript,0.0,0,273,4,0,4,1.465
7659264661405175054,royaltyfragrances7,2026-07-05,,No Transcript,0.0,0,880,12,2,14,1.591
7659265111344827678,swishasweet11,2026-07-06,,No Transcript,0.0,0,663,9,0,9,1.357
7659272620826823967,shopwithgabriela,2026-07-06,,No Transcript,0.0,0,398,5,1,6,1.508
7659273345573096735,melissahernandez6622,2026-07-06,,No Transcript,0.0,0,160,4,0,4,2.5
7659274606724828429,isxbella.xo,2026-07-06,,No Transcript,0.0,0,550,12,3,15,2.727
7659275222301887775,styledbysammy24,2026-07-06,Raise your hand if you still count or sing,Direct Audience Call-Out,0.0,0,1084,4,0,4,0.369
7659284046488276237,autobrush,2026-07-06,,No Transcript,0.0,0,1,0,0,0,0.0
7659284065228492046,autobrush,2026-07-06,,No Transcript,0.0,0,1,0,0,0,0.0
7659284988835286302,lilies20.0,2026-07-05,,No Transcript,0.0,0,19,5,1,6,31.579
7659433485689539853,pamela.garcci,2026-07-06,,No Transcript,0.0,0,110,0,0,0,0.0
7659455409459154189,lebel.finds,2026-07-06,This oughta do the trick,Other / No Clear Hook,0.0,0,2405,5,0,5,0.208
7659465406683303182,daws_deals,2026-07-06,,No Transcript,0.0,0,22,0,0,0,0.0
7659470169558748429,autobrush,2026-07-06,,No Transcript,0.0,0,10,0,0,0,0.0
7659480480454085901,funkin_good_deals,2026-07-06,,No Transcript,0.0,0,92,0,0,0,0.0
7659481149600845070,funkin_good_deals,2026-07-06,,No Transcript,0.0,0,107,0,0,0,0.0
7659481696718343437,funkin_good_deals,2026-07-06,,No Transcript,0.0,0,274,0,0,0,0.0
7659502026606300430,javajscoffeeco,2026-07-06,,No Transcript,0.0,0,720,12,6,18,2.5
7659506661928799519,karina___c,2026-07-06,,No Transcript,0.0,0,1051,5,0,5,0.476
7659507309034360077,sharons_deals,2026-07-06,,No Transcript,0.0,0,620,0,0,0,0.0
7659515424693865758,fittogether_65,2026-07-07,Is this a toothbrush? Do you still have fuzzy,Question,0.0,0,1151,3,1,4,0.348
7659530733660245261,autobrush,2026-07-06,,No Transcript,0.0,0,1,0,0,0,0.0
7659530750785522958,autobrush,2026-07-06,,No Transcript,0.0,0,137,0,0,0,0.0
7659530824806714638,autobrush,2026-07-06,,No Transcript,0.0,0,20,0,0,0,0.0
7659531017753087262,consuelo.reviews,2026-07-06,,No Transcript,0.0,0,70,4,0,4,5.714
7659531230479797518,premthapa2341,2026-07-06,,No Transcript,0.0,0,234,7,1,8,3.419
7659553819747011870,r3inofficial,2026-07-06,,No Transcript,0.0,0,463,1,0,1,0.216
7659564522788736269,stephs.7187,2026-07-06,,No Transcript,0.0,0,55,1,0,1,1.818
7659565842836786446,elandrau,2026-07-06,,No Transcript,0.0,0,232,1,0,1,0.431
7659566032092187917,stephs.7187,2026-07-06,,No Transcript,0.0,0,34,1,0,1,2.941
7659570217021885727,r3inofficial,2026-07-07,,No Transcript,0.0,0,455,2,0,2,0.44
7659571254747286814,r3inofficial,2026-07-06,,No Transcript,0.0,0,384,2,0,2,0.521
7659576954160549151,consuelo.reviews,2026-07-06,,No Transcript,0.0,0,39,4,0,4,10.256
7659592373411925261,autobrush,2026-07-07,,No Transcript,0.0,0,1,0,0,0,0.0
7659595284950830349,sara.calmvibes0827,2026-07-07,,No Transcript,0.0,0,689,8,7,15,2.177
7659607181737725197,discountdropsdaily,2026-07-07,Anyone else grab tons of auto brush? Their bundles,Social Proof / Testimonial,0.0,0,1581,3,1,4,0.253
7659613595835141406,,2026-07-07,Who else grabbed their kids each one of these?,Social Proof / Testimonial,0.0,0,1397,7,0,7,0.501
7659635571500813598,yadi_samon,2026-07-07,,No Transcript,0.0,0,382,3,0,3,0.785
7659657135416020238,autobrush,2026-07-07,,No Transcript,0.0,0,13,0,0,0,0.0
7659778950532484382,consuelo.reviews,2026-07-07,,No Transcript,0.0,0,34,3,0,3,8.824
7659780397705809166,lifemadesimplerhub,2026-07-07,,No Transcript,0.0,0,1,0,0,0,0.0
7659782983200591118,liv_n_life_,2026-07-07,,No Transcript,0.0,0,550,1,0,1,0.182
7659783499536190733,lifemadesimplerhub,2026-07-07,,No Transcript,0.0,0,321,0,0,0,0.0
7659839608020110622,akua_serwaa_brobbey,2026-07-07,Get to know your auto toothbrush. Have you heard,Question,0.0,0,2671,79,6,85,3.182
7659840028356398366,akua_serwaa_brobbey,2026-07-07,I just ordered this. It's supposed to be whitening,Personal Story / POV,0.0,0,45494,2781,29,2810,6.177
7659840430728596767,akua_serwaa_brobbey,2026-07-07,"Hi my people, gone are the days of regular",Bold Claim / Benefit,0.0,0,3468,166,10,176,5.075
7659840866068040974,autobrush,2026-07-07,,No Transcript,0.0,0,31,0,0,0,0.0
7659841044975996173,autobrush,2026-07-07,,No Transcript,0.0,0,18,0,0,0,0.0
7659841219366833438,akua_serwaa_brobbey,2026-07-07,Click on the yellow basket and grab your Autobrush.,Offer / Deal / Urgency,0.0,0,3113,56,7,63,2.024
7659858660876717342,bxmom92,2026-07-07,,No Transcript,0.0,0,347,4,2,6,1.729
7659874530726366495,elizamarfinds,2026-07-07,The auto brush brushes your teeth 3 times more,Bold Claim / Benefit,0.0,0,1565,2,0,2,0.128
7659902666260139278,autobrush,2026-07-07,,No Transcript,0.0,0,1,0,0,0,0.0
7659934945506315533,autobrush,2026-07-07,,No Transcript,0.0,0,28,0,0,0,0.0
7659943052710137118,elizamarfinds,2026-07-08,The Autobrush brushes three times better than an electric,Bold Claim / Benefit,0.0,0,1071,3,0,3,0.28
7659963708235336974,autobrush,2026-07-08,,No Transcript,0.0,0,1,0,0,0,0.0
7659963946891267342,autobrush,2026-07-08,,No Transcript,0.0,0,8,0,0,0,0.0
7659993237502856479,styledbyled,2026-07-08,I would rather spend $100 on an auto toothbrush,Offer / Deal / Urgency,0.0,0,1796,4,0,4,0.223
7659994439556844813,sirii568,2026-07-08,,No Transcript,0.0,0,423,12,0,12,2.837
7660004021951941918,leeanneslifeinreview,2026-07-08,I had to jump on the bandwagon and as,Personal Story / POV,0.0,0,1232,2,0,2,0.162
7660012118074330399,styledbyled,2026-07-08,You won't have to beg them to brush anymore.,Problem / Pain Point,0.0,0,3792,9,0,9,0.237
7660026016642895118,autobrush,2026-07-08,,No Transcript,0.0,0,20,0,0,0,0.0
7660031716756688141,autobrush,2026-07-08,,No Transcript,0.0,0,25,0,0,0,0.0
7660125265024077086,consuelo.reviews,2026-07-08,,No Transcript,0.0,0,27,3,0,3,11.111
7660188395750034701,anewchapterwithchrist,2026-07-08,,No Transcript,0.0,0,458,0,0,0,0.0
7660190573827083534,javajscoffeeco,2026-07-08,,No Transcript,0.0,0,662,18,1,19,2.87
7660193043999444255,westernwithemily,2026-07-08,,No Transcript,0.0,0,757,3,0,3,0.396
7660212905039777038,autobrush,2026-07-08,,No Transcript,0.0,0,10,0,0,0,0.0
7660212908923587853,autobrush,2026-07-08,,No Transcript,0.0,0,1,0,0,0,0.0
7660212942268402958,autobrush,2026-07-08,,No Transcript,0.0,0,15,0,0,0,0.0
7660235080345996558,dr.randishanks,2026-07-08,,No Transcript,0.0,0,769,3,2,5,0.65
7660238612138659086,aidearellano8,2026-07-08,,No Transcript,0.0,0,61,1,0,1,1.639
7660246680771562766,skittles_sahm,2026-07-08,I used to hate brushing my teeth. I would,Personal Story / POV,0.0,0,1045,4,0,4,0.383
7660258076938833166,skittles_sahm,2026-07-08,,No Transcript,0.0,0,1,0,0,0,0.0
7660259876999859469,skittles_sahm,2026-07-08,,No Transcript,0.0,0,617,0,0,0,0.0
7660277888805113102,autobrush,2026-07-08,,No Transcript,0.0,0,8,0,0,0,0.0
7660278017012387086,autobrush,2026-07-08,,No Transcript,0.0,0,8,0,0,0,0.0
7660318423964011790,sandybarneswatkins,2026-07-14,,No Transcript,0.0,0,450,1,0,1,0.222
7660335447855451405,autobrush,2026-07-09,,No Transcript,0.0,0,22,0,0,0,0.0
7660335501882215693,autobrush,2026-07-09,,No Transcript,0.0,0,1,0,0,0,0.0
7660339050968091917,sharons_deals,2026-07-08,,No Transcript,0.0,0,975,0,0,0,0.0
7660344604721483022,kaynicole567,2026-07-09,,No Transcript,0.0,0,425,5,1,6,1.412
7660345672897465613,kaynicole567,2026-07-09,,No Transcript,0.0,0,459,9,1,10,2.179
7660386375216237854,bylizsuarez,2026-07-09,,No Transcript,0.0,0,16,2,0,2,12.5
7660397144888626445,autobrush,2026-07-09,,No Transcript,0.0,0,142,0,0,0,0.0
7660397185783155982,autobrush,2026-07-09,,No Transcript,0.0,0,14,0,0,0,0.0
7660398382191496462,autobrush,2026-07-09,,No Transcript,0.0,0,25,0,0,0,0.0
7660562868793888013,lauren.boymom,2026-07-09,,No Transcript,0.0,0,5,0,0,0,0.0
7660566878577806606,lauren.boymom,2026-07-09,,No Transcript,0.0,0,818,0,0,0,0.0
7660569936451931405,gloriarocano89,2026-07-09,"Tu hijo tampoco quiere cepillarse los dientes? Tambien, mi",Direct Audience Call-Out,0.0,0,1464,8,0,8,0.546
7660583387291307277,autobrush,2026-07-09,,No Transcript,0.0,0,1,0,0,0,0.0
7660584972603952415,izudotexe,2026-07-09,This is for the hot girls and spoonies. This,Direct Audience Call-Out,0.0,0,1171,24,3,27,2.306
7660619271415942431,westernwithemily,2026-07-09,Ended toddler morning battles AND cleans than a regular,Bold Claim / Benefit,0.0,0,1252,8,0,8,0.639
7660644486925667598,autobrush,2026-07-09,,No Transcript,0.0,0,1,0,0,0,0.0
7660646899472436493,atig06,2026-07-09,Autobrush Sonic Pro Bundle | ADA-Accepted U-Shape Electric Toothbrush,Other / No Clear Hook,0.0,0,1026,7,1,8,0.78
7660647028216614158,divathegreat,2026-07-09,,No Transcript,0.0,0,312,6,0,6,1.923
7660677259493117214,anaveedailysales,2026-07-09,,No Transcript,0.0,0,171,2,0,2,1.17
7660692075469376799,shopwithaut,2026-07-10,,No Transcript,0.0,0,731,11,0,11,1.505
7660695123126226189,kaynicole567,2026-07-10,,No Transcript,0.0,0,784,7,0,7,0.893
7660697238900886815,mirandasalty,2026-07-11,"As a registered dental hygienist, this is the tool",Social Proof / Testimonial,0.0,0,1173,1,0,1,0.085
7660714939459423518,pamspreciousyorkie,2026-07-10,The toothbrush that makes kids WANT to brush! Let,Bold Claim / Benefit,0.0,0,1701,13,0,13,0.764
7660764933138697502,martinezzz5o3,2026-07-10,,No Transcript,0.0,0,758,0,0,0,0.0
7660776004675177742,autobrush,2026-07-10,,No Transcript,0.0,0,20,0,0,0,0.0
7660792688828091679,itzansonn,2026-07-10,,No Transcript,0.0,0,177,1,0,1,0.565
7660849288783596814,shopusawithzonii1,2026-07-10,,No Transcript,0.0,0,35,8,0,8,22.857
7660935745674267934,yadi_samon,2026-07-10,,No Transcript,0.0,0,39,2,0,2,5.128
7660948184360832269,its.me.candi.2.0,2026-07-10,I got a little... This is one of those,Other / No Clear Hook,0.0,0,1476,25,0,25,1.694
7660952651646962974,theevergreeneditco,2026-07-10,,No Transcript,0.0,0,386,1,0,1,0.259
7660952978102209805,arynf7,2026-07-10,,No Transcript,0.0,0,265,3,1,4,1.509
7660953484442832142,arynf7,2026-07-10,,No Transcript,0.0,0,35,3,1,4,11.429
7660953590005124366,autobrush,2026-07-10,,No Transcript,0.0,0,2,0,0,0,0.0
7660980782147702030,franklin_thebulldog,2026-07-10,,No Transcript,0.0,0,213,7,0,7,3.286
7660993962303393055,autobrush,2026-07-10,,No Transcript,0.0,0,84,0,0,0,0.0
7661002431853055246,_butterflyambassador,2026-07-10,,No Transcript,0.0,0,96,3,1,4,4.167
7661095651224096014,autobrush,2026-07-11,,No Transcript,0.0,0,1,0,0,0,0.0
7661262594270973197,anaveedailysales,2026-07-11,,No Transcript,0.0,0,453,0,0,0,0.0
7661316533997653262,anuskagouli,2026-07-11,Still spending two full minutes brushing your teeth? Check,Question,0.0,0,1899,9,1,10,0.527
7661324248673160461,autobrush,2026-07-11,,No Transcript,0.0,0,22,0,0,0,0.0
7661379782852005134,anuskagouli,2026-07-11,Brushing your kids teeth doesn't have to be a,Problem / Pain Point,0.0,0,1849,11,0,11,0.595
7661380908766727437,sandybarneswatkins,2026-07-16,,No Transcript,0.0,0,366,0,0,0,0.0
7661382828000693517,sarahbelleworkingmomof3,2026-07-11,School morning must have. My kid WANTS to brush,Bold Claim / Benefit,0.0,0,1742,9,0,9,0.517
7661384490161343758,autobrush,2026-07-11,,No Transcript,0.0,0,8,0,0,0,0.0
7661458738561273102,klesads,2026-07-12,,No Transcript,0.0,0,332,0,0,0,0.0
7661491869393669390,elandrau,2026-07-12,,No Transcript,0.0,0,330,1,0,1,0.303
7661507381611793678,fermin_036,2026-07-12,,No Transcript,0.0,0,348,1,0,1,0.287
7661510950733794574,autobrush,2026-07-12,,No Transcript,0.0,0,20,0,0,0,0.0
7661528703196843295,itzansonn,2026-07-12,This is the auto brush and this has literally,Bold Claim / Benefit,0.0,0,1298,2,0,2,0.154
7661631384183721230,anaveedailysales,2026-07-12,,No Transcript,0.0,0,381,1,0,1,0.262
7661631785440234782,mirandasalty,2026-07-16,AUTOBRUSH,Other / No Clear Hook,0.0,0,1895,3,0,3,0.158
7661640331439377694,westernwithemily,2026-07-12,Ended toddler bedtime battles plus it cleans better than,Bold Claim / Benefit,0.0,0,1777,4,0,4,0.225
7661646329642274061,cole_schwartz,2026-07-12,,No Transcript,0.0,0,16,0,0,0,0.0
7661661501333245197,anaveedailysales,2026-07-12,,No Transcript,0.0,0,200,3,0,3,1.5
7661698026859220237,autobrush,2026-07-12,,No Transcript,0.0,0,1,0,0,0,0.0
7661729259328736526,arynf7,2026-07-13,,No Transcript,0.0,0,42,3,0,3,7.143
7661739175938411807,happyhourx96,2026-07-12,I'm seeing the kids' auto brush everywhere on TikTok,Social Proof / Testimonial,0.0,0,1957,2,0,2,0.102
7661748770052246814,melyssaleake,2026-07-12,,No Transcript,0.0,0,928,6,0,6,0.647
7661755732429163790,autobrush,2026-07-12,,No Transcript,0.0,0,317,0,0,0,0.0
7661755848976239886,autobrush,2026-07-12,,No Transcript,0.0,0,14,0,0,0,0.0
7661760748426693901,arynf7,2026-07-12,,No Transcript,0.0,0,44,0,0,0,0.0
7661779803321814285,betteralternatives,2026-07-12,,No Transcript,0.0,0,339,2,0,2,0.59
7661790201840143630,mechanicallyreviews,2026-07-12,,No Transcript,0.0,0,855,4,0,4,0.468
7661808127242800415,ipostitall,2026-07-13,We no longer have to fight our kids to,Problem / Pain Point,0.0,0,1353,3,0,3,0.222
7661811789310528782,kaynicole567,2026-07-13,,No Transcript,0.0,0,677,12,1,13,1.92
7661818468194454797,autobrush,2026-07-13,,No Transcript,0.0,0,1,0,0,0,0.0
7661818579670535437,autobrush,2026-07-13,,No Transcript,0.0,0,1,0,0,0,0.0
7661818631315066126,autobrush,2026-07-13,,No Transcript,0.0,0,1,0,0,0,0.0
7661819349103168782,autobrush,2026-07-13,,No Transcript,0.0,0,8,0,0,0,0.0
7661831907092466957,hilarymademebuyit,2026-07-12,If brushing your kids' teeth feels like a nightly,Direct Audience Call-Out,0.0,0,1221,0,0,0,0.0
7661834789481205005,ry_knows,2026-07-12,my condolences to anyone that already got the Autobrush,Offer / Deal / Urgency,0.0,0,1366,0,0,0,0.0
7661834882917715230,melyssaleake,2026-07-13,,No Transcript,0.0,0,909,8,0,8,0.88
7661873195699522830,ekta_363,2026-07-12,,No Transcript,0.0,0,476,23,3,26,5.462
7661881490510269710,autobrush,2026-07-13,,No Transcript,0.0,0,1,0,0,0,0.0
7661882032405908749,autobrush,2026-07-13,,No Transcript,0.0,0,1,0,0,0,0.0
7662010086813928718,dmrj072499,2026-07-13,,No Transcript,0.0,0,875,2,0,2,0.229
7662059558201871629,sarahbelleworkingmomof3,2026-07-13,This one thing ended the daily toddler toothbrush fights...,Bold Claim / Benefit,0.0,0,4288,10,2,12,0.28
7662066346066251021,autobrush,2026-07-13,,No Transcript,0.0,0,31,0,0,0,0.0
7662066918127422733,autobrush,2026-07-13,,No Transcript,0.0,0,2,0,0,0,0.0
7662102472500006175,kimstiktokshopdeals,2026-07-13,,No Transcript,0.0,0,559,1,0,1,0.179
7662113213965798670,yourjaiceee,2026-07-13,,No Transcript,0.0,0,383,7,0,7,1.828
7662125687431646494,itsmandykuhn,2026-07-13,,No Transcript,0.0,0,827,3,0,3,0.363
7662128190936206606,autobrush,2026-07-13,,No Transcript,0.0,0,13,0,0,0,0.0
7662128296120929549,autobrush,2026-07-13,,No Transcript,0.0,0,433,0,0,0,0.0
7662128500521913613,autobrush,2026-07-13,,No Transcript,0.0,0,1,0,0,0,0.0
7662128712489520398,autobrush,2026-07-13,,No Transcript,0.0,0,13,0,0,0,0.0
7662146467859041567,kaylinbrooke15,2026-07-13,,No Transcript,0.0,0,186,8,0,8,4.301
7662147962763562254,liv_n_life_,2026-07-13,,No Transcript,0.0,0,583,2,0,2,0.343
7662149752598842637,liv_n_life_,2026-07-13,,No Transcript,0.0,0,618,3,0,3,0.485
7662164769935248653,mechanicallyreviews,2026-07-13,If you get one of the general neural ones,Other / No Clear Hook,0.0,0,1855,2,0,2,0.108
7662190669225676045,autobrush,2026-07-14,,No Transcript,0.0,0,22,0,0,0,0.0
7662190696769572110,autobrush,2026-07-14,,No Transcript,0.0,0,11,0,0,0,0.0
7662190753157811470,autobrush,2026-07-14,,No Transcript,0.0,0,24,0,0,0,0.0
7662190782987750670,autobrush,2026-07-14,,No Transcript,0.0,0,8,0,0,0,0.0
7662247269382540575,itzansonn,2026-07-14,This is the Auto brush and this has literally,Bold Claim / Benefit,0.0,0,1372,1,0,1,0.073
7662252429882182925,autobrush,2026-07-14,,No Transcript,0.0,0,8,0,0,0,0.0
7662252462060899598,autobrush,2026-07-14,,No Transcript,0.0,0,1,0,0,0,0.0
7662252501747469582,autobrush,2026-07-14,,No Transcript,0.0,0,1,0,0,0,0.0
7662264601819614478,autobrush,2026-07-14,,No Transcript,0.0,0,1,0,0,0,0.0
7662264608392056078,autobrush,2026-07-14,,No Transcript,0.0,0,9,0,0,0,0.0
7662264655028473101,autobrush,2026-07-14,,No Transcript,0.0,0,1,0,0,0,0.0
7662276305680944398,becreativetwo,2026-07-14,She will get the job done,Bold Claim / Benefit,0.0,0,1555,0,0,0,0.0
7662374525941599519,bylizsuarez,2026-07-14,,No Transcript,0.0,0,107,6,0,6,5.607
7662382076687027470,nonnie1476,2026-07-14,,No Transcript,0.0,0,683,8,1,9,1.318
7662391867404799262,wheezy_eunbiperez,2026-07-14,,No Transcript,0.0,0,68,4,0,4,5.882
7662401556003704077,miranda_2566,2026-07-14,Brushing teeth doesn't have to be a battle anymore.,Problem / Pain Point,0.0,0,1291,4,0,4,0.31
7662409331408653582,becreativetwo,2026-07-14,,No Transcript,0.0,0,3,0,0,0,0.0
7662410137600101646,becreativetwo,2026-07-14,"You've been brushing WRONG 😳 click it, toothpaste to",Shock / Warning / Pattern Interrupt,0.0,0,3648,3,0,3,0.082
7662434025117617421,laura_l270,2026-07-14,,No Transcript,0.0,0,300,2,0,2,0.667
7662438174412639502,autobrush,2026-07-14,,No Transcript,0.0,0,1,0,0,0,0.0
7662438774185413902,autobrush,2026-07-14,,No Transcript,0.0,0,17,0,0,0,0.0
7662445176123673886,happyhourx96,2026-07-14,This is your sign to take better care of,Direct Audience Call-Out,0.0,0,2495,6,0,6,0.24
7662453280701680909,mykengoin,2026-07-14,,No Transcript,0.0,0,695,2,0,2,0.288
7662459409242672398,sarahbelleworkingmomof3,2026-07-14,No more wrestling to get your toddlers teeth clean.,Problem / Pain Point,0.0,0,1666,2,0,2,0.12
7662469258705784078,sarahbelleworkingmomof3,2026-07-14,Ended toddler bedtime battles AND cleans better than a,Bold Claim / Benefit,0.0,0,2117,8,0,8,0.378
7662488548582395149,motherkelsss,2026-07-14,How to get your toddler excited about brushing their,Demo / Product Intro,0.0,0,1047,5,0,5,0.478
7662497339688504606,anupathak33,2026-07-14,,No Transcript,0.0,0,228,9,1,10,4.386
7662499954878975246,autobrush,2026-07-14,,No Transcript,0.0,0,81,0,0,0,0.0
7662534870668791053,tekpam509_findz,2026-07-14,,No Transcript,0.0,0,86,2,0,2,2.326
7662539375447739679,velazquezsilva,2026-07-14,,No Transcript,0.0,0,74,4,1,5,6.757
7662546896451341581,monsfinds,2026-07-15,This saves me soo much time This saves me,Bold Claim / Benefit,0.0,0,1658,0,0,0,0.0
7662547126974532877,arynf7,2026-07-15,,No Transcript,0.0,0,48,4,1,5,10.417
7662547761904061710,arynf7,2026-07-15,,No Transcript,0.0,0,45,2,0,2,4.444
7662558006424489229,thenerdyjeep,2026-07-15,,No Transcript,0.0,0,229,1,1,2,0.873
7662567126913322270,luxuryfindz1,2026-07-15,HUGE SALE 😳🚨 ALMOST OVER ‼️ Autobrush Sonic Pro,Offer / Deal / Urgency,0.0,0,1093,1,0,1,0.091
7662573846846770446,megmakesithappen,2026-07-15,the toothbrush that helps me sleep at night knowing,Social Proof / Testimonial,0.0,0,1824,2,0,2,0.11
7662582093804883230,pjz0311,2026-07-15,"I was curious if this thing actually works, so",Personal Story / POV,0.0,0,1262,5,2,7,0.555
7662598092125932830,homewithbianca,2026-07-15,,No Transcript,0.0,0,49,1,0,1,2.041
7662604791670951181,thatpurplehairteacher,2026-07-15,,No Transcript,0.0,0,428,16,1,17,3.972
7662605510977293581,sarahs.shop.finds,2026-07-15,,No Transcript,0.0,0,575,20,7,27,4.696
7662624766120955150,autobrush,2026-07-15,,No Transcript,0.0,0,32,0,0,0,0.0
7662628331988241695,itzansonn,2026-07-15,,No Transcript,0.0,0,901,1,0,1,0.111
7662659655516179743,kngslyjpg,2026-07-15,,No Transcript,0.0,0,1237,2,0,2,0.162
7662741874511285517,dmrj072499,2026-07-15,,No Transcript,0.0,0,599,2,0,2,0.334
7662759421130312990,genesisgonzalez1125,2026-07-15,,No Transcript,0.0,0,708,2,0,2,0.282
7662759902959521055,momneedsacoffee,2026-07-15,If brushing your kid's teeth feels like you're chasing,Direct Audience Call-Out,0.0,0,1552,237,0,237,15.271
7662773128463912205,kendallholmes17,2026-07-15,"People call it sample hell, but I call it",Curiosity / Open Loop,0.0,0,4129,11,0,11,0.266
7662778606334119199,wheezy_eunbiperez,2026-07-15,,No Transcript,0.0,0,536,3,0,3,0.56
7662789505513966862,heypriiincesss,2026-07-15,,No Transcript,0.0,0,677,2,0,2,0.295
7662791683800616205,heypriiincesss,2026-07-15,,No Transcript,0.0,0,364,0,0,0,0.0
7662874689621986573,autobrush,2026-07-15,,No Transcript,0.0,0,1,0,0,0,0.0
7662874723029650702,autobrush,2026-07-15,,No Transcript,0.0,0,1,0,0,0,0.0
7662908561856548110,autobrush,2026-07-15,,No Transcript,0.0,0,22,0,0,0,0.0
7662908808116604174,autobrush,2026-07-16,,No Transcript,0.0,0,1,0,0,0,0.0
7662954034055138574,autobrush,2026-07-16,,No Transcript,0.0,0,1,0,0,0,0.0
7662954144277302541,autobrush,2026-07-16,,No Transcript,0.0,0,8,0,0,0,0.0
7662956438330871053,autobrush,2026-07-16,,No Transcript,0.0,0,17,0,0,0,0.0
7662995533472042253,autobrush,2026-07-16,,No Transcript,0.0,0,1,0,0,0,0.0
7662995580179729678,autobrush,2026-07-16,,No Transcript,0.0,0,13,0,0,0,0.0
7663033588203392270,becreativetwo,2026-07-16,She will get the job done,Bold Claim / Benefit,0.0,0,1150,3,0,3,0.261
7663128475380813069,mechanicallyreviews,2026-07-16,We got a brand new kids toothbrush drop. This,Demo / Product Intro,0.0,0,1420,2,0,2,0.141
7663180662614035725,autobrush,2026-07-16,,No Transcript,0.0,0,13,0,0,0,0.0
7663199439342865677,pivotlikeyoumeanit,2026-07-16,what newfangled bidness is this?? 😠 you light it,Other / No Clear Hook,0.0,0,1137,3,0,3,0.264
7663206102884044063,virgobosslady.ugc,2026-07-16,Hell I want one for myself Oh my dearest,Social Proof / Testimonial,0.0,0,1694,11,1,12,0.708
7663239088887155982,arynf7,2026-07-16,,No Transcript,0.0,0,51,0,0,0,0.0
7663249349509483789,arynf7,2026-07-16,,No Transcript,0.0,0,67,0,0,0,0.0
7663254769443573006,megmakesithappen,2026-07-16,Clean teeth in only 30 seconds so you don't,Bold Claim / Benefit,0.0,0,1533,3,0,3,0.196
7663260654375111949,wwwmiriam78,2026-07-16,,No Transcript,0.0,0,528,1,0,1,0.189
7663264786779573517,remedyyz,2026-07-16,,No Transcript,0.0,0,340,3,0,3,0.882
7663267871866375454,moon89328,2026-07-16,,No Transcript,0.0,0,262,4,0,4,1.527
7663275665508044063,autobrush,2026-07-17,,No Transcript,0.0,0,53,0,0,0,0.0
7663279460539567390,bargainbr0,2026-07-16,You're brushing your teeth wrong You're brushing your teeth,Shock / Warning / Pattern Interrupt,0.0,0,1520,6,0,6,0.395
7663302868534824205,autobrush,2026-07-17,,No Transcript,0.0,0,10,0,0,0,0.0
7663302943193451789,autobrush,2026-07-17,,No Transcript,0.0,0,18,0,0,0,0.0
7663313826070220046,kaylinhw,2026-07-17,,No Transcript,0.0,0,1013,9,2,11,1.086
7663324761425988895,cinthy.glow,2026-07-17,,No Transcript,0.0,0,455,2,0,2,0.44
7663332864930434335,kennedylin01,2026-07-17,,No Transcript,0.0,0,638,7,6,13,2.038
7663333692500118798,sandrorussor,2026-07-17,,No Transcript,0.0,0,359,0,0,0,0.0
7663342067552177422,autobrush,2026-07-17,,No Transcript,0.0,0,61,0,0,0,0.0
7663342168764878094,autobrush,2026-07-17,,No Transcript,0.0,0,452,0,0,0,0.0
7663365807702887694,autobrush,2026-07-17,,No Transcript,0.0,0,21,0,0,0,0.0
7663365868469947662,autobrush,2026-07-17,,No Transcript,0.0,0,30,0,0,0,0.0
7663380525813435662,autobrush,2026-07-17,,No Transcript,0.0,0,101,0,0,0,0.0
7663444505189747998,velazquezsilva,2026-07-17,,No Transcript,0.0,0,272,0,0,0,0.0
7663449495006481694,velazquezsilva,2026-07-17,,No Transcript,0.0,0,1,0,0,0,0.0
7663478153171488013,arynf7,2026-07-17,,No Transcript,0.0,0,65,0,0,0,0.0
7663546014606855455,ipostitall,2026-07-17,,No Transcript,0.0,0,3,0,0,0,0.0
7663604516130016525,getitontiktok,2026-07-17,I thought this thing was completely hands-free. Turns out,Personal Story / POV,0.0,0,1064,1,0,1,0.094
7663629865614134558,healthymamaj,2026-07-17,,No Transcript,0.0,0,724,0,0,0,0.0
7663643611388529933,becreativetwo,2026-07-17,She will get the job done,Bold Claim / Benefit,0.0,0,1703,3,2,5,0.294
7663673094208228622,autobrush,2026-07-18,,No Transcript,0.0,0,8,0,0,0,0.0
7663682548102466830,anaveedailysales,2026-07-18,,No Transcript,0.0,0,191,4,1,5,2.618
7663699081562311949,autobrush,2026-07-18,,No Transcript,0.0,0,157,0,0,0,0.0
7663702218545089806,tiremania,2026-07-18,READ THE REVIEWS FIRST!! This is why I tell,Shock / Warning / Pattern Interrupt,0.0,0,1887,11,0,11,0.583
7663750583802809613,autobrush,2026-07-18,,No Transcript,0.0,0,46,0,0,0,0.0
7663781102066076941,autobrush,2026-07-18,,No Transcript,0.0,0,21,0,0,0,0.0
7663838245347790110,velazquezsilva,2026-07-18,,No Transcript,0.0,0,197,2,1,3,1.523
7663847235423194399,consuelo.reviews,2026-07-18,,No Transcript,0.0,0,41,2,0,2,4.878
7663859300573383966,ur.skin.therapist,2026-07-18,Time to try out my new autobrush. My new,Personal Story / POV,0.0,0,12703,18,2,20,0.157
7663868727951232287,theacreedit,2026-07-18,Kids Auto Toothbrush Easy brushing + timer All the,Demo / Product Intro,0.0,0,2124,3,1,4,0.188
7663887315957320973,thatraygyrl82,2026-07-18,Good morning. It's time to wake up and brush,Personal Story / POV,0.0,0,1211,3,0,3,0.248
7663919433936588063,the_lasthokage_,2026-07-18,YOU TAKE MORE THAN 30 SECONDS TO BRUSH YOU,Problem / Pain Point,0.0,0,1324,3,0,3,0.227
7663921448972471583,the_lasthokage_,2026-07-18,,No Transcript,0.0,0,20,3,0,3,15.0
7663945248657165582,tiremania,2026-07-18,this 💩 dont work !! All these TikTokers trying,Shock / Warning / Pattern Interrupt,0.0,0,1374,4,0,4,0.291
7663949866770468127,nikol.perla,2026-07-18,,No Transcript,0.0,0,511,4,1,5,0.978
7663968974857669918,handydadcooks,2026-07-18,,No Transcript,0.0,0,2,0,0,0,0.0
7663969770902949134,handydadcooks,2026-07-18,,No Transcript,0.0,0,28,0,0,0,0.0
7663970006400584974,handydadcooks,2026-07-18,,No Transcript,0.0,0,41,0,0,0,0.0
7663979230597745933,autobrush,2026-07-18,,No Transcript,0.0,0,35,0,0,0,0.0
7664021539607563550,buddah._magar,2026-07-18,,No Transcript,0.0,0,136,28,4,32,23.529
7664023579998178591,happyhourx96,2026-07-19,Moms it's time to start taking better care of,Direct Audience Call-Out,0.0,0,2713,8,1,9,0.332
7664033014577433869,courtneyyyalexis33,2026-07-19,Does your kiddo struggle brushing with a regular toothbrush?,Question,0.0,0,1020,2,0,2,0.196
7664039358051175694,autobrush,2026-07-19,,No Transcript,0.0,0,1,0,0,0,0.0
7664043896082615583,yodeimiszinckemor,2026-07-18,,No Transcript,0.0,0,897,2,1,3,0.334
7664072080249359647,raising2gems,2026-07-19,My dentist didn't tell me that did this All,Curiosity / Open Loop,0.0,0,1449,9,3,12,0.828
7664077950890888478,the_lasthokage_,2026-07-19,Look at this. Let me show you this. The,Demo / Product Intro,0.0,0,1039,3,0,3,0.289
7664151097694539039,bigmikefinds,2026-07-19,,No Transcript,0.0,0,52,0,0,0,0.0
7664255366984633614,chhali__nepal4,2026-07-19,,No Transcript,0.0,0,155,86,66,152,98.065
7664273925903224078,mariaroa8847,2026-07-19,,No Transcript,0.0,0,210,1,0,1,0.476
7664344613389487373,thatpurplehairteacher,2026-07-19,These are seven products I have gotten in Free,Personal Story / POV,0.0,0,1949,13,1,14,0.718
7664346075196673293,kimberlywilliams927,2026-07-19,,No Transcript,0.0,0,1,0,0,0,0.0
7664363262586162446,autobrush,2026-07-19,,No Transcript,0.0,0,1,0,0,0,0.0
7664387491708849421,platinumz.emerald,2026-07-19,,No Transcript,0.0,0,516,0,0,0,0.0
7664413009929866526,shop_with_sheena,2026-07-20,Did your toothbrush do that? Mine does. This thing,Question,0.0,0,2473,25,3,28,1.132
7664422251852270862,livpfeiferadams4,2026-07-20,Go ahead and throw away your kids's old toothbrush,Shock / Warning / Pattern Interrupt,0.0,0,1657,2,1,3,0.181
7664426633608105230,autobrush,2026-07-20,,No Transcript,0.0,0,9,0,0,0,0.0
7664431377420389646,autobrush,2026-07-20,,No Transcript,0.0,0,48,0,0,0,0.0
7664444896576572703,chelsearhane,2026-07-20,,No Transcript,0.0,0,671,0,0,0,0.0
7664462082418478350,autobrush,2026-07-20,,No Transcript,0.0,0,202,0,0,0,0.0
7664469001455619359,styledbysammy24,2026-07-20,,No Transcript,0.0,0,775,2,0,2,0.258
7664485708408704287,ctretech,2026-07-20,Does this really work? I always wondered if one,Question,0.0,0,2130,2,0,2,0.094
7664570703269743903,rkrager1,2026-07-21,,No Transcript,0.0,0,1009,1,0,1,0.099
7664570951178194207,rkrager1,2026-07-21,,No Transcript,0.0,0,1046,1,0,1,0.096
7664571237103865119,rkrager1,2026-07-21,,No Transcript,0.0,0,1133,1,0,1,0.088
7664623009465896223,chinnayefindss_,2026-07-20,"Using the viral auto brush. Um, yeah. So I'm",Personal Story / POV,0.0,0,4001,145,1,146,3.649
7664630387947146527,pineappledealz,2026-07-20,,No Transcript,0.0,0,37,0,0,0,0.0
7664633739523132686,sarahbelleworkingmomof3,2026-07-20,,No Transcript,0.0,0,42,0,0,0,0.0
7664646633660960013,heypriiincesss,2026-07-20,I am sold. So I am sold. This is,Social Proof / Testimonial,0.0,0,1005,0,0,0,0.0
7664653284229074190,honeyhiccup,2026-07-20,,No Transcript,0.0,0,61,0,0,0,0.0
7664664075783245087,fittogether_65,2026-07-20,,No Transcript,0.0,0,283,3,0,3,1.06
7664682354996202766,torresuserrvillaniva27,2026-07-20,,No Transcript,0.0,0,152,9,7,16,10.526
7664693992449150239,kitchenwitch06,2026-07-20,,No Transcript,0.0,0,575,2,0,2,0.348
7664701664217124127,bylizsuarez,2026-07-20,,No Transcript,0.0,0,283,10,1,11,3.887
7664716090584419615,momneedsacoffee,2026-07-20,Literally never thought I'd have my toddler asking me,Social Proof / Testimonial,0.0,0,3762,354,3,357,9.49
7664722839328558366,moon89328,2026-07-20,,No Transcript,0.0,0,35,1,0,1,2.857
7664740726407695630,alaia_7408,2026-07-20,,No Transcript,0.0,0,411,17,5,22,5.353
7664750500293725454,sarahbelleworkingmomof3,2026-07-20,My biggest worry as a mother... What finally gave,Problem / Pain Point,0.0,0,1194,23,0,23,1.926
7664752646971985165,tiremania,2026-07-20,,No Transcript,0.0,0,2,0,0,0,0.0
7664753636236446989,tiremania,2026-07-20,This is why I tell people to read the,Curiosity / Open Loop,0.0,0,1331,4,0,4,0.301
7664769035153706253,cole_schwartz,2026-07-21,,No Transcript,0.0,0,23,0,0,0,0.0
7664777212377287950,autobrush,2026-07-21,,No Transcript,0.0,0,8,0,0,0,0.0
7664800971347823886,autobrush,2026-07-21,,No Transcript,0.0,0,379,0,0,0,0.0
7664814702849035534,livpfeiferadams4,2026-07-21,,No Transcript,0.0,0,905,0,0,0,0.0
7664828478172237086,etah_iifyoudontlikeme,2026-07-21,,No Transcript,0.0,0,343,4,1,5,1.458
7664830441421114637,tiremania,2026-07-21,,No Transcript,0.0,0,947,5,0,5,0.528
7664831675511196942,autobrush,2026-07-21,,No Transcript,0.0,0,773,0,0,0,0.0
7664867726254492958,alexaannelis,2026-07-21,Does your child struggle to brush their teeth? It's,Question,0.0,0,1406,10,1,11,0.782
7664877476031548702,autobrush,2026-07-21,,No Transcript,0.0,0,688,0,0,0,0.0
7664974791018810637,morethanjustcookies,2026-07-21,,No Transcript,0.0,0,949,3,1,4,0.421
7664984525461572895,loveniyoodorsainvil,2026-07-21,,No Transcript,0.0,0,172,0,0,0,0.0
7665012068172500237,honeyhiccup,2026-07-21,,No Transcript,0.0,0,77,0,0,0,0.0
7665025736192969997,joely_en_familia,2026-07-21,,No Transcript,0.0,0,275,6,0,6,2.182
7665027384889953550,joely_en_familia,2026-07-21,,No Transcript,0.0,0,294,4,0,4,1.361
7665033695367073037,dominicanmua_cristalyn7,2026-07-21,,No Transcript,0.0,0,959,0,0,0,0.0
7665038100032261390,yosoyadrianapereira,2026-07-21,,No Transcript,0.0,0,807,10,32,42,5.204
7665056477500935437,realr3dneck,2026-07-22,,No Transcript,0.0,0,803,1,1,2,0.249
7665067756911349006,adri.01am,2026-07-21,,No Transcript,0.0,0,557,0,0,0,0.0
7665085832788790542,autobrush,2026-07-21,,No Transcript,0.0,0,358,0,0,0,0.0
7665107498822618382,6.of.6,2026-07-21,,No Transcript,0.0,0,457,0,0,0,0.0
7665116475878919438,hopeande,2026-07-21,,No Transcript,0.0,0,535,0,0,0,0.0
7665124836921871630,siacreatesit,2026-07-21,,No Transcript,0.0,0,570,3,0,3,0.526
7665124957394930974,aayu_shres,2026-07-21,,No Transcript,0.0,0,444,0,0,0,0.0
7665132904082689294,arynf7,2026-07-21,,No Transcript,0.0,0,31,2,1,3,9.677
7665133159175998733,arynf7,2026-07-21,,No Transcript,0.0,0,13,1,1,2,15.385
7665147902540516622,autobrush,2026-07-22,,No Transcript,0.0,0,285,0,0,0,0.0
7665153114764348686,heypriiincesss,2026-07-22,,No Transcript,0.0,0,572,1,0,1,0.175
7665171446150286605,autobrush,2026-07-22,,No Transcript,0.0,0,693,0,0,0,0.0
7665174916009954574,serenieeweeniee,2026-07-22,A dentist told me to stop buying cheap toothbrushes,Curiosity / Open Loop,0.0,0,1560,27,12,39,2.5
7665179032895442206,kaystratt,2026-07-22,,No Transcript,0.0,0,1483,0,0,0,0.0
7665180840124583182,orderandacre,2026-07-22,,No Transcript,0.0,0,446,3,3,6,1.345
7665219154693197070,autobrush,2026-07-22,,No Transcript,0.0,0,669,0,0,0,0.0
7665265565417688333,autobrush,2026-07-22,,No Transcript,0.0,0,494,0,0,0,0.0
7665323913555053854,notyouraveragegigi86,2026-07-22,,No Transcript,0.0,0,497,15,11,26,5.231
7665383103183015181,orderandacre,2026-07-22,,No Transcript,0.0,0,309,3,2,5,1.618
7665430441033288974,tydyess7,2026-07-22,,No Transcript,0.0,0,36,0,0,0,0.0
7665460011685907726,tiremania,2026-07-22,If your teeth looks like this or your gums,Direct Audience Call-Out,0.0,0,1433,5,0,5,0.349
7665461763093073165,tydyess7,2026-07-22,,No Transcript,0.0,0,321,0,0,0,0.0
7665463439480917262,autobrush,2026-07-22,,No Transcript,0.0,0,285,0,0,0,0.0
7665466172443282701,tydyess7,2026-07-22,,No Transcript,0.0,0,312,0,0,0,0.0
7665471392124538126,tydyess7,2026-07-22,,No Transcript,0.0,0,321,0,0,0,0.0
7665475941199580429,tydyess7,2026-07-22,,No Transcript,0.0,0,357,0,0,0,0.0
7665482108026064141,funkin_good_deals,2026-07-22,,No Transcript,0.0,0,37,0,0,0,0.0
7665484172026219807,chasing.workoutss,2026-07-22,I just got the auto toothbrush and Marley and,Personal Story / POV,0.0,0,1134,21,3,24,2.116
7665485561850760462,arcino.rn,2026-07-22,,No Transcript,0.0,0,959,5,0,5,0.521
7665485883528776973,tydyess7,2026-07-22,,No Transcript,0.0,0,328,0,0,0,0.0
7665486062101351710,femmemystique13,2026-07-22,,No Transcript,0.0,0,775,7,2,9,1.161
7665489366591999245,arcino.rn,2026-07-22,,No Transcript,0.0,0,752,2,0,2,0.266
7665493821312093453,tydyess7,2026-07-22,,No Transcript,0.0,0,382,0,0,0,0.0
7665494600324287774,chasing.workoutss,2026-07-22,,No Transcript,0.0,0,578,12,0,12,2.076
7665497238445034766,ry_knows,2026-07-22,,No Transcript,0.0,0,1580,0,0,0,0.0
7665516881524149534,solicited_advice,2026-07-23,"Oh wait, did you see the new autobrush for",Question,0.0,0,1045,4,0,4,0.383
7665521251020049695,_jadee044,2026-07-23,,No Transcript,0.0,0,686,7,0,7,1.02
7665560109698813215,mompreneuralife,2026-07-23,EVERYTHING IN THE WORLD IS GETTING UPGRADED SO WHY,Question,0.0,0,1222,5,1,6,0.491
7665570257771220237,thatpurplehairteacher,2026-07-23,,No Transcript,0.0,0,2841,42,2,44,1.549
7665585425813228831,alexaannelis,2026-07-23,,No Transcript,0.0,0,399,0,0,0,0.0
7665605892225764639,shopwithbird,2026-07-23,,No Transcript,0.0,0,820,1,0,1,0.122
7665708963131837727,chelsleebmoney,2026-07-23,end the daily teeth brushing struggle my kids effectively,Bold Claim / Benefit,0.0,0,1050,4,0,4,0.381
7665713960049560845,hailstorm711,2026-07-23,,No Transcript,0.0,0,493,4,0,4,0.811
7665740359628082446,dominicanmua_cristalyn7,2026-07-23,,No Transcript,0.0,0,308,0,0,0,0.0
7665753519919500574,ajdodge10,2026-07-23,,No Transcript,0.0,0,202,5,0,5,2.475
7665759778995522829,kaylinhw,2026-07-23,Do you want to do it? Yes. Ready? This,Demo / Product Intro,0.0,0,2114,3,0,3,0.142
7665760782923123981,arcino.rn,2026-07-23,,No Transcript,0.0,0,662,1,0,1,0.151
7665763238130273550,arcino.rn,2026-07-23,,No Transcript,0.0,0,797,2,0,2,0.251
7665767183682719007,etah_iifyoudontlikeme,2026-07-23,,No Transcript,0.0,0,347,6,1,7,2.017
7665768852445334798,magsfunk_downrightfox,2026-07-23,,No Transcript,0.0,0,399,5,0,5,1.253
7665774501489085727,mybougiefarmhouse,2026-07-23,,No Transcript,0.0,0,955,2,0,2,0.209
7665793365153303821,sandrorussor,2026-07-24,,No Transcript,0.0,0,128,4,0,4,3.125
7665816615421791518,thekb5collective,2026-07-23,,No Transcript,0.0,0,399,1,0,1,0.251
7665848529390243086,chabelibp,2026-07-23,,No Transcript,0.0,0,204,6,2,8,3.922
7665856229490560269,autobrush,2026-07-23,,No Transcript,0.0,0,289,0,0,0,0.0
7665866923485203726,dawnkaty_qualls,2026-07-23,,No Transcript,0.0,0,699,1,0,1,0.143
7665902933652950285,autobrush,2026-07-24,,No Transcript,0.0,0,692,0,0,0,0.0
7665915984019983646,pudge5551,2026-07-24,,No Transcript,0.0,0,874,21,2,23,2.632
7665928764785757453,itsmecepria,2026-07-23,,No Transcript,0.0,0,680,0,0,0,0.0
7665931804263648525,autobrush,2026-07-24,,No Transcript,0.0,0,329,0,0,0,0.0
7665954159669021965,shesninaalexander,2026-07-24,,No Transcript,0.0,0,973,3,0,3,0.308
7665954942812802317,latoxicasoaps,2026-07-24,,No Transcript,0.0,0,617,18,1,19,3.079
7665959525144464653,phamsfinds,2026-07-23,,No Transcript,0.0,0,383,1,0,1,0.261
7665980797978971423,bigbirdsshop,2026-07-23,,No Transcript,0.0,0,865,1,0,1,0.116
7665981942625471774,shopwithbird,2026-07-24,,No Transcript,0.0,0,156,0,0,0,0.0
7666078037909294350,momerameg,2026-07-24,,No Transcript,0.0,0,502,8,7,15,2.988
7666078913780649246,lucerox28,2026-07-24,,No Transcript,0.0,0,465,7,1,8,1.72
7666120822809021710,heypriiincesss,2026-07-24,,No Transcript,0.0,0,760,3,0,3,0.395
7666140652589026574,anuskagouli,2026-07-24,,No Transcript,0.0,0,567,10,0,10,1.764
7666152107317284110,hey_nakita,2026-07-24,,No Transcript,0.0,0,220,4,0,4,1.818
7666182280682982670,phamsfinds,2026-07-24,,No Transcript,0.0,0,617,0,1,1,0.162
7666189330628594957,destin.hogsed,2026-07-25,,No Transcript,0.0,0,178,1,0,1,0.562
7666191685994417422,destin.hogsed,2026-07-26,,No Transcript,0.0,0,300,2,1,3,1.0
7666201861350804749,autobrush,2026-07-24,,No Transcript,0.0,0,500,0,0,0,0.0
7666217592704552206,dominicanmua_cristalyn7,2026-07-24,,No Transcript,0.0,0,44,1,0,1,2.273
7666228650542468383,alysah..momof3,2026-07-24,,No Transcript,0.0,0,739,16,0,16,2.165
7666230613212433677,tiremania,2026-07-24,,No Transcript,0.0,0,720,4,0,4,0.556
7666236410868944159,melalebamlu,2026-07-24,,No Transcript,0.0,0,102,8,0,8,7.843
7666263782640848142,autobrush,2026-07-25,,No Transcript,0.0,0,734,0,0,0,0.0
7666289133312019742,k9_unit_369,2026-07-25,Imagine a world where your kids actually fight to,Curiosity / Open Loop,0.0,0,2117,5,0,5,0.236
7666298629480631583,nikol.perla,2026-07-25,,No Transcript,0.0,0,569,3,1,4,0.703
7666299641088019726,tydyess7,2026-07-25,,No Transcript,0.0,0,892,4,1,5,0.561
7666300022744550669,tydyess7,2026-07-25,,No Transcript,0.0,0,818,1,0,1,0.122
7666301489991650573,autobrush,2026-07-25,,No Transcript,0.0,0,472,0,0,0,0.0
7666302536306920717,tydyess7,2026-07-25,,No Transcript,0.0,0,523,3,0,3,0.574
7666304292239789326,tydyess7,2026-07-25,,No Transcript,0.0,0,419,2,0,2,0.477
7666305717376175374,tydyess7,2026-07-25,,No Transcript,0.0,0,494,5,0,5,1.012
7666317277293235469,autobrush,2026-07-25,,No Transcript,0.0,0,283,0,0,0,0.0
7666330453338557710,phamsfinds,2026-07-25,,No Transcript,0.0,0,617,0,0,0,0.0
7666444437316291871,k9_unit_369,2026-07-25,How can any sane person expect your kid to,Question,0.0,0,1850,6,0,6,0.324
7666450095197490446,yourjaiceee,2026-07-25,,No Transcript,0.0,0,325,9,0,9,2.769
7666499523048426782,bimbobuys67,2026-07-25,The AUTO BRUSH SONIC PRO BUNDLE is perfect for,Bold Claim / Benefit,0.0,0,1462,2,0,2,0.137
7666504457072446750,joseannel_,2026-07-25,Si quieres motivar a que tu niño se lave,Direct Audience Call-Out,0.0,0,6507,20,0,20,0.307
7666520277697826078,householdanalyst,2026-07-25,,No Transcript,0.0,0,775,0,0,0,0.0
7666523945570422046,pjz0311,2026-07-25,,No Transcript,0.0,0,951,7,2,9,0.946
7666532269376474399,femmemystique13,2026-07-25,,No Transcript,0.0,0,531,5,0,5,0.942
7666536940312775949,pamela.garcci,2026-07-25,,No Transcript,0.0,0,162,0,0,0,0.0
7666565961104837919,spiceoflikes,2026-07-25,,No Transcript,0.0,0,295,3,0,3,1.017
7666568247310961934,wendymejia1986,2026-07-25,,No Transcript,0.0,0,929,2,0,2,0.215
7666606925471124766,wheezy_eunbiperez,2026-07-25,,No Transcript,0.0,0,371,5,1,6,1.617
7666633016717921550,autobrush,2026-07-26,,No Transcript,0.0,0,269,0,0,0,0.0
7666638438761876767,rosajimenes221,2026-07-26,,No Transcript,0.0,0,168,6,0,6,3.571
7666672890925960461,autobrush,2026-07-26,,No Transcript,0.0,0,401,0,0,0,0.0
7666675837424520461,siacreatesit,2026-07-26,,No Transcript,0.0,0,638,2,0,2,0.313
7666680533925055757,jennyjenadhdcoloring,2026-07-26,,No Transcript,0.0,0,506,6,0,6,1.186
7666688147975228686,autobrush,2026-07-26,,No Transcript,0.0,0,512,0,0,0,0.0
7666749737885781262,autobrush,2026-07-26,,No Transcript,0.0,0,284,0,0,0,0.0
7666854936520428830,hopibynum,2026-07-26,,No Transcript,0.0,0,134,3,2,5,3.731
7666861908452068621,heypriiincesss,2026-07-26,,No Transcript,0.0,0,947,2,0,2,0.211
7666894951552273677,sarahlee_gourmandmidwife,2026-07-26,My son is neurodivergent and oral hygiene can be,Personal Story / POV,0.0,0,1109,10,4,14,1.262
7666896821662321934,astringofhope,2026-07-26,"For the first time in a long time, brushing",Social Proof / Testimonial,0.0,0,1679,8,1,9,0.536
7666902029670894862,andreabadell31,2026-07-26,,No Transcript,0.0,0,955,10,1,11,1.152
7666941276452916494,autobrush,2026-07-26,,No Transcript,0.0,0,745,0,0,0,0.0
7666988254817766686,jamiefindsfun,2026-07-26,no more stressing about cavities I wish I had,Problem / Pain Point,0.0,0,3277,6,0,6,0.183
7667003283113807134,spiceoflikes,2026-07-27,,No Transcript,0.0,0,58,5,0,5,8.621
7667003391565974798,autobrush,2026-07-27,,No Transcript,0.0,0,425,0,0,0,0.0
7667024696608558350,marilyavila7,2026-07-27,,No Transcript,0.0,0,163,6,0,6,3.681
7667028683747642637,,2026-07-26,,No Transcript,0.0,0,797,2,0,2,0.251
7667030634136620301,decadentdoxiesofk,2026-07-27,,No Transcript,0.0,0,325,0,0,0,0.0
7667095527141559566,tydyess7,2026-07-27,,No Transcript,0.0,0,745,6,4,10,1.342
7667101756958018830,destineydospam,2026-07-27,,No Transcript,0.0,0,918,9,0,9,0.98
7667122120886930701,tydyess7,2026-07-27,,No Transcript,0.0,0,839,5,2,7,0.834
7667124688006630669,tydyess7,2026-07-27,,No Transcript,0.0,0,768,5,0,5,0.651
7667129012375915789,tydyess7,2026-07-27,,No Transcript,0.0,0,764,6,0,6,0.785
7667131490018299149,tydyess7,2026-07-27,,No Transcript,0.0,0,764,10,0,10,1.309
7667211571382291726,sortofawesome,2026-07-27,,No Transcript,0.0,0,541,1,1,2,0.37
7667255031908945165,autobrush,2026-07-27,,No Transcript,0.0,0,669,0,0,0,0.0
7667255081351269646,autobrush,2026-07-27,,No Transcript,0.0,0,705,0,0,0,0.0
7667267089421438238,hollyfindsthings,2026-07-27,This is how I stopped fighting my toddler to,Social Proof / Testimonial,0.0,0,2169,12,2,14,0.645
7667309259843063054,hollyfindsthings,2026-07-27,If brushing your kid's teeth is a CHORE... 🥺,Direct Audience Call-Out,0.0,0,1489,6,0,6,0.403
7667315821252791565,autobrush,2026-07-27,,No Transcript,0.0,0,609,0,0,0,0.0
7667315842006207757,autobrush,2026-07-27,,No Transcript,0.0,0,468,0,0,0,0.0
7667323149771459853,mikehefinds,2026-07-27,,No Transcript,0.0,0,190,32,2,34,17.895
7667330743193914638,hailstorm711,2026-07-28,,No Transcript,0.0,0,273,3,0,3,1.099
7667333382153587981,diamandsboysrus,2026-07-27,,No Transcript,0.0,0,497,34,5,39,7.847
7667335770352471327,sierralynn210,2026-07-27,,No Transcript,0.0,0,359,2,0,2,0.557
7667335780997647630,orderandacre,2026-07-29,,No Transcript,0.0,0,393,0,0,0,0.0
7667336311883205901,orderandacre,2026-07-30,,No Transcript,0.0,0,326,0,0,0,0.0
7667340546813267231,lary56324,2026-07-27,,No Transcript,0.0,0,91,2,2,4,4.396
7667366334912548127,kaylabattles,2026-07-28,Can you tell them how old you're turning? I'm,Other / No Clear Hook,0.0,0,1402,86,6,92,6.562
7667375408702115086,autobrush,2026-07-28,,No Transcript,0.0,0,747,0,0,0,0.0
7667383855199964429,autobrush,2026-07-28,,No Transcript,0.0,0,282,0,0,0,0.0
7667383881510702349,autobrush,2026-07-28,,No Transcript,0.0,0,294,0,0,0,0.0
7667388754398612750,tonfinds,2026-07-28,So I took your hand in we figured out,Other / No Clear Hook,0.0,0,1260,1,0,1,0.079
7667389242279988510,lucerox28,2026-07-31,,No Transcript,0.0,0,552,5,0,5,0.906
7667433069774753038,caseyvthatsme,2026-07-28,,No Transcript,0.0,0,631,5,0,5,0.792
7667441938152361229,siacreatesit,2026-07-28,,No Transcript,0.0,0,67,4,0,4,5.97
7667445609653095693,autobrush,2026-07-28,,No Transcript,0.0,0,747,0,0,0,0.0
7667450137270045982,reaperofhugs,2026-07-28,,No Transcript,0.0,0,148,2,0,2,1.351
7667494464172199199,kimberlywellness,2026-07-28,,No Transcript,0.0,0,65,4,1,5,7.692
7667496867818704159,kimberlywellness,2026-07-30,,No Transcript,0.0,0,150,4,1,5,3.333
7667498830987857182,kimberlywellness,2026-07-31,,No Transcript,0.0,0,194,0,0,0,0.0
7667500451620801822,kimberlywellness,2026-08-01,,No Transcript,0.0,0,34,3,0,3,8.824
7667501860290448670,kimberlywellness,2026-08-02,,No Transcript,0.0,0,46,4,2,6,13.043
7667585921327353102,meagp_,2026-07-28,YOUR KIDDOS NEED THIS AUTOBRUSH TOOTH BRUSH Is your,Question,0.0,0,1597,16,0,16,1.002
7667586734665846029,carolcoutinhougc,2026-07-28,,No Transcript,0.0,0,209,16,11,27,12.919
7667597634680425741,sortofawesome,2026-07-28,,No Transcript,0.0,0,419,2,0,2,0.477
7667603975201459487,kimstiktokshopdeals,2026-07-28,,No Transcript,0.0,0,360,0,0,0,0.0
7667605909828406558,kimstiktokshopdeals,2026-07-28,,No Transcript,0.0,0,270,0,0,0,0.0
7667607004994653471,kimstiktokshopdeals,2026-07-28,,No Transcript,0.0,0,609,2,0,2,0.328
7667609554967940382,kimstiktokshopdeals,2026-07-28,,No Transcript,0.0,0,377,0,0,0,0.0
7667614285505383711,kimstiktokshopdeals,2026-07-28,,No Transcript,0.0,0,138,0,0,0,0.0
7667616679270157598,kimstiktokshopdeals,2026-07-28,,No Transcript,0.0,0,77,0,0,0,0.0
7667627279819803934,tutuloveisfree,2026-07-28,,No Transcript,0.0,0,278,2,1,3,1.079
7667642678057766157,autobrush,2026-07-28,,No Transcript,0.0,0,684,0,0,0,0.0
7667642855325814030,autobrush,2026-07-28,,No Transcript,0.0,0,705,0,0,0,0.0
7667643003552484621,autobrush,2026-07-28,,No Transcript,0.0,0,273,0,0,0,0.0
7667690364190379278,chasinghappy2.0,2026-07-28,I was out of town for about four days,Personal Story / POV,0.0,0,2172,12,0,12,0.552
7667694462977543437,marilyavila7,2026-07-28,,No Transcript,0.0,0,339,5,0,5,1.475
7667704487842286862,autobrush,2026-07-28,,No Transcript,0.0,0,282,0,0,0,0.0
7667704502945893645,autobrush,2026-07-28,,No Transcript,0.0,0,617,0,0,0,0.0
7667704635074956557,autobrush,2026-07-28,,No Transcript,0.0,0,413,0,0,0,0.0
7667704739290746126,autobrush,2026-07-28,,No Transcript,0.0,0,289,0,0,0,0.0
7667704882375281934,autobrush,2026-07-28,,No Transcript,0.0,0,678,0,0,0,0.0
7667740468330990861,nee_edition,2026-07-29,,No Transcript,0.0,0,526,2,1,3,0.57
7667768117052984590,autobrush,2026-07-29,,No Transcript,0.0,0,296,0,0,0,0.0
7667768249693654285,autobrush,2026-07-29,,No Transcript,0.0,0,722,0,0,0,0.0
7667768294169955598,autobrush,2026-07-29,,No Transcript,0.0,0,661,0,0,0,0.0
7667769662150659359,ipostitall,2026-07-29,,No Transcript,0.0,0,613,4,0,4,0.653
7667788928182750495,sayli1990,2026-07-29,,No Transcript,0.0,0,87,2,0,2,2.299
7667806545530424590,autobrush,2026-07-29,,No Transcript,0.0,0,281,0,0,0,0.0
7667806550966160653,autobrush,2026-07-29,,No Transcript,0.0,0,272,0,0,0,0.0
7667821338135907598,_butterflyambassador,2026-07-29,,No Transcript,0.0,0,140,3,1,4,2.857
7667821787740261645,autobrush,2026-07-29,,No Transcript,0.0,0,769,0,0,0,0.0
7667821793188662541,autobrush,2026-07-29,,No Transcript,0.0,0,288,0,0,0,0.0
7667825059192392973,julias_cozyhome,2026-07-29,,No Transcript,0.0,0,341,0,0,0,0.0
7667830810736659725,autobrush,2026-07-29,,No Transcript,0.0,0,290,0,0,0,0.0
7667830877438758158,autobrush,2026-07-29,,No Transcript,0.0,0,252,0,0,0,0.0
7667830884921330957,autobrush,2026-07-29,,No Transcript,0.0,0,739,0,0,0,0.0
7667830901623098637,autobrush,2026-07-29,,No Transcript,0.0,0,624,0,0,0,0.0
7667830907109330189,autobrush,2026-07-29,,No Transcript,0.0,0,540,0,0,0,0.0
7667837601490980110,lannifresh4,2026-07-29,,No Transcript,0.0,0,484,6,1,7,1.446
7667840141754502413,lannifresh4,2026-07-29,,No Transcript,0.0,0,541,2,0,2,0.37
7667843834998574366,loriyoung814,2026-07-29,,No Transcript,0.0,0,397,1,0,1,0.252
7667967718330486029,franklin_thebulldog,2026-07-29,,No Transcript,0.0,0,255,1,0,1,0.392
7667975394427014430,myfragrancestory,2026-07-29,,No Transcript,0.0,0,613,0,0,0,0.0
7668012480727125261,autobrush,2026-07-29,,No Transcript,0.0,0,708,0,0,0,0.0
7668072562663935245,autobrush,2026-07-29,,No Transcript,0.0,0,473,0,0,0,0.0
7668072820852706574,autobrush,2026-07-29,,No Transcript,0.0,0,260,0,0,0,0.0
7668072972158127373,autobrush,2026-07-29,,No Transcript,0.0,0,54,0,0,0,0.0
7668096237832277261,latiti4791,2026-07-29,,No Transcript,0.0,0,313,2,0,2,0.639
7668110355788254477,wooonderwoman,2026-07-29,,No Transcript,0.0,0,340,0,0,0,0.0
7668133765574593805,autobrush,2026-07-30,,No Transcript,0.0,0,478,0,0,0,0.0
7668135377516973326,shesninaalexander,2026-07-30,No Cuts No Edits I've never seen someone actually,Curiosity / Open Loop,0.0,0,1730,3,0,3,0.173
7668138203383155981,latiti4791,2026-07-30,,No Transcript,0.0,0,216,2,1,3,1.389
7668154351025704205,locdwithblu,2026-07-30,,No Transcript,0.0,0,687,5,4,9,1.31
7668192641812614414,autobrush,2026-07-30,,No Transcript,0.0,0,333,0,0,0,0.0
7668195141856922894,autobrush,2026-07-30,,No Transcript,0.0,0,295,0,0,0,0.0
7668195199255956750,autobrush,2026-07-30,,No Transcript,0.0,0,451,0,0,0,0.0
7668195209892613390,autobrush,2026-07-30,,No Transcript,0.0,0,733,0,0,0,0.0
7668244888793681183,justlooking.shop,2026-07-30,,No Transcript,0.0,0,661,0,0,0,0.0
7668286076208893214,rkrager1,2026-07-31,,No Transcript,0.0,0,744,0,0,0,0.0
7668286316643142943,rkrager1,2026-07-31,,No Transcript,0.0,0,592,4,0,4,0.676
7668286735301889311,rkrager1,2026-07-31,,No Transcript,0.0,0,969,0,0,0,0.0
7668286875316047135,rkrager1,2026-07-31,,No Transcript,0.0,0,909,4,0,4,0.44
7668288532636634398,hopibynum,2026-07-30,,No Transcript,0.0,0,424,0,0,0,0.0
7668321489761897759,nanalovesjesus415,2026-07-30,,No Transcript,0.0,0,686,0,0,0,0.0
7668358831713406239,devsbodega,2026-07-30,My girl says all she needs is 30 seconds.,Social Proof / Testimonial,0.0,0,6664,11,5,16,0.24
7668358888642612511,hopesbeautyjunkiess,2026-07-30,,No Transcript,0.0,0,44,0,0,0,0.0
7668362952201817357,arynf7,2026-07-30,,No Transcript,0.0,0,44,2,1,3,6.818
7668384305860627725,autobrush,2026-07-30,,No Transcript,0.0,0,284,0,0,0,0.0
7668415696338029837,arynf7,2026-07-30,,No Transcript,0.0,0,55,1,1,2,3.636
7668416272199093518,autismsavvy,2026-07-30,How To Get Your PDA Autistic Child To Brush,Demo / Product Intro,0.0,0,1962,70,7,77,3.925
7668425160839482638,papasmurf915,2026-07-30,My Autistic son doesn't have a problem brushing with,Personal Story / POV,0.0,0,2179,14,1,15,0.688
7668443623121358093,autobrush,2026-07-30,,No Transcript,0.0,0,272,0,0,0,0.0
7668473523404377358,www.tiktok19marty,2026-07-30,,No Transcript,0.0,0,238,2,0,2,0.84
7668485782948154638,kaydie.lyndaker,2026-07-31,I thought I was brushing my teeth well until,Personal Story / POV,0.0,0,1449,13,1,14,0.966
7668489869420678430,k9_unit_369,2026-07-31,Imagine a world where your kids actually fight to,Curiosity / Open Loop,0.0,0,1216,9,0,9,0.74
7668495137483361549,destineydospam,2026-07-31,Using an auto bush Using an auto bush hey,Other / No Clear Hook,0.0,0,1346,6,0,6,0.446
7668501873392962830,autobrush,2026-07-31,,No Transcript,0.0,0,326,0,0,0,0.0
7668527320088562957,julias_cozyhome,2026-07-31,,No Transcript,0.0,0,255,0,0,0,0.0
7668536003635809549,jennyjenadhdcoloring,2026-07-31,,No Transcript,0.0,0,345,4,0,4,1.159
7668541718077115661,tydyess7,2026-07-31,The best part about this auto brush isn't just,Curiosity / Open Loop,0.0,0,1067,2,0,2,0.187
7668543875975236895,jenniferryals,2026-07-30,,No Transcript,0.0,0,780,0,0,0,0.0
7668550419525782798,tydyess7,2026-07-30,,No Transcript,0.0,0,0,0,0,0,0
7668553051749354766,tydyess7,2026-07-31,blue light therapy boosts whitening red light therapy helps,Demo / Product Intro,0.0,0,1100,5,0,5,0.455
7668553418964831502,tydyess7,2026-07-31,,No Transcript,0.0,0,647,0,0,0,0.0
7668574324646808845,autobrush,2026-07-31,,No Transcript,0.0,0,365,0,0,0,0.0
7668589797627415822,autobrush,2026-07-31,,No Transcript,0.0,0,761,0,0,0,0.0
7668695894350499102,armstrongfam6,2026-07-31,,No Transcript,0.0,0,873,15,0,15,1.718
7668741002781297934,autobrush,2026-07-31,,No Transcript,0.0,0,677,0,0,0,0.0
7668741118334438669,lex800342,2026-07-31,,No Transcript,0.0,0,412,0,0,0,0.0
7668755801003019550,heatherlynnrollston,2026-07-31,,No Transcript,0.0,0,22,0,0,0,0.0
7668766440693959949,rosajimenes221,2026-07-31,,No Transcript,0.0,0,61,1,0,1,1.639
7668780803035270414,dmrj072499,2026-07-31,,No Transcript,0.0,0,60,1,0,1,1.667
7668783154345299231,elizabeth.gonzale11,2026-07-31,,No Transcript,0.0,0,338,0,0,0,0.0
7668801800509607182,autobrush,2026-07-31,,No Transcript,0.0,0,698,0,0,0,0.0
7668802532839312671,la_chini_yeslin,2026-07-31,,No Transcript,0.0,0,914,11,0,11,1.204
7668883856992374046,fierceangellb,2026-08-01,,No Transcript,0.0,0,588,0,0,0,0.0
7668883956841876767,sheltonbogarage,2026-08-01,,No Transcript,0.0,0,939,0,0,0,0.0
7669110435878145294,shopthejourney,2026-08-01,,No Transcript,0.0,0,298,0,0,0,0.0
7669111294934469902,meghansbestdeals,2026-08-01,,No Transcript,0.0,0,447,0,0,0,0.0
7669114339613314318,autobrush,2026-08-01,,No Transcript,0.0,0,859,0,0,0,0.0
7669114781852339469,autobrush,2026-08-01,,No Transcript,0.0,0,475,0,0,0,0.0
7669115458544536845,shopthejourney,2026-08-01,,No Transcript,0.0,0,317,1,0,1,0.315
7669120601923112206,tonfinds,2026-08-01,,No Transcript,0.0,0,32,0,0,0,0.0
7669175247983152397,autobrush,2026-08-01,,No Transcript,0.0,0,511,0,0,0,0.0
7669175324579515661,autobrush,2026-08-01,,No Transcript,0.0,0,374,0,0,0,0.0
7669193035997089038,cole_schwartz,2026-08-01,,No Transcript,0.0,0,392,0,0,0,0.0
7669236342559231246,autobrush,2026-08-02,,No Transcript,0.0,0,537,0,0,0,0.0
7669272163404303646,pamspreciousyorkie,2026-08-02,,No Transcript,0.0,0,688,12,0,12,1.744
7669277813266025759,kimstiktokshopdeals,2026-08-01,,No Transcript,0.0,0,37,0,0,0,0.0
7669278922411986207,kimstiktokshopdeals,2026-08-01,,No Transcript,0.0,0,34,0,0,0,0.0
7669280468398886174,kimstiktokshopdeals,2026-08-02,Things I wish I knew before buying the fake,Curiosity / Open Loop,0.0,0,1021,0,0,0,0.0
7669281545026407694,miranda_lerea01,2026-08-02,,No Transcript,0.0,0,130,2,0,2,1.538
7669282267134512414,kimstiktokshopdeals,2026-08-01,,No Transcript,0.0,0,1,0,0,0,0.0
7669299294217833742,siacreatesit,2026-08-02,Still brushing for 2 whole minutes? I switched to,Question,0.0,0,1523,5,3,8,0.525
7669304556794187022,autobrush,2026-08-02,,No Transcript,0.0,0,408,0,0,0,0.0
7669314968042491150,autobrush,2026-08-02,,No Transcript,0.0,0,311,0,0,0,0.0
7669412741878271246,no_halo_here,2026-08-02,,No Transcript,0.0,0,702,4,0,4,0.57
7669432783734967582,kimstiktokshopdeals,2026-08-02,,No Transcript,0.0,0,6,1,0,1,16.667
7669435878573346062,zorangie__,2026-08-02,,No Transcript,0.0,0,549,1,0,1,0.182
7669442264204102926,rachelking1234,2026-08-02,,No Transcript,0.0,0,569,1,0,1,0.176
7669442297213308174,siacreatesit,2026-08-02,,No Transcript,0.0,0,882,4,2,6,0.68
7669450698894888206,heypriiincesss,2026-08-02,,No Transcript,0.0,0,979,0,0,0,0.0
7669452509030698270,scout_tennessee,2026-08-02,,No Transcript,0.0,0,1,0,0,0,0.0
7669485797166320910,hannah_isabellll,2026-08-02,Raise your hand if you're not satisfied with how,Question,0.0,0,1197,1,0,1,0.084
7669486186250915103,sheltonbogarage,2026-08-02,CHECK IT OUT. LOOK WHAT MY WIFE GOT OFF,Demo / Product Intro,0.0,0,1633,5,0,5,0.306
7669487331778333966,autobrush,2026-08-02,,No Transcript,0.0,0,277,0,0,0,0.0
7669487357896232206,autobrush,2026-08-02,,No Transcript,0.0,0,736,0,0,0,0.0
7669487453077507342,autobrush,2026-08-02,,No Transcript,0.0,0,282,0,0,0,0.0
7669487614235266318,autobrush,2026-08-02,,No Transcript,0.0,0,769,0,0,0,0.0
7669487772738080013,autobrush,2026-08-02,,No Transcript,0.0,0,282,0,0,0,0.0
7669512407621848333,umapradhan20,2026-08-02,,No Transcript,0.0,0,721,109,98,207,28.71
7669516469155269901,lukeedwar,2026-08-02,,No Transcript,0.0,0,951,1,0,1,0.105
7669524209055452446,contentbyclaudia,2026-08-02,"Because some days, even the smallest tasks feel overwhelming",Problem / Pain Point,0.0,0,1732,4,0,4,0.231
7669524668503608589,dixya.diaries,2026-08-02,,No Transcript,0.0,0,138,7,0,7,5.072
7669526053005659423,kimstiktokshopdeals,2026-08-02,,No Transcript,0.0,0,11,1,0,1,9.091
7669527778248740126,kimstiktokshopdeals,2026-08-02,,No Transcript,0.0,0,14,1,0,1,7.143
7669529691392429343,kimstiktokshopdeals,2026-08-02,,No Transcript,0.0,0,9,0,0,0,0.0
7669540504228416798,fomofindzz,2026-08-02,,No Transcript,0.0,0,148,0,0,0,0.0
7669540786941349134,morethanjustcookies,2026-08-02,If your kids hate brushing their teeth as much,Direct Audience Call-Out,0.0,0,1095,6,6,12,1.096
7669548705262898446,autobrush,2026-08-02,,No Transcript,0.0,0,392,0,0,0,0.0
7669548752104983821,autobrush,2026-08-02,,No Transcript,0.0,0,591,0,0,0,0.0
7669548830819503374,autobrush,2026-08-02,,No Transcript,0.0,0,274,0,0,0,0.0
7669548938369830157,autobrush,2026-08-02,,No Transcript,0.0,0,286,0,0,0,0.0
7669549155676687629,autobrush,2026-08-02,,No Transcript,0.0,0,250,0,0,0,0.0
7669582723979169054,goosi.ai,2026-08-02,,No Transcript,0.0,0,263,1,0,1,0.38
7669583812107570462,goosi.ai,2026-08-02,,No Transcript,0.0,0,681,1,0,1,0.147
7669585404034616607,goosi.ai,2026-08-02,,No Transcript,0.0,0,612,1,0,1,0.163
7669610769755016462,autobrush,2026-08-03,,No Transcript,0.0,0,275,0,0,0,0.0
7669610784296602894,autobrush,2026-08-03,,No Transcript,0.0,0,719,0,0,0,0.0
7669610804194331918,autobrush,2026-08-03,,No Transcript,0.0,0,737,0,0,0,0.0
7669610833659333901,autobrush,2026-08-03,,No Transcript,0.0,0,279,0,0,0,0.0
7669610853993286926,autobrush,2026-08-03,,No Transcript,0.0,0,714,0,0,0,0.0
7669632399914896654,capricornbuys,2026-08-03,,No Transcript,0.0,0,379,9,0,9,2.375
7669638954215427342,leelabasnet4,2026-08-03,,No Transcript,0.0,0,946,13,4,17,1.797
7669654335130815758,zorangie__,2026-08-04,,No Transcript,0.0,0,730,6,1,7,0.959
7669680086097939726,autobrush,2026-08-03,,No Transcript,0.0,0,714,0,0,0,0.0
7669680172412472590,autobrush,2026-08-03,,No Transcript,0.0,0,746,0,0,0,0.0
7669680183250636045,autobrush,2026-08-03,,No Transcript,0.0,0,745,0,0,0,0.0
7669680219430620429,autobrush,2026-08-03,,No Transcript,0.0,0,809,0,0,0,0.0
7669680324225305869,autobrush,2026-08-03,,No Transcript,0.0,0,289,0,0,0,0.0
7669680512763530509,autobrush,2026-08-03,,No Transcript,0.0,0,283,0,0,0,0.0
7669687438209469710,autobrush,2026-08-03,,No Transcript,0.0,0,277,0,0,0,0.0
7669774725719084318,stealsonyourfyp,2026-08-03,I'm so sorry if you bought this yesterday because,Offer / Deal / Urgency,0.0,0,2099,1,0,1,0.048
7669782374263147806,joelstiktokshop,2026-08-03,,No Transcript,0.0,0,811,6,0,6,0.74
7669826341268704525,robynlizzy14,2026-08-03,,No Transcript,0.0,0,420,3,2,5,1.19
7669833648396389646,heypriiincesss,2026-08-03,,No Transcript,0.0,0,320,3,0,3,0.938
7669834138328763661,taradahal81,2026-08-03,Autobrush Sonic Pro bundle | ADA-Accepted U-shape Electric Toothbrush,Other / No Clear Hook,0.0,0,1030,9,2,11,1.068
7669834419355569438,pacoslays_,2026-08-03,,No Transcript,0.0,0,946,15,0,15,1.586
7669843942329830686,tutuloveisfree,2026-08-03,I couldn't get Luna to brush her teeth... until,Personal Story / POV,0.0,0,2048,12,3,15,0.732
7669844503070657823,kimstiktokshopdeals,2026-08-03,I thought this was just one of those weird,Personal Story / POV,0.0,0,1115,1,0,1,0.09
7669847694231227678,kimstiktokshopdeals,2026-08-03,,No Transcript,0.0,0,601,2,1,3,0.499
7669854257482435871,rayyenis21,2026-08-03,,No Transcript,0.0,0,63,3,0,3,4.762
7669868187424460046,lex800342,2026-08-03,,No Transcript,0.0,0,949,15,4,19,2.002
7669869105490529549,autobrush,2026-08-03,,No Transcript,0.0,0,533,0,0,0,0.0
7669870783811816718,autobrush,2026-08-03,,No Transcript,0.0,0,719,0,0,0,0.0
7669871043040873742,autobrush,2026-08-03,,No Transcript,0.0,0,743,0,0,0,0.0
7669874466326973710,autobrush,2026-08-03,,No Transcript,0.0,0,295,0,0,0,0.0
7669904172833164557,mikehefinds,2026-08-03,,No Transcript,0.0,0,213,21,2,23,10.798
7669930693564108046,lorenabonilla416,2026-08-03,,No Transcript,0.0,0,942,6,0,6,0.637
7669934823301041421,lorenabonilla416,2026-08-03,,No Transcript,0.0,0,820,6,0,6,0.732
7669945269500284174,nicolelucashall,2026-08-03,This is the auto toothbrush.,Demo / Product Intro,0.0,0,1798,7,0,7,0.389
7669954823042747662,kimmykraor,2026-08-03,It's my favorite time of the day. It's my,Other / No Clear Hook,0.0,0,1026,3,0,3,0.292
7669977062253333773,autobrush,2026-08-04,,No Transcript,0.0,0,280,0,0,0,0.0
7669994643525782798,autobrush,2026-08-04,,No Transcript,0.0,0,754,0,0,0,0.0
7669994837520764174,autobrush,2026-08-04,,No Transcript,0.0,0,722,0,0,0,0.0
7669995073970507021,autobrush,2026-08-04,,No Transcript,0.0,0,353,0,0,0,0.0
7669997181830532365,autobrush,2026-08-04,,No Transcript,0.0,0,276,0,0,0,0.0
7669997612572970271,goosi.ai,2026-08-04,,No Transcript,0.0,0,985,1,0,1,0.102
7669999523862777118,goosi.ai,2026-08-04,Quick Clean Convenient,Other / No Clear Hook,0.0,0,1181,1,0,1,0.085
7670001451225156895,goosi.ai,2026-08-04,,No Transcript,0.0,0,617,0,0,0,0.0
7670003384212016414,asheleyspam,2026-08-04,,No Transcript,0.0,0,433,13,1,14,3.233
7670006849076317471,goosi.ai,2026-08-04,,No Transcript,0.0,0,620,3,0,3,0.484
7670029577980300575,yourshopgirl_janae,2026-08-04,"If you've got a chaotic morning, kids who rush",Direct Audience Call-Out,0.0,0,1082,3,0,3,0.277
7670038522425773325,autobrush,2026-08-04,,No Transcript,0.0,0,290,0,0,0,0.0
7670050574393494797,autobrush,2026-08-04,,No Transcript,0.0,0,836,0,0,0,0.0
7670051015931989262,autobrush,2026-08-04,,No Transcript,0.0,0,273,0,0,0,0.0
7670053291157556493,autobrush,2026-08-04,,No Transcript,0.0,0,751,0,0,0,0.0
7670222923742956813,marbelly177,2026-08-04,,No Transcript,0.0,0,935,4,0,4,0.428
7670244182132346126,autobrush,2026-08-04,,No Transcript,0.0,0,707,0,0,0,0.0
7670244870753242399,angies_johnson,2026-08-04,,No Transcript,0.0,0,265,2,0,2,0.755
7670266263884664078,el.zaceta,2026-08-04,,No Transcript,0.0,0,47,4,0,4,8.511
7670269361717890334,mamakaitlin7,2026-08-04,,No Transcript,0.0,0,275,3,0,3,1.091
7670277850175491359,milasdeals,2026-08-04,,No Transcript,0.0,0,4221,2,0,2,0.047
7670301610580479245,autobrush,2026-08-04,,No Transcript,0.0,0,318,0,0,0,0.0
7670316970264349966,samjhanathapa557,2026-08-04,,No Transcript,0.0,0,110,4,1,5,4.545
7670328691712462093,tydyess7,2026-08-04,,No Transcript,0.0,0,883,3,0,3,0.34
7670340032032525581,pineapplefinds1,2026-08-05,Never brushing my teeth again after using this 🤣🤣,Social Proof / Testimonial,0.0,0,1470,0,0,0,0.0
7670371513664589070,wualki__,2026-08-05,,No Transcript,0.0,0,61,5,0,5,8.197
7670372254940794126,wualki__,2026-08-05,,No Transcript,0.0,0,127,8,0,8,6.299
7670373171945655565,wualki__,2026-08-05,,No Transcript,0.0,0,139,8,0,8,5.755
7670373325830393102,wualki__,2026-08-05,,No Transcript,0.0,0,104,5,0,5,4.808
7670378896205843725,autobrush,2026-08-05,,No Transcript,0.0,0,272,0,0,0,0.0
7670394292388498702,itsmandykuhn,2026-08-05,,No Transcript,0.0,0,861,3,0,3,0.348
7670451627526016287,yourshopgirl_janae,2026-08-05,,No Transcript,0.0,0,475,3,0,3,0.632
7670503578980601101,realtalklouanna,2026-08-05,No more excuses when it comes to brushing your,Shock / Warning / Pattern Interrupt,0.0,0,1067,3,0,3,0.281
7670538720713526559,iamvictoriadoss,2026-08-05,I used to make fun of influencers who had,Personal Story / POV,0.0,0,1113,6,0,6,0.539
7670574922837560606,sauce.6_,2026-08-05,,No Transcript,0.0,0,915,75,14,89,9.727
7670580624939289870,robynlizzy14,2026-08-05,,No Transcript,0.0,0,440,6,3,9,2.045
7670581855808195854,heypriiincesss,2026-08-05,,No Transcript,0.0,0,640,1,0,1,0.156
7670581895192644894,sunitamainali143,2026-08-05,,No Transcript,0.0,0,552,9,1,10,1.812
7670587520685493517,sobita397,2026-08-05,,No Transcript,0.0,0,154,15,4,19,12.338
7670595082688498957,rachelking1234,2026-08-05,,No Transcript,0.0,0,523,4,0,4,0.765
7670598928978414861,autobrush,2026-08-05,,No Transcript,0.0,0,2,0,0,0,0.0
7670598948133948686,autobrush,2026-08-05,,No Transcript,0.0,0,704,0,0,0,0.0
7670620784741649678,ashleymariesfinds,2026-08-05,,No Transcript,0.0,0,454,0,0,0,0.0
7670633166675365134,killerdeals247,2026-08-05,,No Transcript,0.0,0,380,1,0,1,0.263
7670649197690998047,compoundchronicle,2026-08-05,,No Transcript,0.0,0,542,4,0,4,0.738
7670656174231932173,tydyess7,2026-08-05,what is the figure 8 motion? This right here...,Question,0.0,0,1586,9,2,11,0.694
7670659405708283150,autobrush,2026-08-05,,No Transcript,0.0,0,747,0,0,0,0.0
7670659444623117581,autobrush,2026-08-05,,No Transcript,0.0,0,3,0,0,0,0.0
7670659907514912030,justjim2025,2026-08-05,,No Transcript,0.0,0,426,6,1,7,1.643
7670663932679441695,izudotexe,2026-08-05,,No Transcript,0.0,0,102,6,0,6,5.882
7670670915683749134,killerdeals247,2026-08-06,,No Transcript,0.0,0,289,1,0,1,0.346
7670682096062532895,compoundchronicle,2026-08-05,,No Transcript,0.0,0,97,0,0,0,0.0
7670709817459133709,mikehefinds,2026-08-06,,No Transcript,0.0,0,267,26,2,28,10.487
7670713350384307487,spiceoflikes,2026-08-06,,No Transcript,0.0,0,341,3,0,3,0.88
7670722845005139213,autobrush,2026-08-06,,No Transcript,0.0,0,14,0,0,0,0.0
7670724882971266317,kaylascheelar,2026-08-06,,No Transcript,0.0,0,652,10,0,10,1.534
7670733169221537054,compoundchronicle,2026-08-06,,No Transcript,0.0,0,221,0,0,0,0.0
7670741519183252766,compoundchronicle,2026-08-06,,No Transcript,0.0,0,336,0,0,0,0.0
7670764891854081294,autobrush,2026-08-06,,No Transcript,0.0,0,345,0,0,0,0.0
7670932262384454943,virgobosslady.ugc,2026-08-06,"3 people, 3 AutoBrushes. Here's why my whole family",Curiosity / Open Loop,0.0,0,1379,4,0,4,0.29
7670939807933091086,gisselabaquedano199,2026-08-06,,No Transcript,0.0,0,56,1,0,1,1.786
7670948146339466526,damantalahad,2026-08-06,,No Transcript,0.0,0,131,29,11,40,30.534
7670952535913434399,dawssix,2026-08-06,,No Transcript,0.0,0,44,0,0,0,0.0
7670956466924178702,acexaver,2026-08-06,,No Transcript,0.0,0,599,2,0,2,0.334
7670965352834125086,genniemarieexplains,2026-08-06,My son's bedtime routine got so much easier the,Social Proof / Testimonial,0.0,0,1565,10,0,10,0.639
7670971034832538893,autobrush,2026-08-06,,No Transcript,0.0,0,273,0,0,0,0.0
7670978243490532622,ashleymariesfinds,2026-08-06,If brushing your child's teeth is always a fight..,Direct Audience Call-Out,0.0,0,1160,4,2,6,0.517
7670978398205775118,ashleymariesfinds,2026-08-06,,No Transcript,0.0,0,826,1,0,1,0.121
7671001125981539598,jonaca85,2026-08-06,What's more expensive is the dentist bill after they,Curiosity / Open Loop,0.0,0,2484,4,0,4,0.161
7671030653202271502,mikehefinds,2026-08-06,,No Transcript,0.0,0,127,8,1,9,7.087
7671031539328617742,autobrush,2026-08-06,,No Transcript,0.0,0,323,0,0,0,0.0
7671098275834940703,glendab82,2026-08-07,,No Transcript,0.0,0,15,0,0,0,0.0
7671102611210145054,westernwithemily,2026-08-07,If bedtime teeth brushing feels like a daily negotiation...,Direct Audience Call-Out,0.0,0,1066,2,0,2,0.188
7671118134757100830,mariana.godinez.n,2026-08-07,,No Transcript,0.0,0,286,1,0,1,0.35
7671153002723446029,autobrush,2026-08-07,,No Transcript,0.0,0,442,0,0,0,0.0
7671156722253237534,sushil_015,2026-08-07,,No Transcript,0.0,0,348,9,1,10,2.874
7671168442099092750,autobrush,2026-08-07,,No Transcript,0.0,0,299,0,0,0,0.0
7671259500518690062,jesslivingcurvy,2026-08-07,,No Transcript,0.0,0,95,7,3,10,10.526
7671292885186235662,mikehefinds,2026-08-07,,No Transcript,0.0,0,449,4,0,4,0.891
7671306468926295310,overstimulatedgirlfinds,2026-08-07,,No Transcript,0.0,0,492,3,0,3,0.61
7671307490318945550,heypriiincesss,2026-08-07,,No Transcript,0.0,0,845,3,0,3,0.355
7671325757339192606,yanevaaaa,2026-08-07,:517 - :157 ¿Tú no has visto la magia,Question,0.0,0,5890,157,11,168,2.852
7671334126535839006,heatherlynnrollston,2026-08-07,,No Transcript,0.0,0,199,0,0,0,0.0
7671339871025335566,autobrush,2026-08-07,,No Transcript,0.0,0,623,0,0,0,0.0
7671351329499008269,jonaca85,2026-08-07,clinically proven to remove 82% more plaque than manual,Bold Claim / Benefit,0.0,0,2574,5,0,5,0.194
7671370089052032269,pineapplefinds1,2026-08-07,,No Transcript,0.0,0,1,0,0,0,0.0
7671383899632684318,jeff_jeudy,2026-08-07,,No Transcript,0.0,0,917,12,1,13,1.418
7671398835859590413,itsthatnorn,2026-08-07,,No Transcript,0.0,0,324,6,0,6,1.852
7671401165627591949,autobrush,2026-08-07,,No Transcript,0.0,0,729,0,0,0,0.0
7671407879085100301,itsthatnorn,2026-08-07,,No Transcript,0.0,0,300,5,0,5,1.667
7671411151586086158,kerseypooh,2026-08-07,,No Transcript,0.0,0,386,2,0,2,0.518
7671411729900899615,gfedoruk99,2026-08-07,,No Transcript,0.0,0,138,14,0,14,10.145
7671444499100355854,family.royal.us,2026-08-08,"Finally, I know she's cleaning every tooth — Front",Social Proof / Testimonial,0.0,0,2131,37,2,39,1.83
7671446616934518046,caitlin_way,2026-08-08,I need my dental hygienist sister to tell me,Personal Story / POV,0.0,0,2107,6,3,9,0.427
7671471102874504461,j0rdan_jdr,2026-08-08,,No Transcript,0.0,0,129,0,0,0,0.0
7671475499746528525,j0rdan_jdr,2026-08-08,,No Transcript,0.0,0,91,2,0,2,2.198
7671494422533623070,myfragrancestory,2026-08-08,,No Transcript,0.0,0,1204,6,0,6,0.498
7671496411426360589,izzyshopsdeals,2026-08-08,,No Transcript,0.0,0,43,1,0,1,2.326
7671501403373800717,tydyess7,2026-08-08,,No Transcript,0.0,0,642,5,0,5,0.779
7671503595795139853,tydyess7,2026-08-08,,No Transcript,0.0,0,622,2,0,2,0.322
7671544186453118239,brennanwterry,2026-08-07,,No Transcript,0.0,0,14,0,0,0,0.0
7671559101805022478,autobrush,2026-08-08,,No Transcript,0.0,0,329,0,0,0,0.0
7671559113293204750,autobrush,2026-08-08,,No Transcript,0.0,0,293,0,0,0,0.0
7671661502981524749,jonaca85,2026-08-08,"Moms, this is for the kids who refuse to",Direct Audience Call-Out,0.0,0,1985,6,0,6,0.302
7671682222813891854,mikehefinds,2026-08-08,,No Transcript,0.0,0,154,28,3,31,20.13
7671706699622829342,yanevaaaa,2026-08-08,Nohhhh asere 90 dólares. Dice él o ella. Ño,Other / No Clear Hook,0.0,0,27039,515,12,527,1.949
7671709161867988238,autobrush,2026-08-08,,No Transcript,0.0,0,741,0,0,0,0.0
7671712588303977741,itsjustanotherangie,2026-08-08,,No Transcript,0.0,0,168,1,0,1,0.595
7671726536608779534,midlife.mom.life,2026-08-08,KIDS NOT BRUSHING? Have you seen that auto brush,Question,0.0,0,1366,4,0,4,0.293
7671769970853874958,autobrush,2026-08-08,,No Transcript,0.0,0,802,0,0,0,0.0
7671780578831781133,brennanwterry,2026-08-08,,No Transcript,0.0,0,568,4,0,4,0.704
7671782655750425869,erika_recomienda,2026-08-08,,No Transcript,0.0,0,113,2,0,2,1.77
7671783669815643423,justlexenee,2026-08-08,"Technique matters! When used correctly, Autobrush removes up to",Demo / Product Intro,0.0,0,1044,2,0,2,0.192
7671853651077401870,rosalihec,2026-08-09,,No Transcript,0.0,0,420,0,0,0,0.0
7671870217609399582,marinaeseniia.mikheeva,2026-08-09,This adorable lion automatic toothbrush is perfect for kids!,Demo / Product Intro,0.0,0,16637,170,0,170,1.022
7671875400263339277,chaos10vezcompany,2026-08-09,30 seconds to cleaner teeth + you get the,Bold Claim / Benefit,0.0,0,1172,1,2,3,0.256
7671894747094486286,rosalihec,2026-08-09,,No Transcript,0.0,0,267,0,0,0,0.0
7671898409611152653,autobrush,2026-08-09,,No Transcript,0.0,0,277,0,0,0,0.0
7671929148998307086,autobrush,2026-08-09,,No Transcript,0.0,0,889,0,0,0,0.0
7672007367008980237,italiano_1016,2026-08-09,,No Transcript,0.0,0,380,0,0,0,0.0
7672084920935664926,rayyenis21,2026-08-09,,No Transcript,0.0,0,81,3,0,3,3.704
7672089068867505439,crchecrochet,2026-08-09,,No Transcript,0.0,0,871,6,0,6,0.689
7672111249781542174,michlmackay,2026-08-09,"Worth the money + Ada approved Okay, I'm sure",Social Proof / Testimonial,0.0,0,1752,3,0,3,0.171
7672120398162496798,k9_unit_369,2026-08-09,"Picture this, bedtime routine is going perfect tonight. going",Personal Story / POV,0.0,0,2157,11,0,11,0.51
7672134265315921165,35gb39,2026-08-09,,No Transcript,0.0,0,520,7,0,7,1.346
7672152548286991646,michlmackay,2026-08-09,,No Transcript,0.0,0,936,4,0,4,0.427
7672153629733686558,jeremylancetx,2026-08-09,Auto Toothbrush?? 😠🦷✨ This is the auto brush. makes,Demo / Product Intro,0.0,0,2132,1,0,1,0.047
7672165281682230541,getitontiktok,2026-08-09,,No Transcript,0.0,0,818,4,1,5,0.611
7672184745215724831,mimi.era1,2026-08-09,,No Transcript,0.0,0,727,8,2,10,1.376
7672198072801201439,caitlin_way,2026-08-11,It's already hard enough getting your kids to want,Problem / Pain Point,0.0,0,1045,4,0,4,0.383
7672198670967721229,orderandacre,2026-08-10,,No Transcript,0.0,0,59,6,1,7,11.864
7672203099011845407,gitaktwd,2026-08-10,"Finding the right electric toothbrush can be a challenge,",Problem / Pain Point,0.0,0,1369,9,0,9,0.657
7672208162484768030,alishaa.chavez,2026-08-10,,No Transcript,0.0,0,561,2,0,2,0.357
7672214019196931358,kimstiktokshopdeals,2026-08-10,,No Transcript,0.0,0,666,0,0,0,0.0
7672215451669171487,kimstiktokshopdeals,2026-08-09,,No Transcript,0.0,0,657,1,0,1,0.152
7672220014107184414,kimstiktokshopdeals,2026-08-10,,No Transcript,0.0,0,584,1,0,1,0.171
7672244022986968333,alaydis.acua.pite,2026-08-10,,No Transcript,0.0,0,336,1,0,1,0.298
7672249229242338574,mikehefinds,2026-08-10,,No Transcript,0.0,0,194,14,0,14,7.216
7672253910622555405,autobrush,2026-08-10,,No Transcript,0.0,0,806,0,0,0,0.0
7672299766797126926,autobrush,2026-08-10,,No Transcript,0.0,0,400,0,0,0,0.0
7672310627162934558,oksana.yum,2026-08-10,,No Transcript,0.0,0,254,1,0,1,0.394
7672360444903853343,robertskay8,2026-08-10,,No Transcript,0.0,0,159,1,0,1,0.629
7672367152577498382,yurb.shop,2026-08-10,Si sigues lavándote los dientes con un cepillo convencional,Direct Audience Call-Out,0.0,0,1333,4,0,4,0.3
7672369313252150542,yurb.shop,2026-08-10,Probando el cepillo en U con luces LED. ¿Todavía,Question,0.0,0,1295,3,0,3,0.232
7672418396083916046,kerseypooh,2026-08-10,,No Transcript,0.0,0,1,0,0,0,0.0
7672433255093636366,manna__pb32,2026-08-10,,No Transcript,0.0,0,959,4,0,4,0.417
7672446374591335694,pineapplefinds1,2026-08-10,,No Transcript,0.0,0,15,0,0,0,0.0
7672462974065364254,yourshopgirl_janae,2026-08-10,,No Transcript,0.0,0,831,2,0,2,0.241
7672463071364795679,hollyfindsthings,2026-08-10,1. Apply toothpaste 2. Push a button (this is,Demo / Product Intro,0.0,0,1701,12,1,13,0.764
7672465572340206879,boombaaaam,2026-08-10,,No Transcript,0.0,0,35,4,0,4,11.429
7672482838838578445,ladominicanprincess,2026-08-10,I finally got my hands on the autobrush and,Personal Story / POV,0.0,0,1127,4,0,4,0.355
7672495954699848974,veramusing,2026-08-10,,No Transcript,0.0,0,666,10,6,16,2.402
7672519874748386590,chrishasdeals,2026-08-10,My girlfriend just got this... This will get the,Personal Story / POV,0.0,0,1603,7,0,7,0.437
7672525198712704269,rosalihec,2026-08-10,,No Transcript,0.0,0,84,0,0,0,0.0
7672578894200933646,autobrush,2026-08-11,,No Transcript,0.0,0,985,0,0,0,0.0
7672594976487771405,autobrush,2026-08-11,,No Transcript,0.0,0,359,0,0,0,0.0
7672594993235725598,vivian.alfonso,2026-08-11,,No Transcript,0.0,0,514,1,0,1,0.195
7672604059555089694,dawnkaty_qualls,2026-08-11,,No Transcript,0.0,0,708,1,0,1,0.141
7672606527030578445,crystalbrownshop,2026-08-11,,No Transcript,0.0,0,132,2,2,4,3.03
7672625910872378638,chemicalcleanedmeme,2026-08-11,,No Transcript,0.0,0,357,1,0,1,0.28
7672666206544858399,alexaannelis,2026-08-11,,No Transcript,0.0,0,592,7,0,7,1.182
7672747346916035854,lindzzc,2026-08-11,,No Transcript,0.0,0,58,2,0,2,3.448
7672757838187351310,nonnie1476,2026-08-11,,No Transcript,0.0,0,250,6,3,9,3.6
7672758742630354207,nikkibrooksftw,2026-08-11,2 minutes is basically an eternity for a child,Problem / Pain Point,0.0,0,1295,6,0,6,0.463
7672772741610736927,shay..momof3.tiktokshop,2026-08-11,,No Transcript,0.0,0,638,2,1,3,0.47
7672805363405688094,shay..momof3.tiktokshop,2026-08-11,Teeth never feel fully clean??? Do your teeth ever,Question,0.0,0,1301,3,1,4,0.307
7672835685325327646,nm_mountaingirl,2026-08-11,,No Transcript,0.0,0,218,0,0,0,0.0
7672844732698987807,xiomyhernandez82,2026-08-11,,No Transcript,0.0,0,202,0,0,0,0.0
7672860808493141262,dani.leigh24,2026-08-11,,No Transcript,0.0,0,653,3,0,3,0.459
7672862982870732063,caitlin_way,2026-08-11,My dental hygienist tested the AutoBrush... would she recommend,Social Proof / Testimonial,0.0,0,2368,10,0,10,0.422
7672893688346922254,rossymara0706,2026-08-11,,No Transcript,0.0,0,67,4,0,4,5.97
7672894626566540557,rossymara0706,2026-08-11,,No Transcript,0.0,0,90,3,0,3,3.333
7672895289019174157,rossymara0706,2026-08-11,,No Transcript,0.0,0,94,3,0,3,3.191
7672899564906548511,glendab82,2026-08-11,When you're brushing your teeth and you're trying to,Problem / Pain Point,0.0,0,1209,9,1,10,0.827
7672904670372777230,shoppeachyfinds,2026-08-12,so blessed that this was my sample haul! (you,Personal Story / POV,0.0,0,4639,1,0,1,0.022
7672931222217166110,shay..momof3.tiktokshop,2026-08-12,,No Transcript,0.0,0,765,2,1,3,0.392
7672950416891448606,tutuloveisfree,2026-08-12,,No Transcript,0.0,0,873,0,0,0,0.0
7672958003972148494,diamandsboysrus,2026-08-12,,No Transcript,0.0,0,82,15,1,16,19.512
7672961407784193311,shay..momof3.tiktokshop,2026-08-12,,No Transcript,0.0,0,652,3,1,4,0.613
7672977914169789710,dmrj072499,2026-08-12,,No Transcript,0.0,0,835,5,4,9,1.078
7672993401838619934,shay..momof3.tiktokshop,2026-08-12,,No Transcript,0.0,0,666,2,1,3,0.45
7672996794275466510,autobrush,2026-08-12,,No Transcript,0.0,0,318,0,0,0,0.0
7672996802261503245,autobrush,2026-08-12,,No Transcript,0.0,0,317,0,0,0,0.0
7673058440687799566,lifewithallygranv,2026-08-12,,No Transcript,0.0,0,557,13,1,14,2.513
7673198579757944078,anewchapterwithchrist,2026-08-12,,No Transcript,0.0,0,10,0,0,0,0.0
7673199304210681102,cuquitaquintana2,2026-08-12,"Yo estaba loca esperando que me llegara esto, mi",Social Proof / Testimonial,0.0,0,1982,152,4,156,7.871
7673200076952456479,chelsearhane,2026-08-12,,No Transcript,0.0,0,380,0,0,0,0.0
7673216822312832286,emmagracefull,2026-08-12,,No Transcript,0.0,0,692,5,0,5,0.723
7673236480654986510,drkelsichiro,2026-08-12,,No Transcript,0.0,0,305,6,1,7,2.295
7673257746711498014,get_it_redd,2026-08-12,,No Transcript,0.0,0,975,13,0,13,1.333
7673270120248020255,shay..momof3.tiktokshop,2026-08-12,,No Transcript,0.0,0,858,6,0,6,0.699
7673274138512985358,jcjustgotbetter,2026-08-12,,No Transcript,0.0,0,495,2,0,2,0.404
7673275243883941151,devsbodega,2026-08-12,This only take 30 seconds. And you know what?,Bold Claim / Benefit,0.0,0,1531,7,0,7,0.457
7673275342424919326,devsbodega,2026-08-12,,No Transcript,0.0,0,986,5,0,5,0.507
7673275843384216862,devsbodega,2026-08-12,THIS ONLY TAKE 30 SECONDS 😳 My girl told,Bold Claim / Benefit,0.0,0,1088,4,0,4,0.368
7673309396897729822,nicolelucashall,2026-08-12,,No Transcript,0.0,0,117,0,0,0,0.0
7673328633993268493,stuffonsale,2026-08-13,,No Transcript,0.0,0,162,1,0,1,0.617
7673330171067272478,ttshop_with_cissy,2026-08-13,,No Transcript,0.0,0,661,0,0,0,0.0
7673334309310221581,autobrush,2026-08-13,,No Transcript,0.0,0,366,0,0,0,0.0
7673345724108639501,flopez2575,2026-08-13,The best toothbrush you will ever own. This autobrush,Bold Claim / Benefit,0.0,0,1310,0,0,0,0.0
7673385456939306270,manman.meetch1,2026-08-13,,No Transcript,0.0,0,104,7,0,7,6.731
7673405399948659982,yunelisalvarez65,2026-08-13,,No Transcript,0.0,0,78,2,0,2,2.564
7673509405861760270,robynlizzy14,2026-08-13,,No Transcript,0.0,0,350,2,1,3,0.857
7673516780479876382,tdawgdealz,2026-08-13,,No Transcript,0.0,0,243,3,0,3,1.235
7673524526394772749,jonaca85,2026-08-13,All those bristles get right into the nooks and,Demo / Product Intro,0.0,0,2063,2,0,2,0.097
7673534767299579149,therealchampayned,2026-08-13,,No Transcript,0.0,0,709,1,0,1,0.141
7673549634035371295,aleesha.thomas,2026-08-13,,No Transcript,0.0,0,337,3,0,3,0.89
7673560224602639629,ry_knows,2026-08-13,a toothbrush that kids can actually use and get,Bold Claim / Benefit,0.0,0,2151,2,0,2,0.093
7673565966172753182,katesawyer87,2026-08-13,,No Transcript,0.0,0,673,0,0,0,0.0
7673569360606235918,autobrush,2026-08-13,,No Transcript,0.0,0,740,0,0,0,0.0
7673598037213695245,kimmykraor,2026-08-13,,No Transcript,0.0,0,36,4,0,4,11.111
7673608601864277262,hey_nakita,2026-08-13,,No Transcript,0.0,0,189,5,0,5,2.646
7673627668545424671,edrees.taeb,2026-08-13,,No Transcript,0.0,0,444,0,0,0,0.0
7673663545334123790,autismsavvyfinds,2026-08-13,,No Transcript,0.0,0,453,6,1,7,1.545
7673689052150828318,mallikachhetri13,2026-08-14,Make your brushing routine faster and easier with the,Bold Claim / Benefit,0.0,0,1066,5,2,7,0.657
7673733320861027615,jenniferryals,2026-08-14,,No Transcript,0.0,0,49,1,0,1,2.041
7673749334004976909,autobrush,2026-08-14,,No Transcript,0.0,0,638,0,0,0,0.0
7673862097993764110,spruceitup,2026-08-14,,No Transcript,0.0,0,3,0,0,0,0.0
7673876632095968543,aews99,2026-08-14,,No Transcript,0.0,0,99,2,0,2,2.02
7673920319278648589,spruceitup,2026-08-14,POV: Is your toothbrush this extra? Give me something,Personal Story / POV,0.0,0,1382,8,0,8,0.579
7673935931384106254,xiomyhernandez82,2026-08-14,,No Transcript,0.0,0,43,6,0,6,13.953
7673937658644647182,julia.90s.flip.and.play,2026-08-14,,No Transcript,0.0,0,823,2,0,2,0.243
7673951136386207006,dealswithzach,2026-08-14,,No Transcript,0.0,0,751,1,1,2,0.266
7673977448647625997,italiano_1016,2026-08-14,,No Transcript,0.0,0,304,6,2,8,2.632
7673982476833787166,lasvegasconmigo,2026-08-14,,No Transcript,0.0,0,644,1,0,1,0.155
7674000372683328782,keiara_da_hairsurgeon,2026-08-14,,No Transcript,0.0,0,692,1,0,1,0.145
7674004234743844110,autobrush,2026-08-14,,No Transcript,0.0,0,268,0,0,0,0.0
7674004459994811661,autobrush,2026-08-14,,No Transcript,0.0,0,284,0,0,0,0.0
7674008681008139550,autobrush,2026-08-14,,No Transcript,0.0,0,302,0,0,0,0.0
7674014292265553165,brittanymarie.dm,2026-08-14,If your toddler fights you every time it's time,Direct Audience Call-Out,0.0,0,1521,7,0,7,0.46
7674017014536588558,mrs.sammarie,2026-08-14,,No Transcript,0.0,0,599,2,1,3,0.501
7674025039884307725,mrs.sammarie,2026-08-14,,No Transcript,0.0,0,109,3,1,4,3.67
7674030782469442829,sammariechaos,2026-08-14,,No Transcript,0.0,0,504,2,0,2,0.397
7674088673754795278,autobrush,2026-08-15,,No Transcript,0.0,0,277,0,0,0,0.0
7674088986503154957,autobrush,2026-08-15,,No Transcript,0.0,0,763,0,0,0,0.0
7674091943051250958,kaylynfinds,2026-08-15,,No Transcript,0.0,0,675,5,3,8,1.185
7674189082402049293,autobrush,2026-08-15,,No Transcript,0.0,0,294,0,0,0,0.0
7674189573970332942,autobrush,2026-08-15,,No Transcript,0.0,0,761,0,0,0,0.0
7674250444117396749,anewchapterwithchrist,2026-08-15,,No Transcript,0.0,0,49,1,0,1,2.041
7674258012592196877,lex800342,2026-08-15,,No Transcript,0.0,0,79,8,0,8,10.127
7674274390309080333,mishamish__,2026-08-15,,No Transcript,0.0,0,492,1,0,1,0.203
7674311746055605518,autobrush,2026-08-15,,No Transcript,0.0,0,933,0,0,0,0.0
7674312391278038285,autobrush,2026-08-15,,No Transcript,0.0,0,267,0,0,0,0.0
7674312607318265118,ginafoundit,2026-08-15,,No Transcript,0.0,0,652,7,1,8,1.227
7674329748071255309,mishamish__,2026-08-15,"Hey parents, let me go ahead and put you",Direct Audience Call-Out,0.0,0,1233,2,0,2,0.162
7674336170049817870,drkelsichiro,2026-08-15,My daughter used to cry every single night when,Personal Story / POV,0.0,0,1162,5,0,5,0.43
7674340462316047647,get_it_redd,2026-08-15,10 second tooth brushing routine. The Autobrush Kids bundle,Bold Claim / Benefit,0.0,0,1150,9,0,9,0.783
7674353311914396942,dmrj072499,2026-08-15,,No Transcript,0.0,0,312,0,0,0,0.0
7674378320070348063,allieboo206,2026-08-15,They have them for boys and girls. Want to,Question,0.0,0,1226,21,1,22,1.794
7674386859065167118,frecklesita27,2026-08-15,,No Transcript,0.0,0,663,1,0,1,0.151
7674402733436177677,autobrush,2026-08-15,,No Transcript,0.0,0,327,0,0,0,0.0
7674408855199091981,cinthiagracast,2026-08-15,"Chica, quedaste y quedamos. Miren, le pedí este cepillo",Personal Story / POV,0.0,0,9429,410,10,420,4.454
7674444572914617613,yesi12y,2026-08-16,,No Transcript,0.0,0,446,7,0,7,1.57
7674455216325922061,autobrush,2026-08-16,,No Transcript,0.0,0,452,0,0,0,0.0
7674479679083908383,jenniferryals,2026-08-16,,No Transcript,0.0,0,14,2,0,2,14.286
7674480919213919502,autobrush,2026-08-16,,No Transcript,0.0,0,291,0,0,0,0.0
7674483601697803533,pattys.shop2,2026-08-16,,No Transcript,0.0,0,36,9,0,9,25.0
7674542244753394958,autobrush,2026-08-16,,No Transcript,0.0,0,299,0,0,0,0.0
7674570270727884045,autobrush,2026-08-16,,No Transcript,0.0,0,924,0,0,0,0.0
7674616397225315615,k9_unit_369,2026-08-16,,No Transcript,0.0,0,376,4,0,4,1.064
7674649216974621982,jessieoropeza_,2026-08-16,,No Transcript,0.0,0,812,6,0,6,0.739
7674659804085751054,gisselabaquedano199,2026-08-16,,No Transcript,0.0,0,57,2,1,3,5.263
7674680929104792845,autobrush,2026-08-16,,No Transcript,0.0,0,319,0,0,0,0.0
7674700331862789389,autobrush,2026-08-16,,No Transcript,0.0,0,273,0,0,0,0.0
7674706130823548174,keiara_da_hairsurgeon,2026-08-16,,No Transcript,0.0,0,1086,3,0,3,0.276
7674711120979987725,ashleighrucker12,2026-08-16,,No Transcript,0.0,0,708,6,2,8,1.13
7674720424197967117,gisselabaquedano199,2026-08-16,,No Transcript,0.0,0,67,0,0,0,0.0
7674730206283713823,niurkamoda1,2026-08-16,,No Transcript,0.0,0,967,1,0,1,0.103
7674740529002990862,ladominicanprincess,2026-08-16,The viral Autobrush I take a cal flash When,Other / No Clear Hook,0.0,0,1275,5,0,5,0.392
7674756426748792078,frecklesita27,2026-08-16,,No Transcript,0.0,0,155,1,0,1,0.645
7674757821841362206,chelsiemehok,2026-08-16,,No Transcript,0.0,0,639,3,1,4,0.626
7674764381447605517,autobrush,2026-08-16,,No Transcript,0.0,0,388,0,0,0,0.0
7674772567344958734,autobrush,2026-08-16,,No Transcript,0.0,0,339,0,0,0,0.0
7674779191606250766,coliamilly,2026-08-16,,No Transcript,0.0,0,89,4,0,4,4.494
7674790330553666847,wranglingrangels,2026-08-17,,No Transcript,0.0,0,186,2,1,3,1.613
7674806922872130829,kilie.jo,2026-08-17,"As a dental hygienist, I'm always looking for products",Social Proof / Testimonial,0.0,0,1021,7,0,7,0.686
7674839381726809374,alexsharesitall,2026-08-17,I know we're all guilty of not brushing our,Problem / Pain Point,0.0,0,1093,3,0,3,0.274
7674850234857491725,tonfinds,2026-08-17,,No Transcript,0.0,0,68,3,0,3,4.412
7675033707022961950,wranglingrangels,2026-08-17,,No Transcript,0.0,0,324,5,1,6,1.852
7675050111185014029,autobrush,2026-08-17,,No Transcript,0.0,0,315,0,0,0,0.0
7675051968804424990,b2cbuild,2026-08-17,,No Transcript,0.0,0,119,3,0,3,2.521
7675054666341747999,swwannaa,2026-08-17,,No Transcript,0.0,0,886,3,0,3,0.339
7675055358859070733,voices.thatmatter,2026-08-17,,No Transcript,0.0,0,202,1,0,1,0.495
7675066579020746014,pattys.shop2,2026-08-17,,No Transcript,0.0,0,134,10,1,11,8.209
7675112999530581278,your.tiktok.reddit,2026-08-17,,No Transcript,0.0,0,577,2,0,2,0.347
7675129261795200269,mishamish__,2026-08-17,,No Transcript,0.0,0,309,2,0,2,0.647
7675159075872640269,euclideancooper,2026-08-18,,No Transcript,0.0,0,57,5,0,5,8.772
7675256255727799565,heypriiincesss,2026-08-18,,No Transcript,0.0,0,719,3,0,3,0.417
7675275946131229982,autobrush,2026-08-18,,No Transcript,0.0,0,306,0,0,0,0.0
7675311584704564510,iamvictoriadoss,2026-08-18,when you realize this about kids toothbrushes.. your kids',Curiosity / Open Loop,0.0,0,1090,3,0,3,0.275
7675316853257800990,iamvictoriadoss,2026-08-18,,No Transcript,0.0,0,939,6,0,6,0.639
7675327504088976671,shop.findz2025,2026-08-18,,No Transcript,0.0,0,469,1,0,1,0.213
7675413804846468366,lola05gym,2026-08-18,,No Transcript,0.0,0,727,32,9,41,5.64
7675427664861170957,autobrush,2026-08-18,,No Transcript,0.0,0,296,0,0,0,0.0
7675430420791430414,autobrush,2026-08-18,,No Transcript,0.0,0,284,0,0,0,0.0
7675435906639072542,ashterdisaster,2026-08-18,We all know our kids are terrible at brushing,Problem / Pain Point,0.0,0,1136,22,0,22,1.937
7675440562392091934,shopwithdani_,2026-08-18,,No Transcript,0.0,0,799,6,1,7,0.876
7675478220560551199,portlandboudoir,2026-08-18,"Kids who refuse to brush their teeth! Daily crying,",Direct Audience Call-Out,0.0,0,1020,3,0,3,0.294
7675516651634248974,autobrush,2026-08-18,,No Transcript,0.0,0,268,0,0,0,0.0
7675523313501801758,shay..momof3.tiktokshop,2026-08-18,,No Transcript,0.0,0,307,1,0,1,0.326
7675531792576728351,patypaz51,2026-08-19,,No Transcript,0.0,0,417,6,2,8,1.918
7675555770913606926,lizfoundthat,2026-08-21,,No Transcript,0.0,0,110,9,15,24,21.818
7675556740158491935,shopwithgabriela,2026-08-19,,No Transcript,0.0,0,601,10,0,10,1.664
7675577202129325326,autobrush,2026-08-19,,No Transcript,0.0,0,285,0,0,0,0.0
7675593063733021965,judithquiros22,2026-08-20,,No Transcript,0.0,0,15,0,0,0,0.0
7675629659555450143,alexaannelis,2026-08-19,,No Transcript,0.0,0,534,4,0,4,0.749
7675657953491422478,autobrush,2026-08-19,,No Transcript,0.0,0,304,0,0,0,0.0
7675737038779321614,anewchapterwithchrist,2026-08-19,,No Transcript,0.0,0,67,0,0,0,0.0
7675747699265670413,heypriiincesss,2026-08-19,,No Transcript,0.0,0,782,1,0,1,0.128
7675750424254647583,danielle.momto3,2026-08-19,,No Transcript,0.0,0,686,3,3,6,0.875
7675750763318103327,thriftingmamagoose,2026-08-19,,No Transcript,0.0,0,926,1,0,1,0.108
7675774588646624525,ashterdisaster,2026-08-19,,No Transcript,0.0,0,998,25,0,25,2.505
7675806950726061326,autobrush,2026-08-19,,No Transcript,0.0,0,294,0,0,0,0.0
7675820233650638093,drbellarx,2026-08-19,,No Transcript,0.0,0,656,5,0,5,0.762
7675834615394815246,rossymara0706,2026-08-19,,No Transcript,0.0,0,98,3,0,3,3.061
7675835725241191694,rossymara0706,2026-08-19,,No Transcript,0.0,0,74,2,0,2,2.703
7675844873890565406,monica_leanne,2026-08-19,,No Transcript,0.0,0,40,0,0,0,0.0
7675858541986565407,nayla_life,2026-08-19,,No Transcript,0.0,0,339,18,2,20,5.9
7675887836092042509,autobrush,2026-08-19,,No Transcript,0.0,0,271,0,0,0,0.0
7675890031612988685,autobrush,2026-08-19,,No Transcript,0.0,0,308,0,0,0,0.0
7675892668500610318,roxyandy,2026-08-19,,No Transcript,0.0,0,492,6,0,6,1.22
7675948828704394510,kayycookie6,2026-08-20,,No Transcript,0.0,0,81,2,0,2,2.469
7675953977334172942,autobrush,2026-08-20,,No Transcript,0.0,0,128,0,0,0,0.0
7675954013011037454,autobrush,2026-08-20,,No Transcript,0.0,0,132,0,0,0,0.0
7675954017041747213,autobrush,2026-08-20,,No Transcript,0.0,0,153,0,0,0,0.0
7675955107992702222,autobrush,2026-08-20,,No Transcript,0.0,0,212,0,0,0,0.0
7675967265325567262,portlandboudoir,2026-08-22,,No Transcript,0.0,0,603,3,0,3,0.498
7676008070195055885,autobrush,2026-08-20,,No Transcript,0.0,0,289,0,0,0,0.0
7676013290643885326,autobrush,2026-08-20,,No Transcript,0.0,0,269,0,0,0,0.0
7676013471137533198,autobrush,2026-08-20,,No Transcript,0.0,0,275,0,0,0,0.0
7676104035518270734,kayycookie6,2026-08-20,I took our four-year-old to the dentist and he,Personal Story / POV,0.0,0,1349,7,0,7,0.519
7676117862565612813,mishamish__,2026-08-20,,No Transcript,0.0,0,847,0,0,0,0.0
7676127791921761550,chris.coello,2026-08-20,,No Transcript,0.0,0,623,25,0,25,4.013
7676137616131099918,heypriiincesss,2026-08-20,,No Transcript,0.0,0,896,0,0,0,0.0
7676147734847458574,erly314,2026-08-20,,No Transcript,0.0,0,208,2,0,2,0.962
7676157583547174157,myvideoguy_sambanks,2026-08-20,,No Transcript,0.0,0,288,1,0,1,0.347
7676160856165518606,myvideoguy_sambanks,2026-08-20,,No Transcript,0.0,0,265,2,2,4,1.509
7676181316173368590,autobrush,2026-08-20,,No Transcript,0.0,0,295,0,0,0,0.0
7676181362923162893,autobrush,2026-08-20,,No Transcript,0.0,0,285,0,0,0,0.0
7676190338935000351,shay..momof3.tiktokshop,2026-08-20,,No Transcript,0.0,0,315,3,2,5,1.587
7676216260136422687,alysah..momof3,2026-08-20,,No Transcript,0.0,0,439,10,0,10,2.278
7676219885357206815,shelbymousley,2026-08-20,I just got the coolest kids toothbrush for my,Personal Story / POV,0.0,0,1084,2,0,2,0.185
7676237847770271006,abhipshaarydkl97,2026-08-20,,No Transcript,0.0,0,211,2,0,2,0.948
7676264271650589965,kayycookie6,2026-08-20,The best toothbrush. You want praises from the dentist,Bold Claim / Benefit,0.0,0,1632,2,0,2,0.123
7676270359708011790,amandaniccum,2026-08-21,,No Transcript,0.0,0,748,1,0,1,0.134
7676293023461838110,anuska.karki504,2026-08-21,,No Transcript,0.0,0,126,17,3,20,15.873
7676296103955877134,autobrush,2026-08-21,,No Transcript,0.0,0,172,0,0,0,0.0
7676300723172248845,autobrush,2026-08-21,,No Transcript,0.0,0,2,0,0,0,0.0
7676315002109742367,dra.arletty,2026-08-21,,No Transcript,0.0,0,226,6,2,8,3.54
7676319375162445070,judithquiros22,2026-08-21,,No Transcript,0.0,0,100,2,0,2,2.0
7676326740460866847,wranglingrangels,2026-08-21,,No Transcript,0.0,0,103,5,1,6,5.825
7676367058749099278,mikehefinds,2026-08-21,,No Transcript,0.0,0,97,9,1,10,10.309
7676376171193437470,familyfindsforyou,2026-08-21,Don't get ripped up. If you got the viral,Shock / Warning / Pattern Interrupt,0.0,0,1062,0,0,0,0.0
7676417102881787149,autobrush,2026-08-21,,No Transcript,0.0,0,198,0,0,0,0.0
7676442895037025549,autobrush,2026-08-21,,No Transcript,0.0,0,299,0,0,0,0.0
7676442917178756366,autobrush,2026-08-21,,No Transcript,0.0,0,299,0,0,0,0.0
7676461106059103519,lachuchita91,2026-08-21,,No Transcript,0.0,0,69,8,0,8,11.594
7676474157273468191,dra.arletty,2026-08-21,,No Transcript,0.0,0,193,6,2,8,4.145
7676533372646149390,autobrush,2026-08-21,,No Transcript,0.0,0,150,0,0,0,0.0
7676582807908470030,only.funn84,2026-08-21,Anyone else been refusing to get the Autobrush Sonic,Social Proof / Testimonial,0.0,0,1193,4,1,5,0.419
7676585447379750157,themodernmama3,2026-08-21,Why brush one tooth at a time? Still feels,Question,0.0,0,1535,1,2,3,0.195
7676589177185570078,shay..momof3.tiktokshop,2026-08-21,,No Transcript,0.0,0,332,4,2,6,1.807
7676590658437582094,autobrush,2026-08-21,,No Transcript,0.0,0,173,0,0,0,0.0
7676597625986026783,calm.chaos.coffee,2026-08-21,,No Transcript,0.0,0,711,10,0,10,1.406
7676611921222569246,notjulessss,2026-08-21,,No Transcript,0.0,0,821,0,0,0,0.0
7676619935761648910,feralbratera,2026-08-21,What the hell do you mean I can brush,Shock / Warning / Pattern Interrupt,0.0,0,1637,34,4,38,2.321
7676652443471514894,autobrush,2026-08-22,,No Transcript,0.0,0,78,0,0,0,0.0
7676657877930560781,xiomyhernandez82,2026-08-22,,No Transcript,0.0,0,470,4,0,4,0.851
7676718560361663775,shay..momof3.tiktokshop,2026-08-22,,No Transcript,0.0,0,55,1,0,1,1.818
7676720327719652622,autobrush,2026-08-22,,No Transcript,0.0,0,14,0,0,0,0.0
7676724225562004750,autobrush,2026-08-22,,No Transcript,0.0,0,39,0,0,0,0.0
7676731371125017870,amandaniccum,2026-08-22,,No Transcript,0.0,0,517,0,0,0,0.0
7676755897401625886,familyfindsforyou,2026-08-22,,No Transcript,0.0,0,785,0,0,0,0.0
7676858899852430606,manna__pb32,2026-08-22,,No Transcript,0.0,0,163,7,0,7,4.294
7676880507120012575,paradise_dreams2,2026-08-25,,No Transcript,0.0,0,59,0,0,0,0.0
7676880900503768351,paradise_dreams2,2026-08-26,,No Transcript,0.0,0,40,0,0,0,0.0
7676881029470145822,paradise_dreams2,2026-08-28,,No Transcript,0.0,0,192,1,0,1,0.521
7676885818107071774,chelsiemehok,2026-08-22,,No Transcript,0.0,0,2,0,0,0,0.0
7676886628480060703,chelsiemehok,2026-08-22,the American way versus the Japanese way. If you're,Curiosity / Open Loop,0.0,0,1649,11,1,12,0.728
7676891517033762079,shay..momof3.tiktokshop,2026-08-22,,No Transcript,0.0,0,10,1,1,2,20.0
7676936410867223822,mikehefinds,2026-08-22,,No Transcript,0.0,0,348,1,0,1,0.287
7676936769320832269,mikehefinds,2026-08-22,,No Transcript,0.0,0,617,8,2,10,1.621
7676940678311464223,couple.of.locs,2026-08-22,,No Transcript,0.0,0,292,1,0,1,0.342
7676946510302448926,musicwebbcreatives,2026-08-22,,No Transcript,0.0,0,168,2,0,2,1.19
7676997650251533581,profcarbie,2026-08-22,,No Transcript,0.0,0,3,0,0,0,0.0
7676999914487876877,julia.90s.flip.and.play,2026-08-26,,No Transcript,0.0,0,382,2,0,2,0.524
7677012279463841054,yadi_samon,2026-08-23,,No Transcript,0.0,0,335,10,1,11,3.284
7677025417403976973,profcarbie,2026-08-24,,No Transcript,0.0,0,47,0,0,0,0.0
7677032082614258974,luxadhikari,2026-08-23,,No Transcript,0.0,0,89,4,0,4,4.494
7677033774814743838,jaydon7667,2026-08-23,,No Transcript,0.0,0,672,4,0,4,0.595
7677034310498618655,luxadhikari,2026-08-23,,No Transcript,0.0,0,112,5,0,5,4.464
7677091312260107534,autobrush,2026-08-23,,No Transcript,0.0,0,1,0,0,0,0.0
7677202534569692446,bigmuthafckin_e,2026-08-23,,No Transcript,0.0,0,801,6,0,6,0.749
7677234280594001183,andersonfamilycrew,2026-08-23,,No Transcript,0.0,0,15,1,0,1,6.667
7677263370512289037,rossymara0706,2026-08-23,,No Transcript,0.0,0,96,4,0,4,4.167
7677268858054380830,contentwithparents,2026-08-23,"You're not losing the toothbrush battle every morning, your",Problem / Pain Point,0.0,0,1075,0,0,0,0.0
7677273632933973261,family.royal.us,2026-08-23,,No Transcript,0.0,0,483,13,2,15,3.106
7677279613445328159,cozychuu,2026-08-23,,No Transcript,0.0,0,492,0,0,0,0.0
7677281066658319629,drkelsichiro,2026-08-23,,No Transcript,0.0,0,238,5,0,5,2.101
7677281094290443534,drkelsichiro,2026-08-23,,No Transcript,0.0,0,370,5,1,6,1.622
7677281189421403405,drkelsichiro,2026-08-23,,No Transcript,0.0,0,218,8,0,8,3.67
7677315014272847117,zorangie__,2026-08-23,,No Transcript,0.0,0,334,4,1,5,1.497
7677325440092097806,mikehefinds,2026-08-23,,No Transcript,0.0,0,878,5,0,5,0.569
7677325728412634381,mikehefinds,2026-08-23,,No Transcript,0.0,0,91,6,0,6,6.593
7677325995073883406,mikehefinds,2026-08-23,,No Transcript,0.0,0,98,10,0,10,10.204
7677337765574446366,nelsareyes2,2026-08-23,,No Transcript,0.0,0,109,8,3,11,10.092
7677341117951593742,gayschizotwink,2026-08-23,"free sample haul! Let's see what we got. Autobrush,",Personal Story / POV,0.0,0,1427,10,2,12,0.841
7677345444489481485,alexisolsonfitness,2026-08-23,,No Transcript,0.0,0,148,1,0,1,0.676
7677346283870293262,alexisolsonfitness,2026-08-23,"If your toddler is not the best brusher, then",Direct Audience Call-Out,0.0,0,1199,0,0,0,0.0
7677356758226013470,wranglingrangels,2026-08-23,,No Transcript,0.0,0,67,0,0,0,0.0
7677357616028192031,wranglingrangels,2026-08-23,,No Transcript,0.0,0,31,1,0,1,3.226
7677361871929740575,couple.of.locs,2026-08-23,,No Transcript,0.0,0,351,2,0,2,0.57
7677371751721979150,mikehefinds,2026-08-23,,No Transcript,0.0,0,94,7,0,7,7.447
7677373333037419789,mikehefinds,2026-08-24,,No Transcript,0.0,0,111,8,0,8,7.207
7677380683811097870,mimifizzandglam,2026-08-23,,No Transcript,0.0,0,571,5,0,5,0.876
7677381570759626014,piggylove_21,2026-08-24,,No Transcript,0.0,0,327,0,0,0,0.0
7677383149797657887,piggylove_21,2026-08-24,,No Transcript,0.0,0,244,0,0,0,0.0
7677385441695239437,lourdes.cassandra,2026-08-24,,No Transcript,0.0,0,606,6,1,7,1.155
7677389912491969805,tts.dad4,2026-08-24,,No Transcript,0.0,0,762,11,0,11,1.444
7677389995052764429,mikehefinds,2026-08-24,,No Transcript,0.0,0,104,12,0,12,11.538
7677391051891445006,adhdmom.1926,2026-08-24,,No Transcript,0.0,0,136,4,0,4,2.941
7677391381278575902,caitlingrayowren,2026-08-24,The best toothbrush for INDEPENDENT kids. The price of,Bold Claim / Benefit,0.0,0,5819,17,0,17,0.292
7677391429915643150,rachel.makes.home,2026-08-24,,No Transcript,0.0,0,70,4,0,4,5.714
7677391574820539661,domagoley20,2026-08-24,,No Transcript,0.0,0,398,21,4,25,6.281
7677393564493434125,profcarbie,2026-08-26,,No Transcript,0.0,0,561,1,0,1,0.178
7677415595117235470,tbtiktokhome,2026-08-24,Usually I have to chase them around the house,Problem / Pain Point,0.0,0,1103,6,0,6,0.544
7677416249025907981,reapertrucker97,2026-08-24,,No Transcript,0.0,0,614,0,0,0,0.0
7677421939752799519,portlandboudoir,2026-08-24,,No Transcript,0.0,0,763,4,0,4,0.524
7677438636983323917,beatrizmartinez7851,2026-08-24,,No Transcript,0.0,0,906,9,5,14,1.545
7677445630628728077,family.royal.us,2026-08-24,"Fresh, fresh, brush your teeth. Keep them clean and",Other / No Clear Hook,0.0,0,1555,39,1,40,2.572
7677445784555490591,nelsareyes2,2026-08-24,,No Transcript,0.0,0,40,5,4,9,22.5
7677447078016027917,autobrush,2026-08-24,,No Transcript,0.0,0,2,0,0,0,0.0
7677462503906987277,autobrush,2026-08-24,,No Transcript,0.0,0,749,0,0,0,0.0
7677463638780677390,autobrush,2026-08-24,,No Transcript,0.0,0,39,0,0,0,0.0
7677463657281834254,autobrush,2026-08-24,,No Transcript,0.0,0,33,0,0,0,0.0
7677508667448626446,autobrush,2026-08-24,,No Transcript,0.0,0,304,0,0,0,0.0
7677570383448395021,autobrush,2026-08-24,,No Transcript,0.0,0,284,0,0,0,0.0
7677587804968242446,drkelsichiro,2026-08-24,,No Transcript,0.0,0,931,6,0,6,0.644
7677588273937566989,drkelsichiro,2026-08-24,,No Transcript,0.0,0,847,4,0,4,0.472
7677616794135317790,shay..momof3.tiktokshop,2026-08-24,,No Transcript,0.0,0,38,1,1,2,5.263
7677677166934445342,lawmomunfiltered,2026-08-24,,No Transcript,0.0,0,484,4,0,4,0.826
7677677705533476126,lawmomunfiltered,2026-08-24,Don't miss this flash sale There is a flash,Offer / Deal / Urgency,0.0,0,1129,4,0,4,0.354
7677678915837496606,lawmomunfiltered,2026-08-24,The auto brush just went on a flash sale.,Offer / Deal / Urgency,0.0,0,26713,45,1,46,0.172
7677684602915360013,melissa.p1970,2026-08-24,,No Transcript,0.0,0,347,3,0,3,0.865
7677707099861716238,stacy.heil,2026-08-24,,No Transcript,0.0,0,111,0,0,0,0.0
7677725224816692511,bia.pupo.cespedes,2026-08-24,,No Transcript,0.0,0,162,6,5,11,6.79
7677734200757210399,bigmuthafckin_e,2026-08-24,,No Transcript,0.0,0,561,3,0,3,0.535
7677745074096180493,tinaandtedd,2026-08-24,,No Transcript,0.0,0,74,3,3,6,8.108
7677751842880638222,besties_broadcast,2026-08-24,,No Transcript,0.0,0,574,2,0,2,0.348
7677770075960659213,mikehefinds,2026-08-25,,No Transcript,0.0,0,128,7,0,7,5.469
7677803807283203342,autobrush,2026-08-25,,No Transcript,0.0,0,86,0,0,0,0.0
7677804356984507678,diane25188,2026-08-25,,No Transcript,0.0,0,35,1,0,1,2.857
7677807031352364319,diane25188,2026-08-25,,No Transcript,0.0,0,38,1,0,1,2.632
7677841937105308942,autobrush,2026-08-25,,No Transcript,0.0,0,31,0,0,0,0.0
7677849239384231181,autobrush,2026-08-25,,No Transcript,0.0,0,746,0,0,0,0.0
7677929152099421454,trailsandjesus,2026-08-25,,No Transcript,0.0,0,4,0,0,0,0.0
7677949769360100621,keiara_da_hairsurgeon,2026-08-25,,No Transcript,0.0,0,210,1,0,1,0.476
7677966061693603086,jadearodriguez,2026-08-25,,No Transcript,0.0,0,8,0,0,0,0.0
7677966792072924430,jadearodriguez,2026-08-25,,No Transcript,0.0,0,513,4,0,4,0.78
7677968135298829599,alysah..momof3,2026-08-25,,No Transcript,0.0,0,645,8,0,8,1.24
7677969299876662558,kmarie1388,2026-08-25,,No Transcript,0.0,0,36,0,0,0,0.0
7677972093388000525,olga.perez2708,2026-08-25,,No Transcript,0.0,0,1,0,0,0,0.0
7677972681060289805,olga.perez2708,2026-08-25,,No Transcript,0.0,0,116,11,0,11,9.483
7677975490887486750,shopwithleslie03,2026-08-25,,No Transcript,0.0,0,107,12,0,12,11.215
7677982112703581471,shay..momof3.tiktokshop,2026-08-25,Better teeth brushing in 30 seconds. Color options &,Bold Claim / Benefit,0.0,0,1125,4,2,6,0.533
7677991818855730446,heypriiincesss,2026-08-25,,No Transcript,0.0,0,53,0,0,0,0.0
7677995035199163662,mrsbryan27,2026-08-25,,No Transcript,0.0,0,316,1,0,1,0.316
7677996735129472287,get_it_redd,2026-08-25,"If your child struggles with brushing teeth, grab an",Direct Audience Call-Out,0.0,0,1715,31,2,33,1.924
7678003379045403918,stacy.heil,2026-08-25,,No Transcript,0.0,0,81,1,0,1,1.235
7678047500204330253,shesninaalexander,2026-08-25,,No Transcript,0.0,0,21,0,0,0,0.0
7678087543811886349,arielle.evans95,2026-08-25,,No Transcript,0.0,0,94,2,0,2,2.128
7678128062780722446,autobrush,2026-08-26,,No Transcript,0.0,0,3,0,0,0,0.0
7678129987966291230,kristasallaz,2026-08-26,,No Transcript,0.0,0,565,7,5,12,2.124
7678142820154166541,euclideancooper,2026-08-26,,No Transcript,0.0,0,82,2,2,4,4.878
7678157426461281550,lizfoundthat,2026-08-31,,No Transcript,0.0,0,351,5,8,13,3.704
7678161230590266637,autobrush,2026-08-26,,No Transcript,0.0,0,4,0,0,0,0.0
7678176701746023710,shay..momof3.tiktokshop,2026-08-26,,No Transcript,0.0,0,120,0,0,0,0.0
7678188426457320734,shay..momof3.tiktokshop,2026-08-26,,No Transcript,0.0,0,170,0,0,0,0.0
7678300326499339534,aligat0_,2026-08-26,I'm so tired I got the autobrush. It's supposed,Personal Story / POV,0.0,0,1295,4,0,4,0.309
7678315062897003806,shay..momof3.tiktokshop,2026-08-26,,No Transcript,0.0,0,79,0,0,0,0.0
7678365306821086495,aaisha3001,2026-08-26,,No Transcript,0.0,0,48,4,1,5,10.417
7678378075578469662,heypriiincesss,2026-08-26,,No Transcript,0.0,0,729,1,0,1,0.137
7678449438951574798,trailsandjesus,2026-08-26,,No Transcript,0.0,0,227,3,0,3,1.322
7678451998575824159,olivasperla,2026-08-26,,No Transcript,0.0,0,886,0,0,0,0.0
7678468105638546719,stephaniev23,2026-08-26,,No Transcript,0.0,0,729,1,0,1,0.137
7678492402465770766,meagp_,2026-08-26,,No Transcript,0.0,0,409,11,0,11,2.689
7678493016063053087,chittra.som,2026-08-26,,No Transcript,0.0,0,119,7,0,7,5.882
7678494420567706911,chelsearhane,2026-08-27,,No Transcript,0.0,0,261,1,0,1,0.383
7678495075885796639,chelsearhane,2026-08-27,,No Transcript,0.0,0,136,0,0,0,0.0
7678500731833355533,elysanchez1018,2026-08-27,,No Transcript,0.0,0,152,8,0,8,5.263
7678521075508038943,nayla_life,2026-08-27,,No Transcript,0.0,0,159,14,1,15,9.434
7678535573346225422,siacreatesit,2026-08-27,,No Transcript,0.0,0,225,4,1,5,2.222
7678541940706544909,momanddadsellstuff,2026-08-27,,No Transcript,0.0,0,604,1,0,1,0.166
7678560180275088671,divine.one333,2026-08-27,pov: you open my camera roll And my 2,Personal Story / POV,0.0,0,1032,9,7,16,1.55
7678569262482509070,stacy.heil,2026-08-27,,No Transcript,0.0,0,235,1,0,1,0.426
7678599831467592973,autobrush,2026-08-27,,No Transcript,0.0,0,15,0,0,0,0.0
7678623914993405198,autobrush,2026-08-27,,No Transcript,0.0,0,345,0,0,0,0.0
7678623915064741134,autobrush,2026-08-27,,No Transcript,0.0,0,329,0,0,0,0.0
7678688396079910174,notjulessss,2026-08-27,Make bedtime routine easier. We are obsessed with autobrush,Social Proof / Testimonial,0.0,0,1146,5,0,5,0.436
7678719423317921054,a.hutch99,2026-08-27,,No Transcript,0.0,0,273,5,3,8,2.93
7678726881142770975,shay..momof3.tiktokshop,2026-08-27,,No Transcript,0.0,0,705,3,0,3,0.426
7678790910842277133,feralbratera,2026-08-27,,No Transcript,0.0,0,432,43,0,43,9.954
7678809105565256990,shay..momof3.tiktokshop,2026-08-27,,No Transcript,0.0,0,870,4,1,5,0.575
7678815184948972830,kimstiktokshopdeals,2026-08-27,,No Transcript,0.0,0,394,0,0,0,0.0
7678818870605483294,kimstiktokshopdeals,2026-08-27,,No Transcript,0.0,0,277,0,0,0,0.0
7678854186137619726,xiomyhernandez82,2026-08-27,,No Transcript,0.0,0,194,6,0,6,3.093
7678875329309445389,kiwi_tennessee,2026-08-28,,No Transcript,0.0,0,225,2,0,2,0.889
7678901635979939085,autobrush,2026-08-28,,No Transcript,0.0,0,3,0,0,0,0.0
7678906135432170782,bijaykhadka98,2026-08-28,,No Transcript,0.0,0,57,6,0,6,10.526
7678906264566500621,jacob.wayne88,2026-08-28,My child used to hate brushing their teeth and,Personal Story / POV,0.0,0,1747,3,1,4,0.229
7678910200509762846,kusum_happysoul,2026-08-28,,No Transcript,0.0,0,120,6,4,10,8.333
7678910486577941773,simplyakinsmom,2026-08-28,,No Transcript,0.0,0,242,6,4,10,4.132
7678916295592561934,autobrush,2026-08-28,,No Transcript,0.0,0,59,0,0,0,0.0
7678917037661457677,autobrush,2026-08-28,,No Transcript,0.0,0,300,0,0,0,0.0
7678944841736195359,jordan.lee.photog,2026-08-28,,No Transcript,0.0,0,301,1,0,1,0.332
7678950580223577357,autobrush,2026-08-28,,No Transcript,0.0,0,10,0,0,0,0.0
7679053766322162957,autobrush,2026-08-28,,No Transcript,0.0,0,295,0,0,0,0.0
7679112951520824606,itsjustmarinat,2026-08-28,,No Transcript,0.0,0,299,1,0,1,0.334
7679120652963499277,autobrush,2026-08-28,,No Transcript,0.0,0,284,0,0,0,0.0
7679140210893933838,autobrush,2026-08-28,,No Transcript,0.0,0,264,0,0,0,0.0
7679141820261010701,family.royal.us,2026-08-28,,No Transcript,0.0,0,535,10,4,14,2.617
7679148365644369182,shopwithleslie03,2026-08-28,"Yo pensé que era solo un cepillo bonito, pero",Personal Story / POV,0.0,0,1462,19,0,19,1.3
7679167748315876621,feralbratera,2026-08-28,,No Transcript,0.0,0,775,23,0,23,2.968
7679185450078063903,itsjustmarinat,2026-08-28,,No Transcript,0.0,0,386,3,0,3,0.777
7679192231244270861,brwdmoot,2026-08-28,,No Transcript,0.0,0,521,3,0,3,0.576
7679203800082550030,auntiet79,2026-08-28,,No Transcript,0.0,0,60,0,0,0,0.0
7679203845649485086,shay..momof3.tiktokshop,2026-08-28,,No Transcript,0.0,0,740,5,1,6,0.811
7679283813209459998,_bergamont,2026-08-29,If you're like me and you're a violent brusher,Direct Audience Call-Out,0.0,0,5258,245,15,260,4.945
7679287218468408590,autobrush,2026-08-29,,No Transcript,0.0,0,6,0,0,0,0.0
7679320619774643487,shay..momof3.tiktokshop,2026-08-29,,No Transcript,0.0,0,764,2,1,3,0.393
7679323778995768607,kirsyfer,2026-08-29,,No Transcript,0.0,0,550,6,1,7,1.273
7679433198308183327,monica_leanne,2026-08-29,,No Transcript,0.0,0,890,4,0,4,0.449
7679486371786001677,autobrush,2026-08-29,,No Transcript,0.0,0,283,0,0,0,0.0
7679487378360175886,autobrush,2026-08-29,,No Transcript,0.0,0,283,0,0,0,0.0
7679499623773326605,donttellmyhubs,2026-08-29,,No Transcript,0.0,0,582,0,0,0,0.0
7679500224858983710,jeremylancetx,2026-08-29,They say the click it add the toothpaste on,Curiosity / Open Loop,0.0,0,1841,4,0,4,0.217
7679504747266624782,autobrush,2026-08-29,,No Transcript,0.0,0,281,0,0,0,0.0
7679513713652583694,msjvckson4,2026-08-29,POV: Your Kid Actually Wants to Brush Their Teeth,Personal Story / POV,0.0,0,1349,4,0,4,0.297
7679527265117424926,shay..momof3.tiktokshop,2026-08-29,BETTER TEETH BRUSHING IN 30 SECONDS! AUTOBRUSH gets down,Bold Claim / Benefit,0.0,0,1061,2,3,5,0.471
7679534174960700685,autobrush,2026-08-29,,No Transcript,0.0,0,299,0,0,0,0.0
7679542623073357070,luisaduranc95,2026-08-29,,No Transcript,0.0,0,900,2,0,2,0.222
7679551710137715999,neibyfuenmayor,2026-08-29,,No Transcript,0.0,0,337,8,2,10,2.967
7679579148511104269,catherinealice0,2026-08-29,"something came today that I am very excited for,",Personal Story / POV,0.0,0,2599,12,1,13,0.5
7679609783162309919,chittra.som,2026-08-30,,No Transcript,0.0,0,81,5,0,5,6.173
7679612068302966029,autobrush,2026-08-30,,No Transcript,0.0,0,11,0,0,0,0.0
7679619973622402334,almgenx,2026-08-30,,No Transcript,0.0,0,129,0,0,0,0.0
7679635344022605069,kat3naaa,2026-08-30,,No Transcript,0.0,0,133,3,0,3,2.256
7679641236856130846,grechengl,2026-08-30,,No Transcript,0.0,0,118,1,0,1,0.847
7679641242283543839,grechengl,2026-08-30,,No Transcript,0.0,0,52,0,0,0,0.0
7679647976091864351,ttshop_with_cissy,2026-08-30,,No Transcript,0.0,0,565,1,0,1,0.177
7679687370328919327,casadenaty,2026-08-30,"Chicas, miren este cepillo de dientes eléctrico en forma",Demo / Product Intro,0.0,0,3984,63,0,63,1.581
7679704442756812046,autobrush,2026-08-30,,No Transcript,0.0,0,1,0,0,0,0.0
7679797686555462926,autobrush,2026-08-30,,No Transcript,0.0,0,301,0,0,0,0.0
7679815137502514462,monica_leanne,2026-08-30,,No Transcript,0.0,0,968,6,0,6,0.62
7679820131303738637,thenerdyjeep,2026-08-30,,No Transcript,0.0,0,81,8,3,11,13.58
7679867214425525534,hannahhelps3,2026-08-30,If your kid hates teeth brush time... Try this!,Direct Audience Call-Out,0.0,0,1469,1,0,1,0.068
7679878142168780062,shay..momof3.tiktokshop,2026-08-30,,No Transcript,0.0,0,983,3,1,4,0.407
7679883459740830990,therealnimzay,2026-08-30,,No Transcript,0.0,0,773,6,0,6,0.776
7679889938740972814,autobrush,2026-08-30,,No Transcript,0.0,0,268,0,0,0,0.0
7679891132028914957,adamtokshop,2026-08-30,,No Transcript,0.0,0,532,3,0,3,0.564
7679892532326681869,adamtokshop,2026-08-30,,No Transcript,0.0,0,664,1,0,1,0.151
7679893573407427853,autobrush,2026-08-30,,No Transcript,0.0,0,769,0,0,0,0.0
7679905132510825741,autobrush,2026-08-30,,No Transcript,0.0,0,280,0,0,0,0.0
7679909676149951758,autobrush,2026-08-30,,No Transcript,0.0,0,738,0,0,0,0.0
7679919926550793485,autobrush,2026-08-30,,No Transcript,0.0,0,324,0,0,0,0.0
7679923228336229645,nohemulloa,2026-08-30,,No Transcript,0.0,0,20,1,0,1,5.0
7679928298721398046,4aikovskyii,2026-08-30,Заказали очередной прикол для ребенка из ТикТока. Это что,Other / No Clear Hook,0.0,0,13850,658,13,671,4.845
7679951899663076622,anuskagouli,2026-08-30,,No Transcript,0.0,0,711,13,2,15,2.11
7679963389380070669,roughlymila,2026-08-30,The weirdest but most useful gift. If you know,Curiosity / Open Loop,0.0,0,1048,10,5,15,1.431
7679982716229635341,andreainvegas29,2026-08-31,,No Transcript,0.0,0,223,2,1,3,1.345
7680000945995975950,siacreatesit,2026-08-31,,No Transcript,0.0,0,64,3,0,3,4.688
7680006937735335181,jennasmith125,2026-08-31,,No Transcript,0.0,0,582,4,0,4,0.687
7680008151214722335,amberedwardsdaviss,2026-08-31,Cool autobrush toothbrush for your kids. If you want,Demo / Product Intro,0.0,0,1005,13,0,13,1.294
7680030700245962014,shay..momof3.tiktokshop,2026-08-31,,No Transcript,0.0,0,433,0,0,0,0.0
7680052975145913613,tydyess7,2026-08-31,,No Transcript,0.0,0,342,5,0,5,1.462
7680054544235121934,tydyess7,2026-08-31,,No Transcript,0.0,0,531,8,0,8,1.507
7680055555716566285,simplyakinsmom,2026-08-31,,No Transcript,0.0,0,224,3,5,8,3.571
7680060297704508685,autobrush,2026-08-31,,No Transcript,0.0,0,302,0,0,0,0.0
7680076898076019982,tydyess7,2026-08-31,,No Transcript,0.0,0,133,2,0,2,1.504
7680091860093750541,tydyess7,2026-08-31,,No Transcript,0.0,0,925,6,0,6,0.649
7680191498171862302,shay..momof3.tiktokshop,2026-08-31,,No Transcript,0.0,0,559,0,0,0,0.0
7680216934121508127,bargainbr0,2026-08-31,Being too lazy to brush your teeth isn't an,Problem / Pain Point,0.0,0,1055,9,0,9,0.853
7680243072977898766,luisaduranc95,2026-08-31,,No Transcript,0.0,0,515,3,0,3,0.583
7680258900821544206,autobrush,2026-08-31,,No Transcript,0.0,0,270,0,0,0,0.0
7680260329997192461,melissa.p1970,2026-08-31,,No Transcript,0.0,0,729,6,0,6,0.823
7680261644705877261,autobrush,2026-08-31,,No Transcript,0.0,0,749,0,0,0,0.0
7680273467823983886,autobrush,2026-08-31,,No Transcript,0.0,0,298,0,0,0,0.0
7680274446669581581,autobrush,2026-08-31,,No Transcript,0.0,0,23,0,0,0,0.0
7680275062875901197,family.royal.us,2026-08-31,,No Transcript,0.0,0,568,21,2,23,4.049
7680276974304120078,autobrush,2026-08-31,,No Transcript,0.0,0,972,0,0,0,0.0
7680283757412109599,honeysweetsshop,2026-08-31,,No Transcript,0.0,0,760,2,0,2,0.263
7680284722144005407,gracefulmommy,2026-08-31,Let's click it. Put toothpaste on each side. Then,Demo / Product Intro,0.0,0,1118,2,0,2,0.179
7680312940880284958,a.hutch99,2026-08-31,,No Transcript,0.0,0,43,12,11,23,53.488
7680323842509737247,chelsiemehok,2026-08-31,,No Transcript,0.0,0,319,4,0,4,1.254
7680339823227374878,shopwithleslie03,2026-08-31,,No Transcript,0.0,0,858,18,2,20,2.331
7680355070650699022,autobrush,2026-09-01,,No Transcript,0.0,0,280,0,0,0,0.0
7680371153113746701,tariqtriesthings,2026-09-01,,No Transcript,0.0,0,218,7,0,7,3.211
7680376278221851918,tariqtriesthings,2026-09-01,,No Transcript,0.0,0,202,7,2,9,4.455
7680523000076094733,martins_breaks,2026-09-01,,No Transcript,0.0,0,240,2,0,2,0.833
7680528125465283854,maido2348,2026-09-01,,No Transcript,0.0,0,42,0,0,0,0.0
7680538726652480798,shay..momof3.tiktokshop,2026-09-01,,No Transcript,0.0,0,862,2,0,2,0.232
7680539450706808078,autobrush,2026-09-01,,No Transcript,0.0,0,299,0,0,0,0.0
7680573737040743710,ginamorris0514,2026-09-01,,No Transcript,0.0,0,683,2,0,2,0.293
7680597043844238622,wildernessoutdoormedia,2026-09-01,My morning routine just got a lot easier. I,Social Proof / Testimonial,0.0,0,1080,5,0,5,0.463
7680600605370354957,cassies_chaos1,2026-09-01,,No Transcript,0.0,0,277,4,2,6,2.166
7680605599117233438,shay..momof3.tiktokshop,2026-09-01,Cleaner teeth in just 30 seconds. Better brushing all,Bold Claim / Benefit,0.0,0,1113,5,1,6,0.539
7680623687367658765,jessiegurl1313,2026-09-01,,No Transcript,0.0,0,741,4,4,8,1.08
7680623970416184590,autobrush,2026-09-01,,No Transcript,0.0,0,290,0,0,0,0.0
7680631794852515085,autobrush,2026-09-01,,No Transcript,0.0,0,299,0,0,0,0.0
7680648472583818509,autobrush,2026-09-01,,No Transcript,0.0,0,1247,0,0,0,0.0
7680661559776906510,autobrush,2026-09-01,,No Transcript,0.0,0,733,0,0,0,0.0
7680664155040386318,italiano_1016,2026-09-01,,No Transcript,0.0,0,74,4,1,5,6.757
7680679034287688974,autobrush,2026-09-01,,No Transcript,0.0,0,280,0,0,0,0.0
7680689413235428639,honeysweetsshop,2026-09-01,,No Transcript,0.0,0,624,2,0,2,0.321
7680710865867246861,xiomyhernandez82,2026-09-01,,No Transcript,0.0,0,25,1,0,1,4.0
7680740497412951310,autobrush,2026-09-02,,No Transcript,0.0,0,736,0,0,0,0.0
7680741432994352415,lucystylezz,2026-09-02,,No Transcript,0.0,0,777,1,0,1,0.129
7680751265369967886,becomin_a_saint,2026-09-02,It's time to brush your teeth. Yay! If you,Other / No Clear Hook,0.0,0,1214,2,0,2,0.165
7680786727430098190,autobrush,2026-09-02,,No Transcript,0.0,0,283,0,0,0,0.0
7680823937973996813,heypriiincesss,2026-09-02,,No Transcript,0.0,0,761,6,0,6,0.788
7680878882618232094,kc.bright,2026-09-02,POV: you found the way to REALLY brush your,Personal Story / POV,0.0,0,1415,4,2,6,0.424
7680900470319205646,realdeals_af,2026-09-02,,No Transcript,0.0,0,310,6,0,6,1.935
7680916743962774798,liagna.activa,2026-09-02,No batallando todos los días por culpa de estos,Problem / Pain Point,0.0,0,1618,27,1,28,1.731
7680931997988048142,dailywithbrittny,2026-09-02,,No Transcript,0.0,0,869,5,1,6,0.69
7680998415114734861,autobrush,2026-09-02,,No Transcript,0.0,0,264,0,0,0,0.0
7681008401878469901,autobrush,2026-09-02,,No Transcript,0.0,0,282,0,0,0,0.0
7681016888574364941,autobrush,2026-09-02,,No Transcript,0.0,0,356,0,0,0,0.0
7681021169151020301,autobrush,2026-09-02,,No Transcript,0.0,0,797,0,0,0,0.0
7681033123282324750,autobrush,2026-09-02,,No Transcript,0.0,0,727,0,0,0,0.0
7681044292273573150,a.hutch99,2026-09-02,,No Transcript,0.0,0,156,7,4,11,7.051
7681050521779670286,autobrush,2026-09-02,,No Transcript,0.0,0,336,0,0,0,0.0
7681137253820730655,melyssaleake,2026-09-03,,No Transcript,0.0,0,967,5,0,5,0.517
7681157304791616799,greensavingsandthings,2026-09-03,,No Transcript,0.0,0,17,0,0,0,0.0
7681167978452323598,tekasworld1,2026-09-03,,No Transcript,0.0,0,225,9,0,9,4.0
7681172186186419469,tekasworld1,2026-09-03,,No Transcript,0.0,0,106,0,0,0,0.0
7681172921611488525,autobrush,2026-09-03,,No Transcript,0.0,0,755,0,0,0,0.0
7681175557794434318,tekasworld1,2026-09-03,,No Transcript,0.0,0,231,7,0,7,3.03
7681233729284525343,aklanie,2026-09-03,,No Transcript,0.0,0,112,1,0,1,0.893
7681290021978049806,barsha_sapkota,2026-09-03,,No Transcript,0.0,0,723,11,0,11,1.521
7681363911265832205,heypriiincesss,2026-09-03,,No Transcript,0.0,0,558,0,0,0,0.0
7681368194199735583,shay..momof3.tiktokshop,2026-09-03,,No Transcript,0.0,0,789,3,1,4,0.507
7681373539034729741,autobrush,2026-09-03,,No Transcript,0.0,0,796,0,0,0,0.0
7681376619369336078,autobrush,2026-09-03,,No Transcript,0.0,0,339,0,0,0,0.0
7681398314125839629,mky775,2026-09-03,,No Transcript,0.0,0,175,10,1,11,6.286
7681404418192870670,autobrush,2026-09-03,,No Transcript,0.0,0,302,0,0,0,0.0
7681419194574982413,autobrush,2026-09-03,,No Transcript,0.0,0,281,0,0,0,0.0
7681421127092096269,tekasworld1,2026-09-03,,No Transcript,0.0,0,84,10,1,11,13.095
7681426842330385678,autobrush,2026-09-03,,No Transcript,0.0,0,241,0,0,0,0.0
7681427001378475277,autobrush,2026-09-03,,No Transcript,0.0,0,288,0,0,0,0.0
7681436134165073165,autobrush,2026-09-03,,No Transcript,0.0,0,60,0,0,0,0.0
7681465875676941599,jaydon7667,2026-09-04,,No Transcript,0.0,0,535,1,0,1,0.187
7681468831231003934,athome.withjordan,2026-09-04,Brushing = nightly battle? If your kid to brush,Problem / Pain Point,0.0,0,1358,7,1,8,0.589
7681472430010912030,athome.withjordan,2026-09-04,,No Transcript,0.0,0,907,5,1,6,0.662
7681554080602393869,heypriiincesss,2026-09-04,,No Transcript,0.0,0,102,0,0,0,0.0
7681574553394416910,autobrush,2026-09-04,,No Transcript,0.0,0,269,0,0,0,0.0
7681701407732419853,stacy.heil,2026-09-04,,No Transcript,0.0,0,128,2,1,3,2.344
7681736573456567582,shay..momof3.tiktokshop,2026-09-04,,No Transcript,0.0,0,232,3,1,4,1.724
7681788414169025805,xshouserecommends,2026-09-04,I just found the toothbrush of the future. Now,Bold Claim / Benefit,0.0,0,1070,0,0,0,0.0
7681789476951182623,shay..momof3.tiktokshop,2026-09-04,,No Transcript,0.0,0,354,4,2,6,1.695
7681789799832816909,xshouserecommends,2026-09-04,I just found a toothbrush of the future. So,Bold Claim / Benefit,0.0,0,1254,2,0,2,0.159
7681799216552742175,chasevibess,2026-09-04,,No Transcript,0.0,0,336,10,0,10,2.976
7681881221466557710,melissayomarrecomiendan,2026-09-05,,No Transcript,0.0,0,325,2,0,2,0.615
7681912346180062478,cassies_chaos1,2026-09-05,,No Transcript,0.0,0,642,6,4,10,1.558
7681914854726290702,autobrush,2026-09-05,,No Transcript,0.0,0,291,0,0,0,0.0
7681930138040159501,autobrush,2026-09-05,,No Transcript,0.0,0,336,0,0,0,0.0
7682094635656727821,backwoodsbargains,2026-09-05,This is probably one of the coolest things I've,Bold Claim / Benefit,0.0,0,1149,2,0,2,0.174
7682149161025785101,nohemulloa,2026-09-05,,No Transcript,0.0,0,3,0,0,0,0.0
7682149620989824269,nohemulloa,2026-09-05,,No Transcript,0.0,0,462,1,0,1,0.216
7682160028458945823,shay..momof3.tiktokshop,2026-09-05,,No Transcript,0.0,0,448,2,0,2,0.446
7682193520295283981,autobrush,2026-09-05,,No Transcript,0.0,0,55,0,0,0,0.0
7682209105225764109,autobrush,2026-09-06,,No Transcript,0.0,0,794,0,0,0,0.0
7682225581311741198,akashashahi,2026-09-06,,No Transcript,0.0,0,9,2,2,4,44.444
7682243087854357774,carlybraathen_,2026-09-06,,No Transcript,0.0,0,884,4,1,5,0.566
7682261488635071775,greensavingsandthings,2026-09-06,,No Transcript,0.0,0,135,2,0,2,1.481
7682267898152291598,dudefindz,2026-09-06,Is it better to spend money on a good,Question,0.0,0,1127,2,1,3,0.266
7682270699586686221,autobrush,2026-09-06,,No Transcript,0.0,0,306,0,0,0,0.0
7682457045408222495,mlow083,2026-09-06,,No Transcript,0.0,0,821,7,2,9,1.096
7682485392171404575,shay..momof3.tiktokshop,2026-09-06,,No Transcript,0.0,0,480,3,0,3,0.625
7682500458891447566,autobrush,2026-09-06,,No Transcript,0.0,0,797,0,0,0,0.0
7682529076350848287,lowcountrycatholic,2026-09-06,,No Transcript,0.0,0,695,3,0,3,0.432
7682553983684201741,dani.leigh24,2026-09-06,,No Transcript,0.0,0,916,3,0,3,0.328
7682575168958401805,dani.leigh24,2026-09-06,,No Transcript,0.0,0,803,2,0,2,0.249
7682651042986609933,tekasworld1,2026-09-07,,No Transcript,0.0,0,402,2,0,2,0.498
7682656833797999886,tekasworld1,2026-09-07,,No Transcript,0.0,0,359,5,0,5,1.393
7682661845320158494,manman.meetch1,2026-09-07,,No Transcript,0.0,0,20,5,0,5,25.0
7682765356808572174,autobrush,2026-09-07,,No Transcript,0.0,0,300,0,0,0,0.0
7682822144710937870,martins_breaks,2026-09-07,,No Transcript,0.0,0,28,0,0,0,0.0
7682835835330317582,julias_cozyhome,2026-09-07,,No Transcript,0.0,0,79,1,0,1,1.266
7682886249392229663,shay..momof3.tiktokshop,2026-09-07,,No Transcript,0.0,0,19,3,2,5,26.316
7682937490730257678,autobrush,2026-09-07,,No Transcript,0.0,0,838,0,0,0,0.0
7682957246170500366,nonnie1476,2026-09-08,,No Transcript,0.0,0,78,4,2,6,7.692
7682957324079648013,nonnie1476,2026-09-08,,No Transcript,0.0,0,86,4,2,6,6.977
7682963921317285133,mariapull23,2026-09-08,,No Transcript,0.0,0,870,5,3,8,0.92
7682982936810999053,autobrush,2026-09-08,,No Transcript,0.0,0,744,0,0,0,0.0
7683006700877597965,tiktokshoptj,2026-09-08,,No Transcript,0.0,0,118,10,3,13,11.017
7683045414194482445,mardiva_,2026-09-08,,No Transcript,0.0,0,392,3,1,4,1.02
7683106933426949390,nonnie1476,2026-09-08,,No Transcript,0.0,0,44,3,2,5,11.364
7683120974111280398,autobrush,2026-09-08,,No Transcript,0.0,0,718,0,0,0,0.0
7683138053367631118,keiara_da_hairsurgeon,2026-09-08,,No Transcript,0.0,0,302,4,2,6,1.987
7683238119595887885,realdeals_af,2026-09-08,,No Transcript,0.0,0,1,0,0,0,0.0
7683238738473831693,realdeals_af,2026-09-08,,No Transcript,0.0,0,278,5,0,5,1.799
7683267709429173517,valexia85,2026-09-09,,No Transcript,0.0,0,145,4,0,4,2.759
7683304696425041165,autobrush,2026-09-08,,No Transcript,0.0,0,1099,0,0,0,0.0
7683328557791120653,xiomyhernandez82,2026-09-09,,No Transcript,0.0,0,77,9,2,11,14.286
7683334900635766029,siacreatesit,2026-09-09,,No Transcript,0.0,0,179,3,0,3,1.676
7683358253929024798,chelsiemehok,2026-09-09,,No Transcript,0.0,0,370,3,0,3,0.811
7683414960822652174,autobrush,2026-09-09,,No Transcript,0.0,0,279,0,0,0,0.0
7683509625840356622,keiara_da_hairsurgeon,2026-09-09,,No Transcript,0.0,0,673,3,0,3,0.446
7683575782827904269,julias_cozyhome,2026-09-09,,No Transcript,0.0,0,451,5,0,5,1.109
7683658399883496734,caitlingrayowren,2026-09-09,You guys hiding outside for this sample video because,Other / No Clear Hook,0.0,0,2024,18,0,18,0.889
7683695084004592926,destri.shaw,2026-09-10,,No Transcript,0.0,0,668,7,0,7,1.048
7683755469470469389,autobrush,2026-09-10,,No Transcript,0.0,0,722,0,0,0,0.0
7683786503620742413,autobrush,2026-09-10,,No Transcript,0.0,0,292,0,0,0,0.0
7683796853741210894,ismenemyrtil,2026-09-10,,No Transcript,0.0,0,124,0,0,0,0.0
7683895562596257037,julias_cozyhome,2026-09-10,,No Transcript,0.0,0,161,1,0,1,0.621
7684002181208378654,lizthechaoscoordinator,2026-09-12,,No Transcript,0.0,0,260,2,0,2,0.769
7684003559104318750,getfitwithnona,2026-09-10,,No Transcript,0.0,0,39,13,14,27,69.231
7684007259990478094,cathy_lopez79,2026-09-10,,No Transcript,0.0,0,264,0,0,0,0.0
7684021325031017758,shay..momof3.tiktokshop,2026-09-10,,No Transcript,0.0,0,146,2,1,3,2.055
7684063867713916173,autobrush,2026-09-11,,No Transcript,0.0,0,364,0,0,0,0.0
7684097736311835918,autobrush,2026-09-11,,No Transcript,0.0,0,753,0,0,0,0.0
7684130169912593695,autsfavoritefinds,2026-09-11,,No Transcript,0.0,0,814,1,0,1,0.123
7684150591903239437,tydyess7,2026-09-11,,No Transcript,0.0,0,619,8,4,12,1.939
7684186914794130702,autobrush,2026-09-11,,No Transcript,0.0,0,825,0,0,0,0.0
7684187291127909645,autobrush,2026-09-11,,No Transcript,0.0,0,325,0,0,0,0.0
7684275241157250334,daddiedelioncourt,2026-09-11,,No Transcript,0.0,0,571,1,0,1,0.175
7684297593010048269,lavi.airin,2026-09-11,,No Transcript,0.0,0,100,5,0,5,5.0
7684321680746892574,bargainbr0,2026-09-11,The future of toothbrushes is here. The future of,Bold Claim / Benefit,0.0,0,1159,3,0,3,0.259
7684325772793777438,dillydallymama,2026-09-11,,No Transcript,0.0,0,279,3,0,3,1.075
7684340543890935053,tydyess7,2026-09-11,,No Transcript,0.0,0,389,10,0,10,2.571
7684351647408999693,tydyess7,2026-09-11,,No Transcript,0.0,0,424,6,0,6,1.415
7684377080150199565,family.royal.us,2026-09-11,Now I can relax knowing every little tooth gets,Social Proof / Testimonial,0.0,0,1021,12,1,13,1.273
7684427701901331742,the.b.essentials,2026-09-11,,No Transcript,0.0,0,694,1,0,1,0.144
7684447144933117198,kleray.workingmom,2026-09-12,,No Transcript,0.0,0,233,1,0,1,0.429
7684461982757489934,stacy.heil,2026-09-12,,No Transcript,0.0,0,283,0,0,0,0.0
7684619973901192461,autobrush,2026-09-12,,No Transcript,0.0,0,309,0,0,0,0.0
7684656561003728158,couple.of.locs,2026-09-12,,No Transcript,0.0,0,60,4,0,4,6.667
7684703479801187614,jeremylancetx,2026-09-12,This is the new autobrush toothbrush. All you do,Demo / Product Intro,0.0,0,1305,1,0,1,0.077
7684778069697006861,autobrush,2026-09-12,,No Transcript,0.0,0,734,0,0,0,0.0
7684778074931563789,autobrush,2026-09-12,,No Transcript,0.0,0,865,0,0,0,0.0
7684823538821352718,autobrush,2026-09-13,,No Transcript,0.0,0,713,0,0,0,0.0
7684839486806560030,hrmarciano,2026-09-13,,No Transcript,0.0,0,594,1,0,1,0.168
7684843412612287775,hrmarciano,2026-09-13,,No Transcript,0.0,0,694,3,0,3,0.432
7684844033759382798,mommyking001,2026-09-13,,No Transcript,0.0,0,603,4,0,4,0.663
7684861671747112223,kaylabattles,2026-09-13,No. No. This is good though. But I want,Other / No Clear Hook,0.0,0,1485,135,12,147,9.899
7684877701122903326,erismar.shop,2026-09-13,,No Transcript,0.0,0,737,6,0,6,0.814
7685052984622959886,ashterdisaster,2026-09-13,,No Transcript,0.0,0,689,6,0,6,0.871
7685114532762504478,bellabbold,2026-09-13,,No Transcript,0.0,0,231,5,2,7,3.03
7685123064266231070,bellabbold,2026-09-13,,No Transcript,0.0,0,151,7,2,9,5.96
7685127195429211422,erismar.shop,2026-09-13,,No Transcript,0.0,0,781,5,0,5,0.64
7685142146441088269,randisael,2026-09-13,,No Transcript,0.0,0,550,3,0,3,0.545
7685150346456419598,autobrush,2026-09-13,,No Transcript,0.0,0,769,0,0,0,0.0
7685150355612568845,autobrush,2026-09-13,,No Transcript,0.0,0,467,0,0,0,0.0
7685172283962314014,erismar.shop,2026-09-13,,No Transcript,0.0,0,632,4,0,4,0.633
7685173135624178974,hrmarciano,2026-09-13,,No Transcript,0.0,0,179,2,0,2,1.117
7685189147828571405,siacreatesit,2026-09-14,,No Transcript,0.0,0,632,4,0,4,0.633
7685189204506119438,janellc2015,2026-09-14,,No Transcript,0.0,0,686,5,0,5,0.729
7685194997724974349,autobrush,2026-09-14,,No Transcript,0.0,0,759,0,0,0,0.0
7685200693820394783,neeceftm,2026-09-14,,No Transcript,0.0,0,631,6,0,6,0.951
7685287846105632014,autobrush,2026-09-14,,No Transcript,0.0,0,306,0,0,0,0.0
7685419402795175182,dani.leigh24,2026-09-14,my husband wanted one too! My husband decided he,Social Proof / Testimonial,0.0,0,1453,8,0,8,0.551
7685426977418824974,randisael,2026-09-14,,No Transcript,0.0,0,716,6,0,6,0.838
7685427739448446222,randisael,2026-09-15,,No Transcript,0.0,0,398,4,0,4,1.005
7685429459893161229,randisael,2026-09-15,,No Transcript,0.0,0,523,2,0,2,0.382
7685444637284224287,zyrasmom,2026-09-14,,No Transcript,0.0,0,799,9,1,10,1.252
7685525046877490446,besties_broadcast,2026-09-14,,No Transcript,0.0,0,760,4,0,4,0.526
7685563700861881613,miranda_2566,2026-09-15,,No Transcript,0.0,0,810,6,0,6,0.741
7685581454687964429,fragranceking777,2026-09-15,,No Transcript,0.0,0,798,14,2,16,2.005
7685607842082000158,portlandboudoir,2026-09-15,,No Transcript,0.0,0,547,1,0,1,0.183
7685618595623226638,lifewithallygranv,2026-09-15,,No Transcript,0.0,0,319,6,0,6,1.881
7685633207735192863,cicigiginana,2026-09-15,Longer brushing doesn't always mean better coverage. Longer brushing,Curiosity / Open Loop,0.0,0,1042,15,16,31,2.975
7685633310277602591,cicigiginana,2026-09-15,,No Transcript,0.0,0,855,13,18,31,3.626
7685633465290640671,cicigiginana,2026-09-16,,No Transcript,0.0,0,781,16,14,30,3.841
7685643290368036110,christine_rambles,2026-09-15,,No Transcript,0.0,0,15,2,0,2,13.333
7685662073325407501,autobrush,2026-09-15,,No Transcript,0.0,0,712,0,0,0,0.0
7685662368755404045,autobrush,2026-09-15,,No Transcript,0.0,0,331,0,0,0,0.0
7685722914011860238,autobrush,2026-09-15,,No Transcript,0.0,0,748,0,0,0,0.0
7685725056109956365,miranda_2566,2026-09-15,,No Transcript,0.0,0,808,4,0,4,0.495
7685760059665599758,anewchapterwithchrist,2026-09-15,,No Transcript,0.0,0,7,0,0,0,0.0
7685816358684200223,lizthechaoscoordinator,2026-09-15,,No Transcript,0.0,0,671,4,0,4,0.596
7685842861266439455,neeceftm,2026-09-15,,No Transcript,0.0,0,530,8,0,8,1.509
7685850188350491934,hrmarciano,2026-09-15,,No Transcript,0.0,0,52,2,2,4,7.692
7685851923848645918,hrmarciano,2026-09-16,,No Transcript,0.0,0,113,1,0,1,0.885
7685853959889702158,randisael,2026-09-15,,No Transcript,0.0,0,614,3,1,4,0.651
7685854139103972622,randisael,2026-09-16,,No Transcript,0.0,0,736,3,0,3,0.408
7685856261790764319,crystalbrownshop,2026-09-15,,No Transcript,0.0,0,199,3,4,7,3.518
7685881829240360223,dillydallymama,2026-09-15,,No Transcript,0.0,0,261,2,0,2,0.766
7685930372843998495,cicigiginana,2026-09-16,,No Transcript,0.0,0,638,15,14,29,4.545
7685933781412351263,styledbyled,2026-09-16,,No Transcript,0.0,0,535,1,0,1,0.187
7685953018277285151,shay..momof3.tiktokshop,2026-09-16,,No Transcript,0.0,0,472,5,1,6,1.271
7685968649563278605,autobrush,2026-09-16,,No Transcript,0.0,0,705,0,0,0,0.0
7685982586551749918,drtt.lifestyle,2026-09-16,,No Transcript,0.0,0,100,7,2,9,9.0
7685999391886331150,autobrush,2026-09-16,,No Transcript,0.0,0,272,0,0,0,0.0
7686008167616056589,lavi.airin,2026-09-16,,No Transcript,0.0,0,72,5,0,5,6.944
7686097386648784158,childofgracegroup7texas,2026-09-16,,No Transcript,0.0,0,103,0,0,0,0.0
7686104047354383629,autobrush,2026-09-16,,No Transcript,0.0,0,700,0,0,0,0.0
7686135587933408526,msellie.brand,2026-09-16,,No Transcript,0.0,0,6,0,0,0,0.0
7686140280541662477,kourtybug,2026-09-16,,No Transcript,0.0,0,82,5,1,6,7.317
7686140756460932365,msellie.brand,2026-09-16,,No Transcript,0.0,0,83,3,0,3,3.614
7686144975595162894,msellie.brand,2026-09-16,,No Transcript,0.0,0,189,8,1,9,4.762
7686217260490362126,randisael,2026-09-16,,No Transcript,0.0,0,302,2,0,2,0.662
7686249143471246623,lizthechaoscoordinator,2026-09-16,,No Transcript,0.0,0,587,1,0,1,0.17
7686260441726618894,lexiejoannasmith,2026-09-16,,No Transcript,0.0,0,276,8,0,8,2.899
7686261211951795487,shopwithchef,2026-09-16,,No Transcript,0.0,0,699,2,0,2,0.286
7686262001856711967,shopwithchef,2026-09-16,,No Transcript,0.0,0,839,2,0,2,0.238
7686262806387150110,shopwithchef,2026-09-16,,No Transcript,0.0,0,697,1,0,1,0.143
7686263207119392031,shopwithchef,2026-09-16,This right here is the Autobrush and you'll never,Bold Claim / Benefit,0.0,0,1332,5,0,5,0.375
7686263340343069983,shopwithchef,2026-09-16,,No Transcript,0.0,0,789,1,0,1,0.127
7686264389665705247,shopwithchef,2026-09-16,"If your gums bleed when you brush, that's usually",Direct Audience Call-Out,0.0,0,1186,4,1,5,0.422
7686264845116755230,shopwithchef,2026-09-17,,No Transcript,0.0,0,952,4,2,6,0.63
7686266275986820382,shopwithchef,2026-09-17,,No Transcript,0.0,0,588,4,4,8,1.361
7686273399651355934,candacereviews,2026-09-16,,No Transcript,0.0,0,596,3,0,3,0.503
7686281122904296735,comprasconbere,2026-09-16,,No Transcript,0.0,0,66,0,0,0,0.0
7686289821383281951,cicigiginana,2026-09-17,,No Transcript,0.0,0,879,18,22,40,4.551
7686297078527528205,msellie.brand,2026-09-17,,No Transcript,0.0,0,611,4,0,4,0.655
7686298286680018207,hrmarciano,2026-09-17,,No Transcript,0.0,0,365,2,0,2,0.548
7686301301436681502,comprasconbere,2026-09-17,,No Transcript,0.0,0,36,0,0,0,0.0
7686305061395270943,thecontentfactor,2026-09-17,I thought this was one of the dumbest things,Personal Story / POV,0.0,0,2158,5,6,11,0.51
7686320283279478030,brookeeh00,2026-09-17,,No Transcript,0.0,0,776,4,0,4,0.515
7686330170411715870,discounthubdeals,2026-09-17,THIS IS CRAZY Do you see the deal I,Offer / Deal / Urgency,0.0,0,1195,2,0,2,0.167
7686341992892189965,randisael,2026-09-17,,No Transcript,0.0,0,683,5,0,5,0.732
7686347949772803359,drtt.lifestyle,2026-09-17,GET IT DONE IN 30 SECONDS! If you've never,Bold Claim / Benefit,0.0,0,1393,11,0,11,0.79
7686365225280359710,cicigiginana,2026-09-18,Can 30 seconds really be effective? Up to 5.1x,Question,0.0,0,1177,8,10,18,1.529
7686367032211819806,spiceoflikes,2026-09-17,,No Transcript,0.0,0,334,4,0,4,1.198
7686416720310881549,autobrush,2026-09-17,,No Transcript,0.0,0,270,0,0,0,0.0
7686464007485541646,autobrush,2026-09-17,,No Transcript,0.0,0,275,0,0,0,0.0
7686520984576232734,cicigiginana,2026-09-18,,No Transcript,0.0,0,758,9,8,17,2.243
7686521113215536414,cicigiginana,2026-09-19,Not getting the full clean? Gently move it side,Demo / Product Intro,0.0,0,1199,14,14,28,2.335
7686553519465254174,candacereviews,2026-09-17,,No Transcript,0.0,0,4,0,0,0,0.0
7686554757686742303,candacereviews,2026-09-17,,No Transcript,0.0,0,3,0,0,0,0.0
7686556324913515806,candacereviews,2026-09-17,,No Transcript,0.0,0,326,3,1,4,1.227
7686570125700467998,dillydallymama,2026-09-17,,No Transcript,0.0,0,265,1,0,1,0.377
7686595798670314783,hrmarciano,2026-09-17,,No Transcript,0.0,0,2,0,0,0,0.0
7686596306327866654,hrmarciano,2026-09-17,,No Transcript,0.0,0,68,2,0,2,2.941
7686619722657385759,cicigiginana,2026-09-19,,No Transcript,0.0,0,799,7,6,13,1.627
7686621133470305566,joelstiktokshop,2026-09-17,,No Transcript,0.0,0,583,6,0,6,1.029
7686673476689661197,randisael,2026-09-18,,No Transcript,0.0,0,581,2,0,2,0.344
7686673648354168077,randisael,2026-09-18,,No Transcript,0.0,0,548,2,0,2,0.365
7686677455309933855,erikadesenard,2026-09-18,,No Transcript,0.0,0,797,4,0,4,0.502
7686691022096567583,thecontentfactor,2026-09-18,I guess I'm gonna have to return my Autobrush.,Shock / Warning / Pattern Interrupt,0.0,0,1384,2,0,2,0.145
7686698029948161294,autobrush,2026-09-18,,No Transcript,0.0,0,719,0,0,0,0.0
7686702522844728607,erikadesenard,2026-09-18,,No Transcript,0.0,0,611,3,0,3,0.491
7686843691541056798,thecontentfactor,2026-09-18,Your toothbrush can't do this... Look at how fast,Shock / Warning / Pattern Interrupt,0.0,0,1303,2,0,2,0.153
7686866435615821086,tacubapahola23,2026-09-18,,No Transcript,0.0,0,642,4,0,4,0.623
7686875046639324447,monica_leanne,2026-09-18,"I'm a professional, and I'm pissed people are going",Shock / Warning / Pattern Interrupt,0.0,0,1273,8,0,8,0.628
7686905315006123278,zaacharryyy,2026-09-18,,No Transcript,0.0,0,21,0,0,0,0.0
7686909379852913950,joelstiktokshop,2026-09-18,POV: you got the Iron Man toothbrush check the,Personal Story / POV,0.0,0,21594,87,2,89,0.412
7686918048061590798,msellie.brand,2026-09-18,,No Transcript,0.0,0,4,0,0,0,0.0
7686919434065169678,msellie.brand,2026-09-18,,No Transcript,0.0,0,243,8,2,10,4.115
7686921698582547726,randisael,2026-09-18,,No Transcript,0.0,0,627,6,0,6,0.957
7686947979848076574,portlandboudoir,2026-09-18,Kids with sensory issues who refuse to brush teeth.,Direct Audience Call-Out,0.0,0,1875,4,0,4,0.213
7686952965390847246,miranda_2566,2026-09-18,,No Transcript,0.0,0,792,1,0,1,0.126
7686992083021843725,miranda_2566,2026-09-18,,No Transcript,0.0,0,738,2,0,2,0.271
7687011618672233759,officialmikemademebuyit,2026-09-18,,No Transcript,0.0,0,286,3,1,4,1.399
7687050193040084238,autobrush,2026-09-19,,No Transcript,0.0,0,273,0,0,0,0.0
7687065875773492510,officialcodyferrell,2026-09-19,,No Transcript,0.0,0,770,8,2,10,1.299
7687093207318056223,erikadesenard,2026-09-19,,No Transcript,0.0,0,724,3,1,4,0.552
7687262408259292446,officialcodyferrell,2026-09-19,,No Transcript,0.0,0,828,9,0,9,1.087
7687262487229533470,thecontentfactor,2026-09-19,What we used to brush our teeth in the,Curiosity / Open Loop,0.0,0,7206,28,10,38,0.527
7687285334840806669,msellie.brand,2026-09-19,,No Transcript,0.0,0,1,0,0,0,0.0
7687285498628410637,msellie.brand,2026-09-19,,No Transcript,0.0,0,691,5,3,8,1.158
7687288812233395487,brittanytaylorttshop,2026-09-19,If your kid hates tooth brushing... Right most parents,Direct Audience Call-Out,0.0,0,1273,2,0,2,0.157
7687293714183589151,alexismomnurselife1,2026-09-19,,No Transcript,0.0,0,705,11,2,13,1.844
7687309536205589773,miranda_2566,2026-09-19,,No Transcript,0.0,0,292,1,0,1,0.342
7687336152587619597,kingking58900,2026-09-19,,No Transcript,0.0,0,1,0,0,0,0.0
7687337411038170381,kingking58900,2026-09-19,,No Transcript,0.0,0,2,0,0,0,0.0
7687352194634485006,kingking58900,2026-09-19,,No Transcript,0.0,0,2,0,0,0,0.0
7687383529445018910,erikadesenard,2026-09-19,,No Transcript,0.0,0,906,2,1,3,0.331
7687425168817343774,lasvegasconmigo,2026-09-20,,No Transcript,0.0,0,279,1,0,1,0.358
7687444351164632350,erikadesenard,2026-09-20,"Presiónalo, enciéndelo, coloca tres pumps de la pasta dental",Demo / Product Intro,0.0,0,1003,0,0,0,0.0
7687460676805135647,hrmarciano,2026-09-21,,No Transcript,0.0,0,72,1,0,1,1.389
7687461574902041887,hrmarciano,2026-09-21,,No Transcript,0.0,0,32,0,0,0,0.0
7687487311910604063,officialcodyferrell,2026-09-20,,No Transcript,0.0,0,735,6,1,7,0.952
7687498437746543886,autobrush,2026-09-20,,No Transcript,0.0,0,266,0,0,0,0.0
7687530857921318158,autobrush,2026-09-20,,No Transcript,0.0,0,287,0,0,0,0.0
7687613054841883934,shay..momof3.tiktokshop,2026-09-20,,No Transcript,0.0,0,418,6,4,10,2.392
7687634341970595085,audaciousday,2026-09-20,as somebody who's chronically ill and who's honestly still,Personal Story / POV,0.0,0,4625,167,4,171,3.697
7687660772830219550,ginafoundit,2026-09-20,,No Transcript,0.0,0,739,1,0,1,0.135
7687663170537737485,hannahkhoma,2026-09-20,,No Transcript,0.0,0,57,0,0,0,0.0
7687674723983035679,perfectglowbytalia,2026-09-20,,No Transcript,0.0,0,982,5,1,6,0.611
7687677045043744031,perfectglowbytalia,2026-09-20,,No Transcript,0.0,0,974,5,0,5,0.513
7687692462424411422,kelsiettshop,2026-09-20,,No Transcript,0.0,0,55,4,1,5,9.091
7687703836949089567,perfectglowbytalia,2026-09-21,,No Transcript,0.0,0,866,6,0,6,0.693
7687729756858502413,miranda_2566,2026-09-20,,No Transcript,0.0,0,86,0,0,0,0.0
7687732303115668766,kelsiettshop,2026-09-20,,No Transcript,0.0,0,53,1,0,1,1.887
7687771285543193886,chaoticmamamagic,2026-09-20,,No Transcript,0.0,0,7,0,0,0,0.0
7687776596907904286,chaoticmamamagic,2026-09-21,,No Transcript,0.0,0,336,5,0,5,1.488
7687777548570316062,kelsiettshop,2026-09-21,,No Transcript,0.0,0,385,1,0,1,0.26
7687778005984283934,kelsiettshop,2026-09-22,,No Transcript,0.0,0,436,5,1,6,1.376
7687778159890025758,kelsiettshop,2026-09-22,,No Transcript,0.0,0,309,1,0,1,0.324
7687778329868406047,kelsiettshop,2026-09-22,,No Transcript,0.0,0,214,0,0,0,0.0
7687778547615665439,kelsiettshop,2026-09-22,,No Transcript,0.0,0,329,1,0,1,0.304
7687778724749511966,kelsiettshop,2026-09-23,,No Transcript,0.0,0,742,4,0,4,0.539
7687779003813350687,kelsiettshop,2026-09-23,,No Transcript,0.0,0,302,2,0,2,0.662
7687779080489700639,kelsiettshop,2026-09-23,,No Transcript,0.0,0,347,1,0,1,0.288
7687791857262152991,perfectglowbytalia,2026-09-21,,No Transcript,0.0,0,928,9,0,9,0.97
7687792072316783902,officialcodyferrell,2026-09-21,,No Transcript,0.0,0,300,7,0,7,2.333
7687796915416665374,perfectglowbytalia,2026-09-22,Why stand over the sink when you can brush,Question,0.0,0,1136,20,0,20,1.761
7687811263597989133,gisselabaquedano199,2026-09-21,,No Transcript,0.0,0,104,3,1,4,3.846
7687823119951629599,alexcozys,2026-09-21,,No Transcript,0.0,0,93,1,0,1,1.075
7687840544130731294,shoptalkdealz,2026-09-21,,No Transcript,0.0,0,154,2,0,2,1.299
7687844916927499534,heypriiincesss,2026-09-21,,No Transcript,0.0,0,359,2,0,2,0.557
7687857462472379662,autobrush,2026-09-21,,No Transcript,0.0,0,273,0,0,0,0.0
7687872886136212750,autobrush,2026-09-21,,No Transcript,0.0,0,267,0,0,0,0.0
7687872901290134798,autobrush,2026-09-21,,No Transcript,0.0,0,704,0,0,0,0.0
7687873057985285390,autobrush,2026-09-21,,No Transcript,0.0,0,274,0,0,0,0.0
7687965145506565407,drtt.lifestyle,2026-09-21,,No Transcript,0.0,0,587,5,2,7,1.193
7688001478987959566,miranda_2566,2026-09-21,,No Transcript,0.0,0,15,2,1,3,20.0
7688006115631566111,drtt.lifestyle,2026-09-21,,No Transcript,0.0,0,345,4,2,6,1.739
7688011658572188942,msellie.brand,2026-09-21,,No Transcript,0.0,0,4,0,0,0,0.0
7688018919340150029,msellie.brand,2026-09-21,,No Transcript,0.0,0,531,3,0,3,0.565
7688061191435881759,ka.devore,2026-09-21,,No Transcript,0.0,0,35,0,0,0,0.0
7688087829875838239,drtt.lifestyle,2026-09-22,,No Transcript,0.0,0,816,1,2,3,0.368
7688098264863870221,miranda_2566,2026-09-21,,No Transcript,0.0,0,7,1,0,1,14.286
7688134192408038670,miranda_2566,2026-09-21,,No Transcript,0.0,0,8,0,0,0,0.0
7688172838775311646,officialcodyferrell,2026-09-22,I bet I can get the job done in,Bold Claim / Benefit,0.0,0,6177,24,4,28,0.453
7688177717879131422,thecontentfactor,2026-09-22,This is what we used to brush our teeth,Curiosity / Open Loop,0.0,0,1177,3,0,3,0.255
7688179193531714829,reliable.rosalie,2026-09-22,Being too lazy to brush your teeth is NO,Problem / Pain Point,0.0,0,1527,20,1,21,1.375
7688182577714253070,autobrush,2026-09-22,,No Transcript,0.0,0,275,0,0,0,0.0
7688182600002850062,autobrush,2026-09-22,,No Transcript,0.0,0,254,0,0,0,0.0
7688228973196627214,autobrush,2026-09-22,,No Transcript,0.0,0,726,0,0,0,0.0
7688240426347662623,perfectglowbytalia,2026-09-22,,No Transcript,0.0,0,875,9,0,9,1.029
7688275184654093582,autobrush,2026-09-22,,No Transcript,0.0,0,299,0,0,0,0.0
7688275229495332109,autobrush,2026-09-22,,No Transcript,0.0,0,269,0,0,0,0.0
7688290614269496590,autobrush,2026-09-22,,No Transcript,0.0,0,279,0,0,0,0.0
7688335489551682829,autobrush,2026-09-22,,No Transcript,0.0,0,291,0,0,0,0.0
7688364637410118942,crystalbrownshop,2026-09-22,,No Transcript,0.0,0,41,2,0,2,4.878
7688396022170520845,miranda_2566,2026-09-22,,No Transcript,0.0,0,335,0,0,0,0.0
7688397724479245582,miranda_2566,2026-09-22,,No Transcript,0.0,0,389,0,0,0,0.0
7688417597771074829,miranda_2566,2026-09-22,,No Transcript,0.0,0,230,0,0,0,0.0
7688434191565983006,jappers13,2026-09-22,,No Transcript,0.0,0,2,0,0,0,0.0
7688451707595984158,jappers13,2026-09-22,,No Transcript,0.0,0,977,5,1,6,0.614
7688460478867066142,getfitwithnona,2026-09-22,,No Transcript,0.0,0,128,27,39,66,51.562
7688466342990679310,keiara_da_hairsurgeon,2026-09-22,The end of toothbrushing battles with @autobrush,Bold Claim / Benefit,0.0,0,1025,4,0,4,0.39
7688514843971702047,thecontentfactor,2026-09-23,,No Transcript,0.0,0,2,0,0,0,0.0
7688528008847674654,thecontentfactor,2026-09-23,Watch this. Watch this. Wait for the 30-second mark...,Curiosity / Open Loop,0.0,0,3380,6,2,8,0.237
7688535218323508494,tydyess7,2026-09-23,,No Transcript,0.0,0,149,6,0,6,4.027
7688543869801155853,sandrorussor,2026-09-23,,No Transcript,0.0,0,70,7,4,11,15.714
7688544353991658782,ckinder3,2026-09-23,,No Transcript,0.0,0,40,0,0,0,0.0
7688545578145434910,ckinder3,2026-09-23,,No Transcript,0.0,0,12,0,0,0,0.0
7688546692987112735,ckinder3,2026-09-23,,No Transcript,0.0,0,27,0,0,0,0.0
7688548074980920606,ckinder3,2026-09-23,,No Transcript,0.0,0,29,0,0,0,0.0
7688555916425202974,officialcodyferrell,2026-09-23,"Baby, you know how it usually takes you 2",Question,0.0,0,261745,1547,77,1624,0.62
7688563146646211870,raisingbabyt,2026-09-23,,No Transcript,0.0,0,223,2,0,2,0.897
7688566522960252174,msellie.brand,2026-09-23,,No Transcript,0.0,0,517,1,0,1,0.193
7688584408458120461,autobrush,2026-09-23,,No Transcript,0.0,0,717,0,0,0,0.0
7688599750848826637,autobrush,2026-09-23,,No Transcript,0.0,0,272,0,0,0,0.0
7688686292887964942,miranda_2566,2026-09-23,,No Transcript,0.0,0,708,3,0,3,0.424
7688709654205074718,erikadesenard,2026-09-23,,No Transcript,0.0,0,182,2,1,3,1.648
7688748275532352799,thecontentfactor,2026-09-23,,No Transcript,0.0,0,803,2,2,4,0.498
7688778326713847053,kamokies21,2026-09-23,And then you and then you move it like,Demo / Product Intro,0.0,0,1163,11,9,20,1.72
7688807103632313631,shay..momof3.tiktokshop,2026-09-23,,No Transcript,0.0,0,224,2,1,3,1.339
7688834799980612894,shay..momof3.tiktokshop,2026-09-23,,No Transcript,0.0,0,622,2,1,3,0.482
7688837133150260494,_allthingstori,2026-09-23,,No Transcript,0.0,0,1952,4,0,4,0.205
7688872939642490125,miranda_2566,2026-09-23,,No Transcript,0.0,0,735,0,0,0,0.0
7688903767936322847,officialmikemademebuyit,2026-09-24,,No Transcript,0.0,0,202,3,0,3,1.485
7688917741926976798,shopwithrell,2026-09-24,,No Transcript,0.0,0,6,0,0,0,0.0
7688919382357003551,shopwithrell,2026-09-24,,No Transcript,0.0,0,5,0,0,0,0.0
7688920081388064030,shopwithrell,2026-09-24,,No Transcript,0.0,0,8,0,0,0,0.0
7688921003673537822,shopwithrell,2026-09-24,,No Transcript,0.0,0,2,0,0,0,0.0
7688923653832068383,officialcodyferrell,2026-09-24,,No Transcript,0.0,0,548,3,0,3,0.547
7688928547548810509,autobrush,2026-09-24,,No Transcript,0.0,0,534,0,0,0,0.0
7688928584269843726,autobrush,2026-09-24,,No Transcript,0.0,0,324,0,0,0,0.0
7688928603135823117,autobrush,2026-09-24,,No Transcript,0.0,0,269,0,0,0,0.0
7688970662488050975,jappers13,2026-09-24,,No Transcript,0.0,0,765,3,1,4,0.523
7688974017725844750,autobrush,2026-09-24,,No Transcript,0.0,0,272,0,0,0,0.0
7688981661630975263,jcggshow,2026-09-24,,No Transcript,0.0,0,272,5,3,8,2.941
7688985939527453982,jappers13,2026-09-24,,No Transcript,0.0,0,754,0,0,0,0.0
7688993205555072287,jappers13,2026-09-24,,No Transcript,0.0,0,741,1,1,2,0.27
7689030564002680094,jappers13,2026-09-24,,No Transcript,0.0,0,757,1,0,1,0.132
7689032425216740638,jappers13,2026-09-24,If your dentist still finds plaque after you brush,Direct Audience Call-Out,0.0,0,1172,7,5,12,1.024
7689032532238568718,autobrush,2026-09-24,,No Transcript,0.0,0,269,0,0,0,0.0
7689098918663179551,tristfrwxce,2026-09-24,,No Transcript,0.0,0,178,3,0,3,1.685
7689102674666507550,tristfrwxce,2026-09-24,,No Transcript,0.0,0,334,6,1,7,2.096
7689108078049889567,erikadesenard,2026-09-24,,No Transcript,0.0,0,641,2,1,3,0.468
7689124674529250591,hope_schwing,2026-09-24,I was looking for something who sometimes too depressed,Personal Story / POV,0.0,0,8621,155,3,158,1.833
7689130481383771423,busymombrittany8,2026-09-24,,No Transcript,0.0,0,559,4,4,8,1.431
7689143007517461790,jcggshow,2026-09-24,,No Transcript,0.0,0,212,6,6,12,5.66
7689144958871260429,msellie.brand,2026-09-24,,No Transcript,0.0,0,687,3,3,6,0.873
7689151377175481631,jcggshow,2026-09-24,,No Transcript,0.0,0,574,14,6,20,3.484
7689181081613946143,ginafoundit,2026-09-24,,No Transcript,0.0,0,526,2,0,2,0.38
7689231591725403422,shopwithrell,2026-09-24,,No Transcript,0.0,0,3,0,0,0,0.0
7689231678455205151,shopwithrell,2026-09-24,,No Transcript,0.0,0,1,0,0,0,0.0
7689231708213792030,shopwithrell,2026-09-24,,No Transcript,0.0,0,2,0,0,0,0.0
7689252760113433887,jnrapprovedbuys,2026-09-24,,No Transcript,0.0,0,291,1,0,1,0.344
7689256307852938527,hrmarciano,2026-09-25,,No Transcript,0.0,0,631,2,2,4,0.634
7689257665171623199,hrmarciano,2026-09-25,,No Transcript,0.0,0,571,1,1,2,0.35
7689257947863502110,drtt.lifestyle,2026-09-25,,No Transcript,0.0,0,849,2,0,2,0.236
7689263014821793055,busymombrittany8,2026-09-25,,No Transcript,0.0,0,560,1,0,1,0.179
7689268399721041183,amandabridges90,2026-09-25,,No Transcript,0.0,0,354,3,1,4,1.13
7689269147393428766,amandabridges90,2026-09-25,,No Transcript,0.0,0,417,3,0,3,0.719
7689269700940909855,amandabridges90,2026-09-25,,No Transcript,0.0,0,301,2,0,2,0.664
7689270992039922975,amandabridges90,2026-09-25,,No Transcript,0.0,0,345,3,0,3,0.87
7689271633885826335,officialcodyferrell,2026-09-25,,No Transcript,0.0,0,712,5,1,6,0.843
7689311654013619470,autobrush,2026-09-25,,No Transcript,0.0,0,283,0,0,0,0.0
7689338850618936589,autobrush,2026-09-25,,No Transcript,0.0,0,280,0,0,0,0.0
7689341430044658957,whoslex381,2026-09-25,,No Transcript,0.0,0,624,3,0,3,0.481
7689432408122346766,autobrush,2026-09-25,,No Transcript,0.0,0,318,0,0,0,0.0
7689466584254991630,koford.finds,2026-09-25,,No Transcript,0.0,0,10,0,0,0,0.0
7689484931264695582,lasvegasconmigo,2026-09-25,,No Transcript,0.0,0,13,0,0,0,0.0
7689485428080086303,shay..momof3.tiktokshop,2026-09-25,,No Transcript,0.0,0,712,1,0,1,0.14
7689486741299875086,msellie.brand,2026-09-25,,No Transcript,0.0,0,588,7,2,9,1.531
7689493960485506334,jcggshow,2026-09-25,,No Transcript,0.0,0,71,6,1,7,9.859
7689539177246903583,jappers13,2026-09-25,If you could save a minute and a half,Question,0.0,0,1030,3,4,7,0.68
7689546859852991774,jappers13,2026-09-25,,No Transcript,0.0,0,890,3,4,7,0.787
7689551549781118222,cassies_chaos1,2026-09-25,,No Transcript,0.0,0,550,6,6,12,2.182
7689556758057995533,zoe_molly_,2026-09-25,You struggle with getting all of your teeth clean,Direct Audience Call-Out,0.0,0,2555,2,0,2,0.078
7689585312342805791,officialcodyferrell,2026-09-25,,No Transcript,0.0,0,641,6,1,7,1.092
7689605956895919391,jcggshow,2026-09-25,,No Transcript,0.0,0,79,3,2,5,6.329
7689619609464376589,autobrush,2026-09-25,,No Transcript,0.0,0,276,0,0,0,0.0
7689626831359724830,erikadesenard,2026-09-25,,No Transcript,0.0,0,343,0,0,0,0.0
7689628328348650766,funkin_good_deals,2026-09-26,,No Transcript,0.0,0,172,0,0,0,0.0
7689628731744242957,funkin_good_deals,2026-09-26,,No Transcript,0.0,0,90,0,1,1,1.111
7689660649705655583,perfectglowbytalia,2026-09-26,3 cleansing levels Blue light = Whitening Red Light,Demo / Product Intro,0.0,0,1019,8,2,10,0.981
7689673991493078303,perfectglowbytalia,2026-09-26,I thought my mouth was clean but I guess,Personal Story / POV,0.0,0,1459,8,0,8,0.548
7689679144187137293,autobrush,2026-09-26,,No Transcript,0.0,0,276,0,0,0,0.0
7689694645592296717,autobrush,2026-09-26,,No Transcript,0.0,0,283,0,0,0,0.0
7689801537958317326,autobrush,2026-09-26,,No Transcript,0.0,0,343,0,0,0,0.0
7689868908978982175,perfectglowbytalia,2026-09-26,Like who has time to spend two full minutes,Question,0.0,0,1264,6,0,6,0.475
7689925454844792095,staciaboi,2026-09-26,,No Transcript,0.0,0,359,8,5,13,3.621
7689960801846775071,officialcodyferrell,2026-09-26,Remember that thing you wanted for Christmas? It came,Personal Story / POV,0.0,0,11600,70,13,83,0.716
7689991021786041613,autobrush,2026-09-26,,No Transcript,0.0,0,283,0,0,0,0.0
7689991985045753102,sandrorussor,2026-09-27,,No Transcript,0.0,0,94,3,2,5,5.319
7690032013411110158,reliable.rosalie,2026-09-27,Is this toothbrush proven by the American Dental Association?,Question,0.0,0,1833,21,5,26,1.418
7690035182899842318,autobrush,2026-09-27,,No Transcript,0.0,0,282,0,0,0,0.0
7690035194576899341,autobrush,2026-09-27,,No Transcript,0.0,0,304,0,0,0,0.0
7690050584870669582,autobrush,2026-09-27,,No Transcript,0.0,0,270,0,0,0,0.0
7690127305896758542,autobrush,2026-09-27,,No Transcript,0.0,0,638,0,0,0,0.0
7690150470173609247,jcggshow,2026-09-27,,No Transcript,0.0,0,41,3,0,3,7.317
7690228541253782814,ginafoundit,2026-09-27,,No Transcript,0.0,0,409,4,0,4,0.978
7690243804598668575,loriyoung814,2026-09-27,,No Transcript,0.0,0,839,2,0,2,0.238
7690245879357295903,officialmikemademebuyit,2026-09-27,,No Transcript,0.0,0,351,0,0,0,0.0
7690272437560167711,erikadesenard,2026-09-27,"Encontré tu solución, ya no tienes que durar 2",Bold Claim / Benefit,0.0,0,2490,10,1,11,0.442
7690320882203413790,officialcodyferrell,2026-09-27,,No Transcript,0.0,0,933,3,2,5,0.536
7690333043407490335,busymombrittany8,2026-09-27,,No Transcript,0.0,0,601,3,0,3,0.499
7690333433406557470,busymombrittany8,2026-09-27,,No Transcript,0.0,0,580,2,0,2,0.345
7690347360601378062,latoxicasoaps,2026-09-27,Tienes bebés pequeños en tu casa y se te,Question,0.0,0,1279,140,3,143,11.181
7690354215859866893,msellie.brand,2026-09-27,,No Transcript,0.0,0,635,4,0,4,0.63
7690360578287635726,autobrush,2026-09-27,,No Transcript,0.0,0,283,0,0,0,0.0
7690368094409182495,drtt.lifestyle,2026-09-27,"If your toothbrush isn't moving like this, your teeth",Shock / Warning / Pattern Interrupt,0.0,0,1363,2,3,5,0.367
7690380322541686046,jcggshow,2026-09-28,,No Transcript,0.0,0,295,2,0,2,0.678
7690388176229256461,autobrush,2026-09-28,,No Transcript,0.0,0,5,0,0,0,0.0
7690391151936933134,a1dealzz1,2026-09-28,,No Transcript,0.0,0,15,0,0,0,0.0
7690399939817377054,busymombrittany8,2026-09-28,,No Transcript,0.0,0,637,3,1,4,0.628
7690403588568386830,autobrush,2026-09-28,,No Transcript,0.0,0,6,0,0,0,0.0
7690426866221485343,jcggshow,2026-09-28,,No Transcript,0.0,0,286,5,0,5,1.748
7690443123943574814,sheltonbogarage,2026-09-28,CHECK IT OUT. DO YOU WANT A NEW AGE,Question,0.0,0,1275,1,0,1,0.078
7690443904591613197,lid97192,2026-09-28,,No Transcript,0.0,0,1,0,0,0,0.0
7690445661577202975,erismar.shop,2026-09-28,,No Transcript,0.0,0,245,3,0,3,1.224
7690495519273127181,autobrush,2026-09-28,,No Transcript,0.0,0,299,0,0,0,0.0
7690510605165415694,autobrush,2026-09-28,,No Transcript,0.0,0,294,0,0,0,0.0
7690514175503699230,busymombrittany8,2026-09-28,,No Transcript,0.0,0,957,3,2,5,0.522
7690551806497279262,elvasco2027,2026-09-28,,No Transcript,0.0,0,744,1,0,1,0.134
7690553514132573471,shopwithleslie03,2026-09-28,,No Transcript,0.0,0,764,9,0,9,1.178
7690593285353524510,monica_leanne,2026-09-28,,No Transcript,0.0,0,828,2,0,2,0.242
7690626271163731230,jcggshow,2026-09-28,,No Transcript,0.0,0,33,2,2,4,12.121
7690636797331770654,jcggshow,2026-09-28,,No Transcript,0.0,0,41,4,3,7,17.073
7690641168979283230,jappers13,2026-09-28,,No Transcript,0.0,0,726,2,0,2,0.275
7690644524225350942,emilyfrank1,2026-09-28,,No Transcript,0.0,0,283,1,0,1,0.353
7690674787638627615,jappers13,2026-09-29,,No Transcript,0.0,0,747,5,0,5,0.669
7690686488895327519,hrmarciano,2026-09-28,,No Transcript,0.0,0,632,3,5,8,1.266
7690708651404807454,hrmarciano,2026-09-28,,No Transcript,0.0,0,851,0,0,0,0.0
7690723689494629662,erikadesenard,2026-09-28,,No Transcript,0.0,0,478,4,2,6,1.255
7690756958055370015,suite.petite,2026-09-29,,No Transcript,0.0,0,48,2,0,2,4.167
7690760628453117198,reneesdealz,2026-09-29,,No Transcript,0.0,0,338,0,0,0,0.0
7690762378044034318,reneesdealz,2026-09-29,,No Transcript,0.0,0,423,2,1,3,0.709
7690792797858843918,autobrush,2026-09-29,,No Transcript,0.0,0,435,0,0,0,0.0
7690811891504958733,autobrush,2026-09-29,,No Transcript,0.0,0,122,0,0,0,0.0
7690854382404963598,autobrush,2026-09-29,,No Transcript,0.0,0,279,0,0,0,0.0
7690871732864879886,autobrush,2026-09-29,,No Transcript,0.0,0,266,0,0,0,0.0
7690947706990251277,msellie.brand,2026-09-29,,No Transcript,0.0,0,632,5,2,7,1.108
7690966143451827470,tessmarie.01,2026-09-29,,No Transcript,0.0,0,126,6,1,7,5.556
7690987484888534303,elvasco2027,2026-09-29,,No Transcript,0.0,0,777,3,0,3,0.386
7691008082129849630,alyssastreet,2026-09-29,,No Transcript,0.0,0,400,1,2,3,0.75
7691053142179319070,thatmidlifeglow,2026-09-29,,No Transcript,0.0,0,41,4,0,4,9.756
7691066734303907102,upgrade.edit,2026-09-29,,No Transcript,0.0,0,45,0,0,0,0.0
7691067715779333407,upgrade.edit,2026-09-30,,No Transcript,0.0,0,266,3,0,3,1.128
7691068378177359134,upgrade.edit,2026-09-30,,No Transcript,0.0,0,35,1,0,1,2.857
7691070475962813727,upgrade.edit,2026-09-30,,No Transcript,0.0,0,31,1,0,1,3.226
7691071055154269453,shopalerts,2026-09-29,,No Transcript,0.0,0,88,0,0,0,0.0
7691071534617627934,upgrade.edit,2026-09-30,,No Transcript,0.0,0,73,1,0,1,1.37
7691122859397139725,ashley_hinton,2026-09-30,,No Transcript,0.0,0,24,0,0,0,0.0
7691132265874705694,chelsearhane,2026-09-30,,No Transcript,0.0,0,7,0,0,0,0.0
7691134392764402975,chelsearhane,2026-09-30,,No Transcript,0.0,0,8,0,0,0,0.0
7691134653683469599,chelsearhane,2026-09-30,,No Transcript,0.0,0,15,0,0,0,0.0
7691134724236004639,chelsearhane,2026-09-30,,No Transcript,0.0,0,62,0,0,0,0.0
7691134745031347486,chelsearhane,2026-09-30,,No Transcript,0.0,0,24,0,0,0,0.0
7691134767827356958,chelsearhane,2026-09-30,,No Transcript,0.0,0,30,0,0,0,0.0
7691134784231230750,chelsearhane,2026-09-30,,No Transcript,0.0,0,7,0,0,0,0.0
7691138030643563806,chelsearhane,2026-09-30,,No Transcript,0.0,0,63,0,0,0,0.0
7691138371753725215,chelsearhane,2026-09-30,,No Transcript,0.0,0,38,0,0,0,0.0
7691141323453205773,autobrush,2026-09-30,,No Transcript,0.0,0,253,0,0,0,0.0
7691148144037367070,ginafoundit,2026-09-30,,No Transcript,0.0,0,118,4,0,4,3.39
7691148760444882190,autobrush,2026-09-30,,No Transcript,0.0,0,286,0,0,0,0.0
7691161627005029645,mags.isa,2026-09-30,,No Transcript,0.0,0,304,2,0,2,0.658
7691163475296455966,esmat_bk,2026-09-30,,No Transcript,0.0,0,822,49,2,51,6.204
7691163785909849358,autobrush,2026-09-30,,No Transcript,0.0,0,5,0,0,0,0.0
7691165943828925726,drtt.lifestyle,2026-09-30,,No Transcript,0.0,0,660,1,0,1,0.152
7691335152047328526,cowboykisses7,2026-09-30,,No Transcript,0.0,0,133,20,3,23,17.293
7691338754354728206,cowboykisses7,2026-10-01,,No Transcript,0.0,0,321,22,6,28,8.723
7691342114919058701,cowboykisses7,2026-10-01,,No Transcript,0.0,0,134,20,9,29,21.642
7691344296540179725,protipvault,2026-09-30,"Alright toppers, let's see how clean we can get",Demo / Product Intro,0.0,0,1029,3,0,3,0.292
7691345032560856334,cowboykisses7,2026-10-03,,No Transcript,0.0,0,58,11,4,15,25.862
7691346884983672077,debbiedoesdeals7,2026-09-30,,No Transcript,0.0,0,79,9,5,14,17.722
7691359097920277791,loriyoung814,2026-09-30,,No Transcript,0.0,0,512,1,0,1,0.195
7691361266497080589,miranda_2566,2026-09-30,,No Transcript,0.0,0,955,3,0,3,0.314
7691361873349905678,partywiththeprathers,2026-09-30,,No Transcript,0.0,0,200,9,0,9,4.5
7691367268122397966,ashley_hinton,2026-09-30,,No Transcript,0.0,0,954,5,0,5,0.524
7691370764863425806,heypriiincesss,2026-09-30,,No Transcript,0.0,0,278,1,0,1,0.36
7691371826118774047,perfectglowbytalia,2026-09-30,,No Transcript,0.0,0,669,4,0,4,0.598
7691372928079809822,perfectglowbytalia,2026-09-30,,No Transcript,0.0,0,578,4,0,4,0.692
7691414225905782046,elvasco2027,2026-09-30,,No Transcript,0.0,0,750,0,0,0,0.0
7691441880587947294,drtt.lifestyle,2026-09-30,,No Transcript,0.0,0,748,1,0,1,0.134
7691445741507726623,drtt.lifestyle,2026-09-30,,No Transcript,0.0,0,751,1,0,1,0.133
7691456307534105870,tiktokty321,2026-09-30,,No Transcript,0.0,0,504,4,0,4,0.794
7691465431130885389,ashley_hinton,2026-09-30,,No Transcript,0.0,0,1201,8,0,8,0.666
7691508941636865293,autobrush,2026-10-01,,No Transcript,0.0,0,271,0,0,0,0.0
7691557700395601183,officialcodyferrell,2026-10-01,,No Transcript,0.0,0,353,0,0,0,0.0
7691565743082671374,anothermommas2cents,2026-10-01,,No Transcript,0.0,0,575,8,1,9,1.565
7691587663354203422,thericoncitoshop,2026-10-01,,No Transcript,0.0,0,18,0,0,0,0.0
7691659512020749599,elvasco2027,2026-10-01,,No Transcript,0.0,0,281,0,0,0,0.0
7691751199405608223,intentionallivingmomma,2026-10-01,autobrush autobrush autobrush autobrush autobrush You've been brushing your,Other / No Clear Hook,0.0,0,1070,3,2,5,0.467
7691778516312018190,_allthingstori,2026-10-01,No more meltdowns the nightly teeth brushing meltdowns was,Problem / Pain Point,0.0,0,1433,8,0,8,0.558
7691784926072409358,shopalerts,2026-10-01,,No Transcript,0.0,0,25,0,0,0,0.0
7691795431474416910,siacreatesit,2026-10-01,,No Transcript,0.0,0,158,3,0,3,1.899
7691802307431910670,chemicalcleanedmeme,2026-10-01,,No Transcript,0.0,0,39,0,0,0,0.0
7691873716132777247,thecontentfactor,2026-10-02,,No Transcript,0.0,0,265,5,2,7,2.642
7691880659643649293,autobrush,2026-10-02,,No Transcript,0.0,0,265,0,0,0,0.0
7691897319792463134,timelesswithtiffany,2026-10-02,,No Transcript,0.0,0,467,3,0,3,0.642
7691903192623353101,whoslex381,2026-10-02,,No Transcript,0.0,0,518,1,2,3,0.579
7691912343122414862,shopalerts,2026-10-02,,No Transcript,0.0,0,26,1,0,1,3.846
7691914229590379806,staciaboi,2026-10-02,,No Transcript,0.0,0,350,6,4,10,2.857
7691926582088191246,whoslex381,2026-10-02,,No Transcript,0.0,0,475,2,0,2,0.421
7691934163548540191,officialcodyferrell,2026-10-02,,No Transcript,0.0,0,203,7,5,12,5.911
7692029969219849485,autobrush,2026-10-02,,No Transcript,0.0,0,316,0,0,0,0.0
7692033830357568799,elvasco2027,2026-10-02,,No Transcript,0.0,0,725,2,0,2,0.276
7692161595845184799,getfitwithnona,2026-10-02,,No Transcript,0.0,0,34,13,11,24,70.588
7692191924996017422,austinfendler,2026-10-02,,No Transcript,0.0,0,805,19,4,23,2.857
7692192417432358174,definitelyjustkevin,2026-10-02,"Parents, youre welcome. This is called the autobrush and",Direct Audience Call-Out,0.0,0,1400,4,2,6,0.429
7692241194683763982,autobrush,2026-10-03,,No Transcript,0.0,0,0,0,0,0,0
7692252869520674061,ashley_hinton,2026-10-03,Can you see the difference in these? These U-brushes,Question,0.0,0,1177,0,0,0,0.0
7692273283131133197,pocketjules_,2026-10-03,This is the auto brush. Saving my new smile.,Social Proof / Testimonial,0.0,0,3170,3,0,3,0.095
7692386918931156254,catchinupwithtammy,2026-10-03,,No Transcript,0.0,0,352,1,0,1,0.284
7692390889653570830,mrs.sammarie,2026-10-03,"If ""go brush your teeth"" starts a fight... watch",Direct Audience Call-Out,0.0,0,1133,0,0,0,0.0
7692420452148383007,perfectglowbytalia,2026-10-03,,No Transcript,0.0,0,130,4,0,4,3.077
7692464512129092895,marladaye,2026-10-03,,No Transcript,0.0,0,348,5,1,6,1.724
7692470642586799390,ginafoundit,2026-10-03,,No Transcript,0.0,0,768,3,0,3,0.391
7692476331233152287,perfectglowbytalia,2026-10-03,,No Transcript,0.0,0,99,3,0,3,3.03
7692477319520308510,alexajackson111,2026-10-03,,No Transcript,0.0,0,421,15,2,17,4.038
7692482431395319054,stacy.heil,2026-10-03,,No Transcript,0.0,0,355,1,0,1,0.282
7692508627738955039,armstrongfam6,2026-10-03,We love brushing our teeth now!,Social Proof / Testimonial,0.0,0,1008,11,4,15,1.488
7692513707498245406,chelsearhane,2026-10-03,,No Transcript,0.0,0,64,0,0,0,0.0
7692542404385148174,whoslex381,2026-10-03,,No Transcript,0.0,0,285,3,0,3,1.053
7692554891092430093,sandrorussor,2026-10-04,,No Transcript,0.0,0,17,0,0,0,0.0
7692555516052016397,makaylab2250,2026-10-03,,No Transcript,0.0,0,37,1,1,2,5.405
7692623092690029854,officialcodyferrell,2026-10-04,,No Transcript,0.0,0,313,4,4,8,2.556
7692626900027641118,shreyabista,2026-10-04,,No Transcript,0.0,0,311,2,0,2,0.643
7692630686469049631,suite.petite,2026-10-04,,No Transcript,0.0,0,60,7,0,7,11.667
7692677137219800333,autobrush,2026-10-04,,No Transcript,0.0,0,1,0,0,0,0.0
7692689194665217311,alexcozys,2026-10-04,,No Transcript,0.0,0,28,3,0,3,10.714
7692707218973609247,staciaboi,2026-10-04,,No Transcript,0.0,0,402,6,0,6,1.493
7692708456146554142,staciaboi,2026-10-04,,No Transcript,0.0,0,338,4,1,5,1.479
7692727569422093599,staciaboi,2026-10-04,,No Transcript,0.0,0,410,5,2,7,1.707
7692802355535924494,autobrush,2026-10-04,,No Transcript,0.0,0,286,0,0,0,0.0
7692839705217355038,uptownglamgirl,2026-10-04,,No Transcript,0.0,0,114,0,0,0,0.0
7692846264332913934,autobrush,2026-10-04,,No Transcript,0.0,0,276,0,0,0,0.0
7692846267285736717,autobrush,2026-10-04,,No Transcript,0.0,0,273,0,0,0,0.0
7692857245293481247,shanemar20,2026-10-04,,No Transcript,0.0,0,233,1,0,1,0.429
7692879776465292575,officialcodyferrell,2026-10-04,,No Transcript,0.0,0,49,3,0,3,6.122
7692895456333925646,cowboykisses7,2026-10-04,,No Transcript,0.0,0,50,0,0,0,0.0
7692908189976661279,unboxedtts,2026-10-04,,No Transcript,0.0,0,325,0,0,0,0.0
7692920057294277902,ry_knows,2026-10-04,,No Transcript,0.0,0,141,0,0,0,0.0
7692953542260264205,cowboykisses7,2026-10-04,,No Transcript,0.0,0,47,0,0,0,0.0
7692964826649218335,lucerodavila0,2026-10-04,,No Transcript,0.0,0,35,5,0,5,14.286
7692997216633425182,thecontentfactor,2026-10-05,,No Transcript,0.0,0,19,3,0,3,15.789
7693000799542152461,shopwithmadisonrn,2026-10-05,,No Transcript,0.0,0,47,9,1,10,21.277
7693002012916501791,thecontentfactor,2026-10-05,,No Transcript,0.0,0,6,0,0,0,0.0
7693002134236761358,autobrush,2026-10-05,,No Transcript,0.0,0,1,0,0,0,0.0
7693002177643695374,autobrush,2026-10-05,,No Transcript,0.0,0,1,0,0,0,0.0
7693002368333516045,shopwithmadisonrn,2026-10-05,,No Transcript,0.0,0,322,9,2,11,3.416
7693002923550215454,hiddensteals,2026-10-05,,No Transcript,0.0,0,151,4,0,4,2.649
7693024821789117710,whoslex381,2026-10-05,,No Transcript,0.0,0,7,0,0,0,0.0
7693028362771615006,joelstiktokshop,2026-10-05,,No Transcript,0.0,0,385,8,0,8,2.078
7693240383479876894,chelsearhane,2026-10-05,,No Transcript,0.0,0,0,0,0,0,0
